1,"02/04/20, 09:07",roll_z_0_1roll_y_0_1roll_y_0_7pitch_y_0_4roll_z_0_4pitch_y_0_1,"[True, True, True, True]","[1.655, 1.692, 2.477, 2.661]",True,2.12,0.163,0.011
2,"02/04/20, 09:07",roll_z_0_1pitch_y_0_4pitch_z_0_4pitch_y_0_4roll_x_0_1pris_z_0_1,"[False, False, False, False]","[-1, -1, -1, -1]",False,-1,-1,-1
3,"02/04/20, 09:08",roll_z_0_1roll_y_0_4pris_y_0_4roll_x_0_4pitch_y_0_1pitch_x_0_4,"[False, False, False, False]","[-1, -1, -1, -1]",False,-1,-1,-1
4,"02/04/20, 09:08",roll_z_0_1roll_y_0_7roll_y_0_1roll_y_0_1pris_y_0_7pitch_y_0_1,"[False, False, False, False]","[-1, -1, -1, -1]",False,-1,-1,-1
5,"02/04/20, 09:08",roll_z_0_1pitch_y_0_7pitch_z_0_1pitch_z_0_7pris_x_0_7roll_z_0_7,"[False, False, False, False]","[-1, -1, -1, -1]",False,-1,-1,-1
6,"02/04/20, 09:08",roll_z_0_1pris_y_0_4pitch_y_0_4pris_x_0_4pitch_x_0_7roll_x_0_4,"[False, False, False, False]","[-1, -1, -1, -1]",False,-1,-1,-1
7,"02/04/20, 09:08",roll_z_0_1pris_z_0_4roll_y_0_4pris_z_0_1roll_y_0_1pitch_y_0_7,"[False, False, False, False]","[-1, -1, -1, -1]",False,-1,-1,-1
8,"02/04/20, 09:08",roll_z_0_1pitch_y_0_7pitch_z_0_1pitch_z_0_1pitch_z_0_7pris_x_0_1,"[False, False, False, False]","[-1, -1, -1, -1]",False,-1,-1,-1
9,"02/04/20, 09:09",roll_z_0_1roll_y_0_1pitch_y_0_7pitch_y_0_1pris_x_0_4roll_x_0_1,"[False, False, False, False]","[-1, -1, -1, -1]",False,-1,-1,-1
10,"02/04/20, 09:09",roll_z_0_1pris_y_0_1pitch_x_0_1pitch_x_0_7roll_z_0_7roll_y_0_1,"[False, False, False, False]","[-1, -1, -1, -1]",False,-1,-1,-1
11,"02/04/20, 09:09",roll_z_0_1pris_y_0_4roll_z_0_7roll_y_0_7pris_y_0_4pitch_x_0_4,"[False, False, False, False]","[-1, -1, -1, -1]",False,-1,-1,-1
12,"02/04/20, 09:09",roll_z_0_1pris_y_0_4roll_z_0_1roll_y_0_4pris_z_0_4pris_y_0_4,"[False, False, False, False]","[-1, -1, -1, -1]",False,-1,-1,-1
13,"02/04/20, 09:09",roll_z_0_1pitch_y_0_4roll_z_0_4pris_y_0_7roll_y_0_4pitch_y_0_7,"[False, False, False, False]","[-1, -1, -1, -1]",False,-1,-1,-1
14,"02/04/20, 09:10",roll_z_0_1pitch_y_0_4pitch_x_0_1pris_x_0_4pitch_y_0_4pris_x_0_7,"[False, False, False, False]","[-1, -1, -1, -1]",False,-1,-1,-1
15,"02/04/20, 09:10",roll_z_0_1pris_z_0_1roll_y_0_1pris_y_0_4roll_y_0_7pitch_y_0_1,"[False, False, False, False]","[-1, -1, -1, -1]",False,-1,-1,-1
16,"02/04/20, 09:10",roll_z_0_1pitch_y_0_7pitch_y_0_4pitch_x_0_7pris_x_0_7pris_x_0_4,"[False, False, False, False]","[-1, -1, -1, -1]",False,-1,-1,-1
17,"02/04/20, 09:10",roll_z_0_1pitch_y_0_7pitch_z_0_7pris_z_0_4pitch_x_0_1pitch_z_0_1,"[False, False, False, False]","[-1, -1, -1, -1]",False,-1,-1,-1
18,"02/04/20, 09:11",roll_z_0_1pitch_y_0_1pitch_y_0_7pitch_x_0_1pitch_z_0_7pitch_y_0_4,"[False, True, False, False]","[-1, -1, -1, -1]",False,-1,-1,-1
19,"02/04/20, 09:11",roll_z_0_1pris_y_0_7pitch_z_0_4pris_x_0_4pris_y_0_7pitch_y_0_4,"[False, False, False, False]","[-1, -1, -1, -1]",False,-1,-1,-1
20,"02/04/20, 09:11",roll_z_0_1roll_y_0_1pris_y_0_4pris_y_0_4pitch_x_0_4roll_y_0_4,"[False, False, False, False]","[-1, -1, -1, -1]",False,-1,-1,-1
21,"02/04/20, 09:11",roll_z_0_1roll_y_0_1pitch_y_0_7pitch_z_0_7pris_y_0_7pitch_y_0_1,"[False, False, False, False]","[-1, -1, -1, -1]",False,-1,-1,-1
22,"02/04/20, 09:11",roll_z_0_1pitch_y_0_4pris_y_0_7pris_y_0_1pitch_x_0_1pris_x_0_4,"[False, False, False, False]","[-1, -1, -1, -1]",False,-1,-1,-1
23,"02/04/20, 09:11",roll_z_0_1pitch_y_0_1pitch_z_0_4roll_x_0_1pitch_y_0_4pitch_y_0_4,"[True, True, False, False]","[-1, -1, -1, -1]",False,-1,-1,-1
24,"02/04/20, 09:12",roll_z_0_1pris_y_0_1roll_y_0_1roll_y_0_4pris_y_0_7pris_y_0_1,"[False, False, False, False]","[-1, -1, -1, -1]",False,-1,-1,-1
25,"02/04/20, 09:12",roll_z_0_1pitch_y_0_4pitch_y_0_7pris_x_0_4roll_y_0_4pitch_y_0_7,"[False, False, False, False]","[-1, -1, -1, -1]",False,-1,-1,-1
26,"02/04/20, 09:12",roll_z_0_1pitch_y_0_7pitch_y_0_7pitch_z_0_7pris_y_0_4pitch_x_0_4,"[False, False, False, False]","[-1, -1, -1, -1]",False,-1,-1,-1
27,"02/04/20, 09:12",roll_z_0_1pris_y_0_7pitch_x_0_7pitch_x_0_7pris_z_0_7pitch_z_0_4,"[False, False, False, False]","[-1, -1, -1, -1]",False,-1,-1,-1
28,"02/04/20, 09:13",roll_z_0_1pitch_y_0_1roll_z_0_4pitch_y_0_1pitch_y_0_7pris_x_0_4,"[False, False, False, False]","[-1, -1, -1, -1]",False,-1,-1,-1
29,"02/04/20, 09:13",roll_z_0_1pris_y_0_4roll_y_0_4pitch_y_0_1roll_y_0_4roll_y_0_4,"[False, False, False, False]","[-1, -1, -1, -1]",False,-1,-1,-1
30,"02/04/20, 09:13",roll_z_0_1pitch_y_0_1pitch_y_0_1pris_x_0_7pitch_z_0_4pris_y_0_1,"[False, False, False, False]","[-1, -1, -1, -1]",False,-1,-1,-1
31,"02/04/20, 09:13",roll_z_0_1pitch_y_0_7pris_z_0_7pris_x_0_1pitch_y_0_4pris_x_0_7,"[False, False, False, False]","[-1, -1, -1, -1]",False,-1,-1,-1
32,"02/04/20, 09:13",roll_z_0_1pris_y_0_7pitch_z_0_7pitch_x_0_7pitch_y_0_7pitch_x_0_4,"[False, False, True, False]","[-1, -1, -1, -1]",False,-1,-1,-1
33,"02/04/20, 09:14",roll_z_0_1pris_y_0_7pitch_y_0_1pris_x_0_7pitch_z_0_7pris_x_0_7,"[False, False, False, False]","[-1, -1, -1, -1]",False,-1,-1,-1
34,"02/04/20, 09:14",roll_z_0_1pitch_y_0_4pitch_y_0_7pris_z_0_7pitch_y_0_4pris_z_0_1,"[False, False, False, False]","[-1, -1, -1, -1]",False,-1,-1,-1
35,"02/04/20, 09:14",roll_z_0_1pitch_y_0_1pitch_y_0_4pitch_x_0_4pitch_y_0_4pris_y_0_1,"[False, False, False, True]","[-1, -1, -1, -1]",False,-1,-1,-1
36,"02/04/20, 09:14",roll_z_0_1roll_y_0_4pitch_y_0_7pitch_x_0_7pitch_x_0_7pris_x_0_7,"[False, False, False, False]","[-1, -1, -1, -1]",False,-1,-1,-1
37,"02/04/20, 09:14",roll_z_0_1pitch_y_0_7pitch_y_0_7pitch_y_0_4roll_y_0_1pris_y_0_7,"[False, False, True, False]","[-1, -1, -1, -1]",False,-1,-1,-1
38,"02/04/20, 09:15",roll_z_0_1pitch_y_0_7pitch_z_0_4pris_z_0_4pitch_y_0_4pitch_y_0_4,"[False, False, False, False]","[-1, -1, -1, -1]",False,-1,-1,-1
39,"02/04/20, 09:15",roll_z_0_1pitch_y_0_1pris_y_0_7pitch_y_0_1pitch_y_0_7pris_z_0_7,"[False, False, False, False]","[-1, -1, -1, -1]",False,-1,-1,-1
40,"02/04/20, 09:15",roll_z_0_1pris_y_0_1roll_y_0_1pris_z_0_7pitch_y_0_1pitch_y_0_4,"[False, False, False, False]","[-1, -1, -1, -1]",False,-1,-1,-1
41,"02/04/20, 09:15",roll_z_0_1pris_y_0_1roll_z_0_7roll_y_0_4pris_y_0_1roll_y_0_4,"[False, False, False, False]","[-1, -1, -1, -1]",False,-1,-1,-1
42,"02/04/20, 09:15",roll_z_0_1roll_y_0_4pris_y_0_7pitch_y_0_7pris_y_0_7roll_y_0_7,"[False, False, False, False]","[-1, -1, -1, -1]",False,-1,-1,-1
43,"02/04/20, 09:16",roll_z_0_1pitch_y_0_1pitch_z_0_1pitch_z_0_1pitch_z_0_4roll_x_0_7,"[True, True, True, False]","[-1, -1, -1, -1]",False,-1,-1,-1
44,"02/04/20, 09:16",roll_z_0_1roll_y_0_7pris_y_0_7pitch_y_0_7pris_z_0_1pris_x_0_1,"[False, False, False, False]","[-1, -1, -1, -1]",False,-1,-1,-1
45,"02/04/20, 09:16",roll_z_0_1pitch_y_0_4pitch_y_0_4pris_y_0_4roll_y_0_7pris_z_0_1,"[False, False, False, False]","[-1, -1, -1, -1]",False,-1,-1,-1
46,"02/04/20, 09:16",roll_z_0_1pitch_y_0_4roll_y_0_4pris_z_0_4pris_y_0_7roll_y_0_4,"[False, False, False, False]","[-1, -1, -1, -1]",False,-1,-1,-1
47,"02/04/20, 09:16",roll_z_0_1pitch_y_0_4pris_z_0_7pitch_x_0_4pitch_z_0_4pitch_z_0_7,"[False, False, False, False]","[-1, -1, -1, -1]",False,-1,-1,-1
48,"02/04/20, 09:17",roll_z_0_1pris_z_0_4pitch_y_0_4pris_z_0_1pitch_y_0_1pitch_x_0_1,"[False, False, False, False]","[-1, -1, -1, -1]",False,-1,-1,-1
49,"02/04/20, 09:17",roll_z_0_1pitch_y_0_1pris_y_0_4pitch_y_0_4roll_x_0_1pitch_y_0_7,"[False, False, False, False]","[-1, -1, -1, -1]",False,-1,-1,-1
50,"02/04/20, 09:17",roll_z_0_1pris_z_0_4roll_y_0_7pitch_y_0_7pitch_y_0_1pitch_x_0_7,"[False, False, False, False]","[-1, -1, -1, -1]",False,-1,-1,-1
51,"02/04/20, 09:17",roll_z_0_1pitch_y_0_1pris_z_0_4pitch_y_0_4roll_x_0_1pitch_y_0_1,"[False, False, False, False]","[-1, -1, -1, -1]",False,-1,-1,-1
52,"02/04/20, 09:18",roll_z_0_1pris_z_0_1pitch_y_0_7pitch_y_0_1pitch_x_0_1pitch_y_0_7,"[False, False, False, False]","[-1, -1, -1, -1]",False,-1,-1,-1
53,"02/04/20, 09:18",roll_z_0_1pris_z_0_4pitch_y_0_4pitch_y_0_4pris_y_0_7pris_y_0_1,"[False, False, False, False]","[-1, -1, -1, -1]",False,-1,-1,-1
54,"02/04/20, 09:18",roll_z_0_1pris_y_0_1pitch_z_0_1pitch_x_0_4pitch_z_0_1pitch_x_0_4,"[False, False, False, False]","[-1, -1, -1, -1]",False,-1,-1,-1
55,"02/04/20, 09:18",roll_z_0_1pris_z_0_1pris_y_0_7pitch_x_0_1roll_y_0_7pris_y_0_1,"[False, False, False, False]","[-1, -1, -1, -1]",False,-1,-1,-1
56,"02/04/20, 09:18",roll_z_0_1pris_y_0_4pris_x_0_7pitch_x_0_1pitch_x_0_1pitch_z_0_1,"[False, False, False, False]","[-1, -1, -1, -1]",False,-1,-1,-1
57,"02/04/20, 09:19",roll_z_0_1pris_y_0_4pitch_x_0_1pris_z_0_4pris_y_0_1pitch_z_0_1,"[False, False, False, False]","[-1, -1, -1, -1]",False,-1,-1,-1
58,"02/04/20, 09:19",roll_z_0_1pris_z_0_7pitch_y_0_7pris_y_0_7roll_x_0_1roll_y_0_7,"[False, False, False, False]","[-1, -1, -1, -1]",False,-1,-1,-1
59,"02/04/20, 09:19",roll_z_0_1pitch_y_0_4roll_x_0_4pris_y_0_7pitch_y_0_7pitch_x_0_7,"[False, False, False, False]","[-1, -1, -1, -1]",False,-1,-1,-1
60,"02/04/20, 09:19",roll_z_0_1roll_y_0_1pris_y_0_7pris_y_0_7pris_x_0_4roll_x_0_1,"[False, False, False, False]","[-1, -1, -1, -1]",False,-1,-1,-1
61,"02/04/20, 09:19",roll_z_0_1pitch_y_0_4pris_z_0_7pris_y_0_7roll_x_0_7pitch_y_0_7,"[False, False, False, False]","[-1, -1, -1, -1]",False,-1,-1,-1
62,"02/04/20, 09:20",roll_z_0_1pitch_y_0_1pitch_y_0_7pitch_y_0_1pris_z_0_4roll_x_0_4,"[False, False, False, False]","[-1, -1, -1, -1]",False,-1,-1,-1
63,"02/04/20, 09:20",roll_z_0_1pitch_y_0_7pris_z_0_4pitch_z_0_4pris_y_0_7pitch_y_0_7,"[False, False, False, False]","[-1, -1, -1, -1]",False,-1,-1,-1
64,"02/04/20, 09:20",roll_z_0_1pitch_y_0_7pris_y_0_4pris_y_0_7pris_x_0_7roll_x_0_7,"[False, False, False, False]","[-1, -1, -1, -1]",False,-1,-1,-1
65,"02/04/20, 09:20",roll_z_0_1pitch_y_0_4roll_z_0_4pris_y_0_7pris_y_0_7pitch_z_0_4,"[False, False, False, False]","[-1, -1, -1, -1]",False,-1,-1,-1
66,"02/04/20, 09:20",roll_z_0_1pitch_y_0_1pitch_y_0_1pris_x_0_1pitch_z_0_7roll_z_0_7,"[False, False, False, False]","[-1, -1, -1, -1]",False,-1,-1,-1
67,"02/04/20, 09:21",roll_z_0_1pris_y_0_7pitch_y_0_7pitch_y_0_1pitch_x_0_1pitch_z_0_7,"[False, False, False, False]","[-1, -1, -1, -1]",False,-1,-1,-1
68,"02/04/20, 09:21",roll_z_0_1pitch_y_0_4pitch_z_0_1pitch_x_0_1pitch_x_0_4pitch_y_0_7,"[True, True, True, True]","[3.721, 2.093, 2.907, 2.878]",True,2.9,0.189,0.004
69,"02/04/20, 09:21",roll_z_0_1pitch_y_0_4pris_x_0_4roll_x_0_1pris_y_0_1roll_x_0_1,"[False, False, False, False]","[-1, -1, -1, -1]",False,-1,-1,-1
70,"02/04/20, 09:21",roll_z_0_1pitch_y_0_7pitch_z_0_7pris_x_0_1pris_x_0_1roll_z_0_7,"[False, False, False, False]","[-1, -1, -1, -1]",False,-1,-1,-1
71,"02/04/20, 09:21",roll_z_0_1pris_y_0_4pitch_x_0_7pris_z_0_4roll_z_0_7roll_y_0_7,"[False, False, False, False]","[-1, -1, -1, -1]",False,-1,-1,-1
72,"02/04/20, 09:22",roll_z_0_1pris_y_0_4roll_y_0_7roll_y_0_4pris_z_0_4pris_y_0_4,"[False, False, False, False]","[-1, -1, -1, -1]",False,-1,-1,-1
73,"02/04/20, 09:22",roll_z_0_1pris_y_0_4pitch_y_0_7pitch_x_0_1pitch_x_0_1pitch_y_0_1,"[False, True, False, False]","[-1, -1, -1, -1]",False,-1,-1,-1
74,"02/04/20, 09:22",roll_z_0_1pris_y_0_4pitch_y_0_4pris_z_0_4pris_y_0_4roll_z_0_1,"[False, False, False, False]","[-1, -1, -1, -1]",False,-1,-1,-1
75,"02/04/20, 09:22",roll_z_0_1pris_y_0_1pitch_x_0_4pitch_y_0_4pitch_x_0_1roll_z_0_4,"[False, False, False, False]","[-1, -1, -1, -1]",False,-1,-1,-1
76,"02/04/20, 09:22",roll_z_0_1roll_y_0_4pitch_y_0_4pitch_z_0_1roll_z_0_7pitch_y_0_1,"[True, True, True, True]","[1.656, 1.699, 2.054, 1.851]",True,1.82,0.169,0.012
77,"02/04/20, 09:23",roll_z_0_1pris_y_0_1pris_x_0_4roll_x_0_7pris_y_0_1roll_y_0_1,"[False, False, False, False]","[-1, -1, -1, -1]",False,-1,-1,-1
78,"02/04/20, 09:23",roll_z_0_1pris_z_0_4pitch_y_0_4pris_z_0_4pitch_x_0_4pitch_y_0_1,"[False, False, False, False]","[-1, -1, -1, -1]",False,-1,-1,-1
79,"02/04/20, 09:23",roll_z_0_1pris_y_0_4pris_y_0_1pitch_y_0_1roll_y_0_7pris_z_0_1,"[False, False, False, False]","[-1, -1, -1, -1]",False,-1,-1,-1
80,"02/04/20, 09:23",roll_z_0_1pitch_y_0_7pitch_x_0_4pitch_y_0_7pitch_z_0_1pitch_z_0_7,"[True, True, True, True]","[2.248, 2.249, 2.65, 2.452]",True,2.4,0.196,0.013
81,"02/04/20, 09:24",roll_z_0_1pitch_y_0_4pitch_x_0_1roll_y_0_7pitch_y_0_1pris_x_0_1,"[False, False, False, True]","[-1, -1, -1, -1]",False,-1,-1,-1
82,"02/04/20, 09:24",roll_z_0_1pitch_y_0_4pitch_y_0_1pris_x_0_1roll_x_0_4pris_y_0_4,"[False, False, False, False]","[-1, -1, -1, -1]",False,-1,-1,-1
83,"02/04/20, 09:24",roll_z_0_1pitch_y_0_7pitch_z_0_1pitch_y_0_7pitch_x_0_7roll_x_0_1,"[True, True, False, True]","[2.3, 1.837, 4.52, 2.232]",True,2.72,0.467,0.001
84,"02/04/20, 09:24",roll_z_0_1pris_y_0_1pitch_y_0_4pitch_y_0_7pitch_z_0_1pitch_x_0_1,"[False, True, False, False]","[-1, -1, -1, -1]",False,-1,-1,-1
85,"02/04/20, 09:24",roll_z_0_1pris_z_0_7pitch_y_0_4roll_x_0_7roll_y_0_4roll_y_0_1,"[False, False, False, False]","[-1, -1, -1, -1]",False,-1,-1,-1
86,"02/04/20, 09:25",roll_z_0_1pitch_y_0_4pitch_y_0_7roll_z_0_4roll_y_0_4pris_y_0_4,"[False, False, False, False]","[-1, -1, -1, -1]",False,-1,-1,-1
87,"02/04/20, 09:25",roll_z_0_1pitch_y_0_4pitch_y_0_7pitch_z_0_4pris_x_0_1roll_y_0_7,"[False, False, False, False]","[-1, -1, -1, -1]",False,-1,-1,-1
88,"02/04/20, 09:25",roll_z_0_1pitch_y_0_4roll_z_0_7roll_y_0_7pitch_y_0_1roll_z_0_7,"[True, True, True, True]","[1.593, 2.28, 2.795, 2.449]",True,2.28,0.175,0.012
89,"02/04/20, 09:25",roll_z_0_1pitch_y_0_7pitch_y_0_4pris_x_0_1pitch_y_0_7pitch_z_0_1,"[False, False, False, False]","[-1, -1, -1, -1]",False,-1,-1,-1
90,"02/04/20, 09:26",roll_z_0_1pitch_y_0_4pitch_y_0_1pris_x_0_1pitch_y_0_7pitch_x_0_1,"[False, False, False, False]","[-1, -1, -1, -1]",False,-1,-1,-1
91,"02/04/20, 09:26",roll_z_0_1roll_y_0_4pitch_y_0_4pitch_x_0_4roll_y_0_1roll_y_0_7,"[True, True, True, False]","[-1, -1, -1, -1]",False,-1,-1,-1
92,"02/04/20, 09:26",roll_z_0_1pitch_y_0_7pitch_y_0_4pris_z_0_1pitch_y_0_4roll_x_0_7,"[False, False, False, False]","[-1, -1, -1, -1]",False,-1,-1,-1
93,"02/04/20, 09:26",roll_z_0_1pitch_y_0_1pitch_y_0_7pris_y_0_7pris_y_0_7roll_z_0_4,"[False, False, False, False]","[-1, -1, -1, -1]",False,-1,-1,-1
94,"02/04/20, 09:26",roll_z_0_1pris_y_0_1pitch_y_0_4pitch_y_0_4pitch_z_0_7pris_z_0_7,"[False, False, False, False]","[-1, -1, -1, -1]",False,-1,-1,-1
95,"02/04/20, 09:27",roll_z_0_1pitch_y_0_4pitch_x_0_4pitch_z_0_7roll_z_0_7pitch_y_0_4,"[True, True, True, True]","[2.326, 2.286, 2.625, 2.696]",True,2.48,0.173,0.012
96,"02/04/20, 09:27",roll_z_0_1pitch_y_0_7pris_x_0_7pitch_x_0_7roll_x_0_7roll_y_0_1,"[False, False, False, False]","[-1, -1, -1, -1]",False,-1,-1,-1
97,"02/04/20, 09:27",roll_z_0_1pris_y_0_7pris_x_0_1pitch_x_0_7pitch_x_0_4pris_z_0_1,"[False, False, False, False]","[-1, -1, -1, -1]",False,-1,-1,-1
98,"02/04/20, 09:27",roll_z_0_1pitch_y_0_1pris_z_0_4pitch_x_0_7pitch_x_0_4roll_y_0_4,"[False, False, False, False]","[-1, -1, -1, -1]",False,-1,-1,-1
99,"02/04/20, 09:27",roll_z_0_1pitch_y_0_4roll_x_0_7roll_y_0_4pitch_y_0_4pitch_x_0_1,"[True, True, True, True]","[2.293, 2.51, 2.492, 2.711]",True,2.5,0.171,0.005
100,"02/04/20, 09:28",roll_z_0_1pris_y_0_1pitch_z_0_1pris_x_0_7pris_x_0_7pitch_z_0_7,"[False, False, False, False]","[-1, -1, -1, -1]",False,-1,-1,-1
1,"02/04/20, 09:32",roll_z_0_1pitch_y_0_1pitch_z_0_1pris_x_0_7pitch_x_0_1pitch_y_0_4,"[False, False, False, False]","[-1, -1, -1, -1]",False,-1,-1,-1
2,"02/04/20, 09:32",roll_z_0_1roll_y_0_1pitch_y_0_4pris_z_0_7pitch_y_0_4pitch_y_0_1,"[False, False, False, False]","[-1, -1, -1, -1]",False,-1,-1,-1
3,"02/04/20, 09:33",roll_z_0_1pitch_y_0_7pitch_z_0_1pris_z_0_4pitch_y_0_4pitch_y_0_4,"[False, False, False, False]","[-1, -1, -1, -1]",False,-1,-1,-1
4,"02/04/20, 09:33",roll_z_0_1pris_z_0_1pris_y_0_7pitch_y_0_1roll_y_0_7pris_y_0_1,"[False, False, False, False]","[-1, -1, -1, -1]",False,-1,-1,-1
5,"02/04/20, 09:33",roll_z_0_1pitch_y_0_4pitch_x_0_4pris_z_0_4pris_x_0_1pris_x_0_4,"[False, False, False, False]","[-1, -1, -1, -1]",False,-1,-1,-1
6,"02/04/20, 09:33",roll_z_0_1pitch_y_0_1roll_y_0_7pris_y_0_4pris_y_0_4pris_x_0_4,"[False, False, False, False]","[-1, -1, -1, -1]",False,-1,-1,-1
7,"02/04/20, 09:33",roll_z_0_1pitch_y_0_7pitch_y_0_7pris_y_0_1pitch_x_0_1pitch_x_0_7,"[False, False, False, False]","[-1, -1, -1, -1]",False,-1,-1,-1
8,"02/04/20, 09:33",roll_z_0_1roll_y_0_7pris_y_0_4pris_y_0_4roll_x_0_1roll_y_0_7,"[False, False, False, False]","[-1, -1, -1, -1]",False,-1,-1,-1
9,"02/04/20, 09:34",roll_z_0_1pitch_y_0_4pitch_z_0_7pitch_x_0_4pitch_z_0_7roll_y_0_4,"[False, False, False, False]","[-1, -1, -1, -1]",False,-1,-1,-1
10,"02/04/20, 09:34",roll_z_0_1pitch_y_0_1pitch_y_0_4roll_x_0_7pris_y_0_1roll_y_0_4,"[False, False, False, False]","[-1, -1, -1, -1]",False,-1,-1,-1
11,"02/04/20, 09:34",roll_z_0_1roll_y_0_1pris_y_0_4pris_y_0_4pitch_z_0_4roll_y_0_4,"[False, False, False, False]","[-1, -1, -1, -1]",False,-1,-1,-1
12,"02/04/20, 09:34",roll_z_0_1roll_y_0_7pris_y_0_1pitch_y_0_1pitch_y_0_4pitch_x_0_1,"[False, False, False, False]","[-1, -1, -1, -1]",False,-1,-1,-1
13,"02/04/20, 09:34",roll_z_0_1pitch_y_0_7pitch_z_0_7pris_x_0_1pris_y_0_1roll_z_0_7,"[False, False, False, False]","[-1, -1, -1, -1]",False,-1,-1,-1
14,"02/04/20, 09:34",roll_z_0_1roll_y_0_4pris_y_0_7pitch_x_0_7roll_y_0_4roll_y_0_4,"[False, False, False, False]","[-1, -1, -1, -1]",False,-1,-1,-1
15,"02/04/20, 09:35",roll_z_0_1pris_y_0_7pris_y_0_4pris_x_0_4roll_y_0_4roll_y_0_7,"[False, False, False, False]","[-1, -1, -1, -1]",False,-1,-1,-1
16,"02/04/20, 09:35",roll_z_0_1pitch_y_0_4pris_x_0_7pris_y_0_7roll_x_0_7pitch_y_0_7,"[False, False, False, False]","[-1, -1, -1, -1]",False,-1,-1,-1
17,"02/04/20, 09:35",roll_z_0_1pris_y_0_4pitch_x_0_1pris_x_0_4pris_y_0_1pitch_z_0_1,"[False, False, False, False]","[-1, -1, -1, -1]",False,-1,-1,-1
18,"02/04/20, 09:35",roll_z_0_1pris_z_0_4roll_y_0_4roll_y_0_4roll_y_0_7pris_z_0_4,"[False, False, False, False]","[-1, -1, -1, -1]",False,-1,-1,-1
19,"02/04/20, 09:35",roll_z_0_1pitch_y_0_4pris_x_0_4roll_x_0_4pris_z_0_7pris_y_0_7,"[False, False, False, False]","[-1, -1, -1, -1]",False,-1,-1,-1
20,"02/04/20, 09:36",roll_z_0_1pitch_y_0_1roll_z_0_1pris_y_0_7pitch_z_0_4roll_y_0_7,"[False, False, False, False]","[-1, -1, -1, -1]",False,-1,-1,-1
21,"02/04/20, 09:36",roll_z_0_1pris_y_0_7pris_x_0_1pris_x_0_1pitch_x_0_7pitch_z_0_1,"[False, False, False, False]","[-1, -1, -1, -1]",False,-1,-1,-1
22,"02/04/20, 09:36",roll_z_0_1roll_y_0_1pitch_y_0_7pitch_y_0_1pris_y_0_4roll_x_0_1,"[False, False, False, False]","[-1, -1, -1, -1]",False,-1,-1,-1
23,"02/04/20, 09:36",roll_z_0_1pris_y_0_7pris_y_0_1roll_x_0_1pris_y_0_7roll_y_0_7,"[False, False, False, False]","[-1, -1, -1, -1]",False,-1,-1,-1
24,"02/04/20, 09:36",roll_z_0_1pris_y_0_7pitch_x_0_7pitch_z_0_1pitch_z_0_1roll_y_0_1,"[False, True, False, False]","[-1, -1, -1, -1]",False,-1,-1,-1
25,"02/04/20, 09:37",roll_z_0_1pris_y_0_4roll_z_0_4pitch_y_0_1pitch_y_0_4roll_z_0_1,"[False, False, False, False]","[-1, -1, -1, -1]",False,-1,-1,-1
26,"02/04/20, 09:37",roll_z_0_1pitch_y_0_4pitch_y_0_7roll_x_0_7pris_y_0_7roll_y_0_4,"[False, False, False, False]","[-1, -1, -1, -1]",False,-1,-1,-1
27,"02/04/20, 09:37",roll_z_0_1pitch_y_0_1pitch_z_0_7roll_y_0_1pitch_y_0_7roll_x_0_7,"[True, False, False, False]","[-1, -1, -1, -1]",False,-1,-1,-1
28,"02/04/20, 09:37",roll_z_0_1pris_y_0_7pitch_y_0_7pris_y_0_7roll_x_0_1roll_y_0_7,"[False, False, False, False]","[-1, -1, -1, -1]",False,-1,-1,-1
29,"02/04/20, 09:38",roll_z_0_1pitch_y_0_7pris_z_0_7pitch_z_0_7pitch_y_0_7pitch_x_0_1,"[False, False, False, False]","[-1, -1, -1, -1]",False,-1,-1,-1
30,"02/04/20, 09:38",roll_z_0_1pris_y_0_1pitch_x_0_4pitch_y_0_4pitch_x_0_1roll_y_0_1,"[False, False, False, False]","[-1, -1, -1, -1]",False,-1,-1,-1
31,"02/04/20, 09:38",roll_z_0_1pitch_y_0_4roll_z_0_7roll_y_0_7pitch_y_0_4roll_y_0_7,"[True, True, True, True]","[2.24, 2.076, 2.706, 2.704]",True,2.43,0.174,0.011
32,"02/04/20, 09:38",roll_z_0_1pris_z_0_1roll_y_0_4roll_y_0_7roll_y_0_4pitch_y_0_1,"[False, True, False, False]","[-1, -1, -1, -1]",False,-1,-1,-1
33,"02/04/20, 09:38",roll_z_0_1roll_y_0_1pris_z_0_1pris_y_0_4roll_y_0_1roll_y_0_4,"[False, False, False, False]","[-1, -1, -1, -1]",False,-1,-1,-1
34,"02/04/20, 09:39",roll_z_0_1roll_y_0_7pris_z_0_4roll_y_0_1pris_y_0_7pris_x_0_7,"[False, False, False, False]","[-1, -1, -1, -1]",False,-1,-1,-1
35,"02/04/20, 09:39",roll_z_0_1pris_y_0_4roll_z_0_7pitch_y_0_7pitch_y_0_7pitch_y_0_1,"[False, False, False, True]","[-1, -1, -1, -1]",False,-1,-1,-1
36,"02/04/20, 09:39",roll_z_0_1pitch_y_0_1pitch_y_0_7pris_z_0_7pitch_y_0_4pris_z_0_1,"[False, False, False, False]","[-1, -1, -1, -1]",False,-1,-1,-1
37,"02/04/20, 09:39",roll_z_0_1roll_y_0_7pris_y_0_7pitch_z_0_7pris_z_0_1pris_x_0_1,"[False, False, False, False]","[-1, -1, -1, -1]",False,-1,-1,-1
38,"02/04/20, 09:39",roll_z_0_1pitch_y_0_4pitch_y_0_7pitch_z_0_4pris_z_0_1roll_y_0_7,"[False, False, False, False]","[-1, -1, -1, -1]",False,-1,-1,-1
39,"02/04/20, 09:40",roll_z_0_1pris_y_0_1roll_x_0_4roll_y_0_7pris_y_0_7roll_x_0_7,"[False, False, False, False]","[-1, -1, -1, -1]",False,-1,-1,-1
40,"02/04/20, 09:40",roll_z_0_1pitch_y_0_1pitch_y_0_4pitch_z_0_1pitch_y_0_4pris_y_0_1,"[False, False, False, False]","[-1, -1, -1, -1]",False,-1,-1,-1
41,"02/04/20, 09:40",roll_z_0_1roll_y_0_4roll_y_0_7pris_y_0_7pitch_y_0_1roll_x_0_7,"[False, False, False, False]","[-1, -1, -1, -1]",False,-1,-1,-1
42,"02/04/20, 09:40",roll_z_0_1roll_y_0_4pris_y_0_4roll_x_0_4pitch_y_0_1pitch_x_0_1,"[False, False, False, False]","[-1, -1, -1, -1]",False,-1,-1,-1
43,"02/04/20, 09:40",roll_z_0_1pris_z_0_7pitch_y_0_4pris_x_0_7pris_x_0_4roll_z_0_7,"[False, False, False, False]","[-1, -1, -1, -1]",False,-1,-1,-1
44,"02/04/20, 09:41",roll_z_0_1pitch_y_0_1pitch_y_0_1pris_x_0_7pitch_y_0_1pris_y_0_1,"[False, True, False, False]","[-1, -1, -1, -1]",False,-1,-1,-1
45,"02/04/20, 09:41",roll_z_0_1pitch_y_0_1roll_y_0_7roll_y_0_1roll_y_0_1pitch_y_0_1,"[True, True, True, True]","[1.654, 1.702, 2.136, 2.359]",True,1.96,0.182,0.012
46,"02/04/20, 09:41",roll_z_0_1pris_y_0_1pris_x_0_4pitch_y_0_4pitch_x_0_1roll_z_0_1,"[False, False, False, False]","[-1, -1, -1, -1]",False,-1,-1,-1
47,"02/04/20, 09:41",roll_z_0_1pitch_y_0_4pitch_y_0_7roll_x_0_4roll_y_0_4pris_y_0_4,"[False, False, False, False]","[-1, -1, -1, -1]",False,-1,-1,-1
48,"02/04/20, 09:41",roll_z_0_1pitch_y_0_1pris_z_0_4pitch_y_0_4roll_y_0_1pitch_y_0_1,"[False, False, False, False]","[-1, -1, -1, -1]",False,-1,-1,-1
49,"02/04/20, 09:42",roll_z_0_1pris_z_0_4pris_y_0_1pitch_z_0_1pitch_y_0_7pris_z_0_1,"[False, False, False, False]","[-1, -1, -1, -1]",False,-1,-1,-1
50,"02/04/20, 09:42",roll_z_0_1pitch_y_0_7pitch_y_0_1pitch_x_0_7pris_x_0_7pris_x_0_4,"[False, False, False, False]","[-1, -1, -1, -1]",False,-1,-1,-1
51,"02/04/20, 09:42",roll_z_0_1pitch_y_0_1pitch_z_0_4pitch_y_0_4pris_y_0_4pitch_z_0_4,"[False, False, False, False]","[-1, -1, -1, -1]",False,-1,-1,-1
52,"02/04/20, 09:42",roll_z_0_1pris_y_0_4pitch_x_0_7pris_z_0_4roll_y_0_7roll_y_0_7,"[False, False, False, False]","[-1, -1, -1, -1]",False,-1,-1,-1
53,"02/04/20, 09:43",roll_z_0_1pris_y_0_1pitch_y_0_4pitch_y_0_4pitch_x_0_7pris_z_0_7,"[False, False, False, False]","[-1, -1, -1, -1]",False,-1,-1,-1
54,"02/04/20, 09:43",roll_z_0_1pitch_y_0_4roll_x_0_4pris_y_0_7roll_y_0_4pitch_y_0_7,"[False, False, False, False]","[-1, -1, -1, -1]",False,-1,-1,-1
55,"02/04/20, 09:43",roll_z_0_1pris_y_0_7pitch_x_0_7pitch_z_0_1pris_z_0_1pitch_x_0_4,"[False, False, False, False]","[-1, -1, -1, -1]",False,-1,-1,-1
56,"02/04/20, 09:43",roll_z_0_1pitch_y_0_7pitch_z_0_1pris_y_0_7pitch_y_0_7pris_x_0_1,"[False, False, False, False]","[-1, -1, -1, -1]",False,-1,-1,-1
57,"02/04/20, 09:43",roll_z_0_1pitch_y_0_7pris_x_0_7pitch_z_0_7roll_x_0_7roll_y_0_1,"[False, False, False, False]","[-1, -1, -1, -1]",False,-1,-1,-1
58,"02/04/20, 09:43",roll_z_0_1pitch_y_0_4pitch_y_0_7pitch_z_0_4pris_z_0_4pris_y_0_7,"[False, False, False, False]","[-1, -1, -1, -1]",False,-1,-1,-1
59,"02/04/20, 09:44",roll_z_0_1pitch_y_0_4pris_z_0_7pitch_x_0_4pitch_x_0_4pitch_z_0_7,"[False, False, False, False]","[-1, -1, -1, -1]",False,-1,-1,-1
60,"02/04/20, 09:44",roll_z_0_1roll_y_0_1roll_y_0_7pitch_y_0_4roll_y_0_4pitch_y_0_1,"[True, True, True, True]","[1.648, 1.636, 2.457, 2.651]",True,2.1,0.159,0.011
61,"02/04/20, 09:44",roll_z_0_1roll_y_0_7roll_y_0_7pris_z_0_7pitch_y_0_4pitch_x_0_7,"[False, False, False, False]","[-1, -1, -1, -1]",False,-1,-1,-1
62,"02/04/20, 09:44",roll_z_0_1pris_y_0_4pris_x_0_7pitch_y_0_4pitch_y_0_4roll_x_0_7,"[False, False, False, False]","[-1, -1, -1, -1]",False,-1,-1,-1
63,"02/04/20, 09:45",roll_z_0_1pitch_y_0_1pris_y_0_4pitch_x_0_4roll_x_0_1pitch_y_0_7,"[False, False, False, False]","[-1, -1, -1, -1]",False,-1,-1,-1
64,"02/04/20, 09:45",roll_z_0_1roll_y_0_1pitch_y_0_7pitch_x_0_7pris_y_0_7pitch_y_0_1,"[False, False, False, False]","[-1, -1, -1, -1]",False,-1,-1,-1
65,"02/04/20, 09:45",roll_z_0_1pitch_y_0_7pitch_z_0_1pitch_z_0_1pitch_x_0_7pris_x_0_1,"[False, False, False, False]","[-1, -1, -1, -1]",False,-1,-1,-1
66,"02/04/20, 09:45",roll_z_0_1roll_y_0_4pitch_y_0_4pitch_x_0_1roll_z_0_7pitch_y_0_1,"[True, True, True, True]","[3.198, 1.479, 2.56, 2.992]",True,2.56,0.127,0.009
67,"02/04/20, 09:45",roll_z_0_1pris_y_0_4pris_x_0_7pitch_x_0_1pitch_x_0_1pitch_x_0_4,"[False, False, False, False]","[-1, -1, -1, -1]",False,-1,-1,-1
68,"02/04/20, 09:46",roll_z_0_1pitch_y_0_1pris_y_0_7pitch_y_0_7pitch_x_0_7pitch_y_0_1,"[False, False, False, False]","[-1, -1, -1, -1]",False,-1,-1,-1
69,"02/04/20, 09:46",roll_z_0_1pitch_y_0_4roll_z_0_7roll_y_0_4pitch_y_0_4pitch_z_0_4,"[True, True, True, True]","[1.798, 1.65, 2.47, 2.488]",True,2.1,0.177,0.004
70,"02/04/20, 09:46",roll_z_0_1pris_y_0_4pitch_z_0_4pris_x_0_7pris_y_0_1pitch_z_0_4,"[False, False, False, False]","[-1, -1, -1, -1]",False,-1,-1,-1
71,"02/04/20, 09:46",roll_z_0_1pris_y_0_4roll_z_0_4pris_y_0_4roll_x_0_1pris_y_0_4,"[False, False, False, False]","[-1, -1, -1, -1]",False,-1,-1,-1
72,"02/04/20, 09:46",roll_z_0_1pris_z_0_4pitch_y_0_4pris_z_0_1pitch_y_0_1pitch_z_0_4,"[False, False, False, False]","[-1, -1, -1, -1]",False,-1,-1,-1
73,"02/04/20, 09:47",roll_z_0_1pris_y_0_1roll_z_0_1roll_y_0_4pris_y_0_7pris_y_0_1,"[False, False, False, False]","[-1, -1, -1, -1]",False,-1,-1,-1
74,"02/04/20, 09:47",roll_z_0_1pitch_y_0_7pitch_y_0_1pitch_x_0_1pris_x_0_7pris_x_0_1,"[False, False, False, False]","[-1, -1, -1, -1]",False,-1,-1,-1
75,"02/04/20, 09:47",roll_z_0_1pris_y_0_4roll_z_0_7roll_y_0_7pris_y_0_4pitch_y_0_4,"[False, False, False, False]","[-1, -1, -1, -1]",False,-1,-1,-1
76,"02/04/20, 09:47",roll_z_0_1pris_y_0_1pris_x_0_4roll_z_0_7pris_y_0_1roll_y_0_1,"[False, False, False, False]","[-1, -1, -1, -1]",False,-1,-1,-1
77,"02/04/20, 09:48",roll_z_0_1pitch_y_0_4pitch_z_0_1roll_y_0_7pitch_y_0_1pris_x_0_1,"[False, False, False, False]","[-1, -1, -1, -1]",False,-1,-1,-1
78,"02/04/20, 09:48",roll_z_0_1pris_y_0_1roll_x_0_1pris_z_0_7pitch_y_0_1pitch_y_0_4,"[False, False, False, False]","[-1, -1, -1, -1]",False,-1,-1,-1
79,"02/04/20, 09:48",roll_z_0_1pitch_y_0_4pitch_x_0_1pris_y_0_4pitch_y_0_4pris_x_0_7,"[False, False, False, False]","[-1, -1, -1, -1]",False,-1,-1,-1
80,"02/04/20, 09:48",roll_z_0_1pitch_y_0_4pitch_x_0_1pitch_y_0_4pitch_x_0_1roll_x_0_4,"[True, False, False, True]","[-1, -1, -1, -1]",False,-1,-1,-1
81,"02/04/20, 09:49",roll_z_0_1pitch_y_0_4roll_x_0_7roll_y_0_4pitch_y_0_7pitch_z_0_4,"[True, True, True, True]","[2.453, 2.266, 2.649, 2.648]",True,2.5,0.163,0.011
82,"02/04/20, 09:49",roll_z_0_1pris_z_0_4roll_y_0_4pris_y_0_1roll_y_0_1pitch_y_0_7,"[False, False, False, False]","[-1, -1, -1, -1]",False,-1,-1,-1
83,"02/04/20, 09:49",roll_z_0_1roll_y_0_4pris_y_0_7pitch_z_0_7pris_y_0_7roll_y_0_7,"[False, False, False, False]","[-1, -1, -1, -1]",False,-1,-1,-1
84,"02/04/20, 09:49",roll_z_0_1pitch_y_0_4pitch_z_0_4pitch_y_0_4roll_x_0_7pitch_y_0_4,"[True, True, True, True]","[1.655, 2.184, 4.115, 3.251]",True,2.8,0.131,0.002
85,"02/04/20, 09:49",roll_z_0_1pitch_y_0_7pitch_x_0_1pitch_x_0_7roll_y_0_1pitch_y_0_1,"[True, True, False, True]","[4.305, 3.298, 4.433, 2.239]",True,3.57,0.22,0.001
86,"02/04/20, 09:50",roll_z_0_1pitch_y_0_4pitch_x_0_1pris_x_0_4pris_x_0_4roll_z_0_4,"[False, False, False, False]","[-1, -1, -1, -1]",False,-1,-1,-1
87,"02/04/20, 09:50",roll_z_0_1pitch_y_0_7pitch_y_0_4pris_z_0_1pitch_y_0_4roll_y_0_7,"[False, False, False, False]","[-1, -1, -1, -1]",False,-1,-1,-1
88,"02/04/20, 09:50",roll_z_0_1pitch_y_0_4pitch_y_0_4pris_z_0_4roll_y_0_7pris_z_0_1,"[False, False, False, False]","[-1, -1, -1, -1]",False,-1,-1,-1
89,"02/04/20, 09:50",roll_z_0_1pris_y_0_4roll_y_0_1roll_y_0_1pitch_y_0_7pitch_y_0_7,"[False, False, False, False]","[-1, -1, -1, -1]",False,-1,-1,-1
90,"02/04/20, 09:50",roll_z_0_1roll_y_0_1pris_y_0_1pitch_x_0_7pris_z_0_7roll_z_0_1,"[False, False, False, False]","[-1, -1, -1, -1]",False,-1,-1,-1
91,"02/04/20, 09:51",roll_z_0_1pitch_y_0_7pris_x_0_4pitch_y_0_7pitch_x_0_4roll_z_0_4,"[False, False, False, False]","[-1, -1, -1, -1]",False,-1,-1,-1
92,"02/04/20, 09:51",roll_z_0_1pitch_y_0_4roll_y_0_4pris_z_0_4pris_y_0_7roll_x_0_4,"[False, False, False, False]","[-1, -1, -1, -1]",False,-1,-1,-1
93,"02/04/20, 09:51",roll_z_0_1pris_y_0_4pitch_y_0_4pitch_x_0_4pitch_y_0_7pitch_y_0_7,"[False, False, False, False]","[-1, -1, -1, -1]",False,-1,-1,-1
94,"02/04/20, 09:51",roll_z_0_1pris_y_0_7pitch_x_0_7pitch_z_0_7pris_z_0_7pitch_z_0_4,"[False, False, False, False]","[-1, -1, -1, -1]",False,-1,-1,-1
95,"02/04/20, 09:52",roll_z_0_1pris_y_0_7pitch_x_0_4pitch_x_0_7pris_x_0_4pitch_x_0_4,"[False, False, False, False]","[-1, -1, -1, -1]",False,-1,-1,-1
96,"02/04/20, 09:52",roll_z_0_1pris_y_0_4pris_y_0_4pitch_y_0_4pris_z_0_4pitch_y_0_7,"[False, False, False, False]","[-1, -1, -1, -1]",False,-1,-1,-1
97,"02/04/20, 09:52",roll_z_0_1pitch_y_0_1roll_z_0_4pitch_y_0_1pitch_y_0_7pris_y_0_4,"[False, False, False, False]","[-1, -1, -1, -1]",False,-1,-1,-1
98,"02/04/20, 09:52",roll_z_0_1pris_y_0_7pitch_z_0_4pris_y_0_4pris_y_0_7pitch_y_0_4,"[False, False, False, False]","[-1, -1, -1, -1]",False,-1,-1,-1
99,"02/04/20, 09:52",roll_z_0_1pris_z_0_4roll_y_0_7pitch_y_0_7pitch_y_0_4pitch_x_0_7,"[False, False, False, False]","[-1, -1, -1, -1]",False,-1,-1,-1
100,"02/04/20, 09:53",roll_z_0_1pitch_y_0_7pitch_z_0_7pris_z_0_4pitch_x_0_1pitch_x_0_1,"[False, False, False, False]","[-1, -1, -1, -1]",False,-1,-1,-1
101,"02/04/20, 09:53",roll_z_0_1pris_z_0_7pitch_y_0_1pris_x_0_7pitch_z_0_7pris_x_0_7,"[False, False, False, False]","[-1, -1, -1, -1]",False,-1,-1,-1
102,"02/04/20, 09:53",roll_z_0_1roll_y_0_7roll_y_0_1roll_y_0_1pris_y_0_7pitch_z_0_1,"[False, False, False, False]","[-1, -1, -1, -1]",False,-1,-1,-1
103,"02/04/20, 09:53",roll_z_0_1pris_y_0_7pitch_y_0_4roll_x_0_7roll_y_0_4roll_y_0_1,"[False, False, False, False]","[-1, -1, -1, -1]",False,-1,-1,-1
104,"02/04/20, 09:53",roll_z_0_1pitch_y_0_4pris_y_0_7pitch_z_0_1roll_y_0_1pris_y_0_4,"[False, False, False, False]","[-1, -1, -1, -1]",False,-1,-1,-1
105,"02/04/20, 09:54",roll_z_0_1pris_y_0_7pitch_x_0_1pris_y_0_1pitch_x_0_7pitch_y_0_1,"[False, False, False, False]","[-1, -1, -1, -1]",False,-1,-1,-1
106,"02/04/20, 09:54",roll_z_0_1pitch_y_0_1roll_x_0_7pitch_y_0_1pitch_x_0_4pitch_x_0_4,"[True, False, True, True]","[2.29, 3.717, 2.461, 2.458]",True,2.73,0.228,0.004
107,"02/04/20, 09:54",roll_z_0_1pitch_y_0_7pitch_x_0_4pitch_z_0_1pitch_x_0_1pitch_x_0_4,"[True, False, False, False]","[-1, -1, -1, -1]",False,-1,-1,-1
108,"02/04/20, 09:54",roll_z_0_1pris_y_0_1pris_x_0_4roll_y_0_1pitch_y_0_7roll_z_0_7,"[False, False, False, False]","[-1, -1, -1, -1]",False,-1,-1,-1
109,"02/04/20, 09:55",roll_z_0_1roll_y_0_4roll_y_0_1roll_y_0_7roll_y_0_4pris_y_0_7,"[False, False, True, True]","[-1, -1, -1, -1]",False,-1,-1,-1
110,"02/04/20, 09:55",roll_z_0_1pitch_y_0_1pitch_x_0_1pitch_x_0_4roll_y_0_1roll_y_0_7,"[True, True, True, True]","[2.268, 1.676, 2.449, 2.649]",True,2.26,0.176,0.011
111,"02/04/20, 09:55",roll_z_0_1pris_y_0_4pris_y_0_1pitch_z_0_1roll_y_0_7pris_z_0_1,"[False, False, False, False]","[-1, -1, -1, -1]",False,-1,-1,-1
112,"02/04/20, 09:55",roll_z_0_1pris_z_0_1pitch_y_0_4pris_x_0_4pitch_x_0_7roll_x_0_4,"[False, False, False, False]","[-1, -1, -1, -1]",False,-1,-1,-1
113,"02/04/20, 09:55",roll_z_0_1pris_y_0_7pitch_x_0_4pris_x_0_1roll_y_0_1pris_z_0_4,"[False, False, False, False]","[-1, -1, -1, -1]",False,-1,-1,-1
114,"02/04/20, 09:56",roll_z_0_1pitch_y_0_7pitch_z_0_1pitch_x_0_7pris_x_0_7roll_z_0_7,"[False, False, False, False]","[-1, -1, -1, -1]",False,-1,-1,-1
115,"02/04/20, 09:56",roll_z_0_1pitch_y_0_4roll_y_0_4pitch_y_0_7pitch_y_0_4roll_x_0_1,"[True, True, True, True]","[1.74, 1.523, 2.685, 2.563]",True,2.13,0.184,0.01
116,"02/04/20, 09:56",roll_z_0_1pitch_y_0_7pitch_y_0_7pitch_x_0_7pris_y_0_4pitch_x_0_4,"[False, False, False, False]","[-1, -1, -1, -1]",False,-1,-1,-1
117,"02/04/20, 09:56",roll_z_0_1pitch_y_0_7pris_z_0_4pitch_z_0_4pris_y_0_7pitch_x_0_7,"[False, False, False, False]","[-1, -1, -1, -1]",False,-1,-1,-1
118,"02/04/20, 09:56",roll_z_0_1pitch_y_0_4roll_z_0_4pris_y_0_4pris_y_0_4pitch_z_0_4,"[False, False, False, False]","[-1, -1, -1, -1]",False,-1,-1,-1
119,"02/04/20, 09:57",roll_z_0_1pitch_y_0_4pitch_y_0_4roll_y_0_1pitch_y_0_4pitch_y_0_1,"[True, False, False, True]","[-1, -1, -1, -1]",False,-1,-1,-1
120,"02/04/20, 09:57",roll_z_0_1pris_z_0_7pitch_y_0_1roll_x_0_1pitch_y_0_1roll_y_0_1,"[False, False, False, False]","[-1, -1, -1, -1]",False,-1,-1,-1
121,"02/04/20, 09:57",roll_z_0_1pris_y_0_7pris_x_0_1pitch_y_0_7pitch_x_0_4pris_z_0_1,"[False, False, False, False]","[-1, -1, -1, -1]",False,-1,-1,-1
122,"02/04/20, 09:57",roll_z_0_1pris_y_0_1pitch_z_0_1pitch_x_0_4pitch_x_0_4pitch_x_0_4,"[False, False, False, False]","[-1, -1, -1, -1]",False,-1,-1,-1
123,"02/04/20, 09:57",roll_z_0_1pris_z_0_4pitch_y_0_4pris_x_0_4pitch_x_0_4pitch_y_0_1,"[False, False, False, False]","[-1, -1, -1, -1]",False,-1,-1,-1
124,"02/04/20, 09:58",roll_z_0_1pitch_y_0_1pitch_x_0_1roll_z_0_7pitch_y_0_7roll_x_0_1,"[True, True, True, True]","[2.449, 2.343, 1.884, 2.504]",True,2.3,0.175,0.006
125,"02/04/20, 09:58",roll_z_0_1pitch_y_0_1pitch_x_0_7pris_x_0_7roll_z_0_7roll_y_0_4,"[False, False, False, False]","[-1, -1, -1, -1]",False,-1,-1,-1
126,"02/04/20, 09:58",roll_z_0_1pitch_y_0_1pitch_y_0_7pris_x_0_7pris_y_0_7roll_z_0_4,"[False, False, False, False]","[-1, -1, -1, -1]",False,-1,-1,-1
127,"02/04/20, 09:58",roll_z_0_1pitch_y_0_4pris_x_0_4roll_x_0_1pris_y_0_1roll_y_0_4,"[False, False, False, False]","[-1, -1, -1, -1]",False,-1,-1,-1
128,"02/04/20, 09:59",roll_z_0_1pris_z_0_7pris_y_0_7pitch_z_0_7roll_z_0_1pris_y_0_7,"[False, False, False, False]","[-1, -1, -1, -1]",False,-1,-1,-1
129,"02/04/20, 09:59",roll_z_0_1roll_y_0_4roll_y_0_4pitch_y_0_7pris_y_0_4roll_z_0_4,"[False, False, False, False]","[-1, -1, -1, -1]",False,-1,-1,-1
130,"02/04/20, 09:59",roll_z_0_1pris_y_0_4pris_y_0_4pris_x_0_7pitch_y_0_1pitch_y_0_1,"[False, False, False, False]","[-1, -1, -1, -1]",False,-1,-1,-1
131,"02/04/20, 09:59",roll_z_0_1pitch_y_0_7pitch_x_0_7pitch_x_0_4pitch_z_0_7pris_z_0_7,"[False, False, False, True]","[-1, -1, -1, -1]",False,-1,-1,-1
132,"02/04/20, 09:59",roll_z_0_1pitch_y_0_1pris_x_0_4pitch_y_0_4pris_y_0_1pitch_x_0_1,"[False, False, False, False]","[-1, -1, -1, -1]",False,-1,-1,-1
133,"02/04/20, 10:00",roll_z_0_1roll_y_0_1pris_y_0_1roll_z_0_1roll_y_0_1pitch_y_0_7,"[False, False, False, False]","[-1, -1, -1, -1]",False,-1,-1,-1
134,"02/04/20, 10:00",roll_z_0_1pris_y_0_1pitch_x_0_1pitch_z_0_7roll_z_0_7roll_y_0_1,"[False, False, False, False]","[-1, -1, -1, -1]",False,-1,-1,-1
135,"02/04/20, 10:00",roll_z_0_1pitch_y_0_1pris_y_0_7pitch_x_0_7roll_z_0_1pris_y_0_1,"[False, False, False, False]","[-1, -1, -1, -1]",False,-1,-1,-1
136,"02/04/20, 10:00",roll_z_0_1pitch_y_0_1pitch_x_0_7pitch_x_0_1pitch_y_0_7pitch_y_0_4,"[True, True, True, True]","[2.274, 2.245, 2.447, 2.386]",True,2.34,0.17,0.013
137,"02/04/20, 10:01",roll_z_0_1pitch_y_0_1pitch_y_0_1pris_x_0_1pitch_x_0_7roll_z_0_7,"[False, False, False, False]","[-1, -1, -1, -1]",False,-1,-1,-1
138,"02/04/20, 10:01",roll_z_0_1pris_z_0_1pitch_y_0_1pitch_y_0_7pitch_z_0_7pris_y_0_7,"[False, False, False, False]","[-1, -1, -1, -1]",False,-1,-1,-1
139,"02/04/20, 10:01",roll_z_0_1pris_y_0_4pris_y_0_7pris_x_0_1pitch_y_0_7roll_y_0_4,"[False, False, False, False]","[-1, -1, -1, -1]",False,-1,-1,-1
140,"02/04/20, 10:01",roll_z_0_1pitch_y_0_4pitch_z_0_1pitch_y_0_7pitch_y_0_7roll_y_0_7,"[True, True, True, True]","[2.593, 1.692, 2.702, 2.671]",True,2.41,0.189,0.005
141,"02/04/20, 10:01",roll_z_0_1pris_y_0_4pitch_y_0_4pitch_y_0_7pitch_z_0_1pitch_x_0_1,"[False, True, False, False]","[-1, -1, -1, -1]",False,-1,-1,-1
142,"02/04/20, 10:02",roll_z_0_1pris_y_0_1pris_y_0_4pitch_x_0_1pris_z_0_4roll_x_0_4,"[False, False, False, False]","[-1, -1, -1, -1]",False,-1,-1,-1
143,"02/04/20, 10:02",roll_z_0_1pris_y_0_1pitch_z_0_1pris_x_0_7pris_x_0_7pitch_y_0_7,"[False, False, False, False]","[-1, -1, -1, -1]",False,-1,-1,-1
144,"02/04/20, 10:02",roll_z_0_1pitch_y_0_4pitch_y_0_1pris_x_0_1pitch_x_0_7pitch_x_0_1,"[False, False, False, False]","[-1, -1, -1, -1]",False,-1,-1,-1
145,"02/04/20, 10:02",roll_z_0_1pitch_y_0_4roll_z_0_1roll_y_0_4roll_y_0_1pitch_y_0_4,"[True, True, True, False]","[-1, -1, -1, -1]",False,-1,-1,-1
146,"02/04/20, 10:02",roll_z_0_1pitch_y_0_7pris_z_0_7pitch_z_0_1pitch_y_0_4pitch_z_0_7,"[False, False, False, False]","[-1, -1, -1, -1]",False,-1,-1,-1
147,"02/04/20, 10:03",roll_z_0_1pitch_y_0_1pris_y_0_1roll_x_0_1pris_z_0_7pitch_y_0_1,"[False, False, False, False]","[-1, -1, -1, -1]",False,-1,-1,-1
148,"02/04/20, 10:03",roll_z_0_1pitch_y_0_1pitch_y_0_1pris_x_0_1roll_x_0_4pris_y_0_4,"[False, False, False, False]","[-1, -1, -1, -1]",False,-1,-1,-1
149,"02/04/20, 10:03",roll_z_0_1pris_y_0_4roll_z_0_7roll_y_0_4pris_z_0_4pris_y_0_4,"[False, False, False, False]","[-1, -1, -1, -1]",False,-1,-1,-1
150,"02/04/20, 10:03",roll_z_0_1pitch_y_0_1pitch_y_0_4pitch_y_0_7pris_y_0_7pitch_x_0_4,"[False, False, True, True]","[-1, -1, -1, -1]",False,-1,-1,-1
151,"02/04/20, 10:04",roll_z_0_1roll_y_0_1pris_y_0_7pris_y_0_7pris_x_0_4roll_y_0_1,"[False, False, False, False]","[-1, -1, -1, -1]",False,-1,-1,-1
152,"02/04/20, 10:04",roll_z_0_1pitch_y_0_4pitch_x_0_4pitch_y_0_4roll_x_0_1pris_z_0_1,"[False, False, False, False]","[-1, -1, -1, -1]",False,-1,-1,-1
153,"02/04/20, 10:04",roll_z_0_1pitch_y_0_4roll_y_0_1roll_y_0_4pris_y_0_4roll_x_0_4,"[False, False, False, False]","[-1, -1, -1, -1]",False,-1,-1,-1
154,"02/04/20, 10:04",roll_z_0_1pitch_y_0_4roll_x_0_1pris_z_0_1pitch_y_0_4roll_y_0_7,"[False, False, False, False]","[-1, -1, -1, -1]",False,-1,-1,-1
155,"02/04/20, 10:05",roll_z_0_1pitch_y_0_7pitch_x_0_4pitch_y_0_1pitch_x_0_1pitch_y_0_7,"[True, True, True, False]","[-1, -1, -1, -1]",False,-1,-1,-1
156,"02/04/20, 10:05",roll_z_0_1pitch_y_0_7pitch_z_0_7pitch_z_0_7pitch_y_0_4pitch_x_0_4,"[True, True, True, True]","[2.264, 2.456, 1.867, 2.676]",True,2.32,0.158,0.004
157,"02/04/20, 10:05",roll_z_0_1pitch_y_0_7roll_z_0_1pris_z_0_1roll_y_0_7pitch_y_0_7,"[False, False, False, False]","[-1, -1, -1, -1]",False,-1,-1,-1
158,"02/04/20, 10:05",roll_z_0_1pitch_y_0_4pris_z_0_7pris_y_0_1pitch_x_0_1pris_x_0_4,"[False, False, False, False]","[-1, -1, -1, -1]",False,-1,-1,-1
159,"02/04/20, 10:05",roll_z_0_1pitch_y_0_1pris_z_0_4pitch_x_0_7pitch_x_0_4roll_x_0_4,"[False, False, False, False]","[-1, -1, -1, -1]",False,-1,-1,-1
160,"02/04/20, 10:06",roll_z_0_1pris_y_0_1roll_y_0_1pris_y_0_4roll_y_0_7pitch_y_0_1,"[False, False, False, False]","[-1, -1, -1, -1]",False,-1,-1,-1
161,"02/04/20, 10:06",roll_z_0_1roll_y_0_4pitch_y_0_1pitch_y_0_7roll_x_0_4pitch_y_0_1,"[True, True, True, False]","[-1, -1, -1, -1]",False,-1,-1,-1
162,"02/04/20, 10:06",roll_z_0_1pris_y_0_4pitch_y_0_7pitch_x_0_1pitch_x_0_1pitch_z_0_4,"[False, False, False, False]","[-1, -1, -1, -1]",False,-1,-1,-1
163,"02/04/20, 10:06",roll_z_0_1pitch_y_0_7pris_y_0_4pris_y_0_7pris_x_0_7roll_y_0_7,"[False, False, False, False]","[-1, -1, -1, -1]",False,-1,-1,-1
164,"02/04/20, 10:07",roll_z_0_1pitch_y_0_4pitch_z_0_4pitch_z_0_4pitch_x_0_4pris_x_0_7,"[False, False, False, False]","[-1, -1, -1, -1]",False,-1,-1,-1
165,"02/04/20, 10:07",roll_z_0_1pitch_y_0_7pris_x_0_7pris_y_0_7roll_y_0_7pitch_y_0_1,"[False, False, False, False]","[-1, -1, -1, -1]",False,-1,-1,-1
166,"02/04/20, 10:07",roll_z_0_1pitch_y_0_1pitch_y_0_7roll_y_0_4pitch_y_0_4roll_y_0_7,"[True, True, True, True]","[2.687, 2.584, 2.49, 2.715]",True,2.62,0.146,0.006
167,"02/04/20, 10:07",roll_z_0_1pris_z_0_1roll_y_0_7pitch_y_0_1pitch_y_0_4pris_z_0_4,"[False, False, False, False]","[-1, -1, -1, -1]",False,-1,-1,-1
168,"02/04/20, 10:07",roll_z_0_1pris_y_0_1roll_x_0_7roll_y_0_1pris_y_0_1roll_y_0_1,"[False, False, False, False]","[-1, -1, -1, -1]",False,-1,-1,-1
169,"02/04/20, 10:08",roll_z_0_1pitch_y_0_4pitch_y_0_4pris_y_0_7pitch_z_0_1pris_z_0_4,"[False, False, False, False]","[-1, -1, -1, -1]",False,-1,-1,-1
170,"02/04/20, 10:08",roll_z_0_1pitch_y_0_4pitch_x_0_7pitch_x_0_4pitch_x_0_4pitch_z_0_4,"[True, True, True, True]","[2.466, 1.678, 2.691, 2.779]",True,2.4,0.182,0.01
171,"02/04/20, 10:08",roll_z_0_1pitch_y_0_4pitch_y_0_1pitch_x_0_1pitch_y_0_1roll_x_0_7,"[True, True, True, True]","[1.657, 1.856, 2.523, 2.687]",True,2.18,0.178,0.006
172,"02/04/20, 10:08",roll_z_0_1pitch_y_0_4roll_x_0_4pris_y_0_7pitch_z_0_7pitch_x_0_7,"[False, False, False, False]","[-1, -1, -1, -1]",False,-1,-1,-1
173,"02/04/20, 10:08",roll_z_0_1pris_y_0_1roll_y_0_7roll_y_0_4pris_y_0_1roll_y_0_4,"[False, False, False, False]","[-1, -1, -1, -1]",False,-1,-1,-1
174,"02/04/20, 10:09",roll_z_0_1pitch_y_0_1pitch_z_0_1pitch_z_0_1pitch_y_0_1roll_x_0_7,"[False, False, False, False]","[-1, -1, -1, -1]",False,-1,-1,-1
175,"02/04/20, 10:09",roll_z_0_1pitch_y_0_4roll_z_0_4pris_y_0_7pris_x_0_7pitch_z_0_4,"[False, False, False, False]","[-1, -1, -1, -1]",False,-1,-1,-1
