1,"23/01/20, 07:53",roll_z_0_1pitch_y_0_7pris_x_0_7pitch_y_0_7pris_z_0_7pitch_y_0_7,"[False, False, False, False]","[-1, -1, -1, -1]",False,-1,-1,-1
2,"23/01/20, 07:53",roll_z_0_1pitch_y_0_4roll_z_0_4pris_z_0_4roll_y_0_4roll_y_0_4,"[False, False, False, False]","[-1, -1, -1, -1]",False,-1,-1,-1
3,"23/01/20, 07:53",roll_z_0_1pitch_y_0_4pitch_y_0_4pitch_x_0_4pris_y_0_4roll_y_0_4,"[False, False, False, False]","[-1, -1, -1, -1]",False,-1,-1,-1
4,"23/01/20, 07:53",roll_z_0_1pitch_y_0_4pris_z_0_4roll_z_0_4roll_y_0_4roll_y_0_4,"[False, False, False, False]","[-1, -1, -1, -1]",False,-1,-1,-1
5,"23/01/20, 07:53",roll_z_0_1pitch_y_0_7pitch_y_0_7pris_x_0_7pris_y_0_7pitch_z_0_7,"[False, False, False, False]","[-1, -1, -1, -1]",False,-1,-1,-1
6,"23/01/20, 07:54",roll_z_0_1pitch_y_0_4pris_y_0_4pitch_y_0_4pitch_y_0_4roll_z_0_4,"[False, False, False, False]","[-1, -1, -1, -1]",False,-1,-1,-1
7,"23/01/20, 07:54",roll_z_0_1pris_y_0_7pitch_y_0_7pitch_y_0_7pitch_x_0_7pris_y_0_7,"[False, False, False, False]","[-1, -1, -1, -1]",False,-1,-1,-1
8,"23/01/20, 07:54",roll_z_0_1pitch_y_0_7pitch_y_0_7pris_z_0_7pris_y_0_7pitch_z_0_7,"[False, False, False, False]","[-1, -1, -1, -1]",False,-1,-1,-1
9,"23/01/20, 07:54",roll_z_0_1pitch_y_0_4roll_x_0_4pitch_y_0_4pitch_y_0_4pris_x_0_4,"[False, False, False, False]","[-1, -1, -1, -1]",False,-1,-1,-1
10,"23/01/20, 07:54",roll_z_0_1pitch_y_0_7pitch_y_0_7pris_y_0_7pitch_z_0_7pris_y_0_7,"[False, False, False, False]","[-1, -1, -1, -1]",False,-1,-1,-1
11,"23/01/20, 07:55",roll_z_0_1pitch_y_0_4pitch_y_0_4pris_x_0_4pitch_y_0_4roll_y_0_4,"[False, False, False, False]","[-1, -1, -1, -1]",False,-1,-1,-1
12,"23/01/20, 07:55",roll_z_0_1pitch_y_0_4pitch_y_0_4pris_x_0_4pitch_x_0_4roll_x_0_4,"[False, False, False, False]","[-1, -1, -1, -1]",False,-1,-1,-1
13,"23/01/20, 07:55",roll_z_0_1roll_y_0_4roll_y_0_4pris_z_0_4roll_y_0_4pitch_y_0_4,"[False, False, False, False]","[-1, -1, -1, -1]",False,-1,-1,-1
14,"23/01/20, 07:55",roll_z_0_1roll_y_0_4pitch_y_0_4pitch_y_0_4pitch_z_0_4pris_x_0_4,"[False, False, False, True]","[-1, -1, -1, -1]",False,-1,-1,-1
15,"23/01/20, 07:55",roll_z_0_1pris_z_0_4pitch_y_0_4roll_x_0_4pitch_y_0_4pitch_y_0_4,"[False, False, False, False]","[-1, -1, -1, -1]",False,-1,-1,-1
16,"23/01/20, 07:56",roll_z_0_1pitch_y_0_4pitch_y_0_4pitch_z_0_4roll_x_0_4pris_y_0_4,"[False, False, False, True]","[-1, -1, -1, -1]",False,-1,-1,-1
17,"23/01/20, 07:56",roll_z_0_1pris_y_0_4roll_z_0_4pitch_y_0_4roll_y_0_4roll_y_0_4,"[False, False, False, False]","[-1, -1, -1, -1]",False,-1,-1,-1
18,"23/01/20, 07:56",roll_z_0_1pitch_y_0_4pitch_y_0_4pris_z_0_4roll_x_0_4pitch_y_0_4,"[False, False, False, False]","[-1, -1, -1, -1]",False,-1,-1,-1
19,"23/01/20, 07:56",roll_z_0_1pitch_y_0_4roll_x_0_4pitch_y_0_4pitch_y_0_4pris_y_0_4,"[False, False, False, False]","[-1, -1, -1, -1]",False,-1,-1,-1
20,"23/01/20, 07:57",roll_z_0_1pitch_y_0_7pris_z_0_7pitch_y_0_7pitch_z_0_7pris_x_0_7,"[False, False, False, False]","[-1, -1, -1, -1]",False,-1,-1,-1
21,"23/01/20, 07:57",roll_z_0_1pitch_y_0_4pitch_y_0_4pris_y_0_4pitch_z_0_4roll_x_0_4,"[False, False, False, False]","[-1, -1, -1, -1]",False,-1,-1,-1
22,"23/01/20, 07:57",roll_z_0_1pitch_y_0_4pitch_y_0_4roll_z_0_4pris_y_0_4pitch_y_0_4,"[False, False, False, False]","[-1, -1, -1, -1]",False,-1,-1,-1
23,"23/01/20, 07:57",roll_z_0_1pitch_y_0_4pitch_y_0_4pris_z_0_4pitch_z_0_4roll_x_0_4,"[False, False, False, False]","[-1, -1, -1, -1]",False,-1,-1,-1
24,"23/01/20, 07:57",roll_z_0_1pitch_y_0_4pitch_y_0_4pitch_z_0_4pris_z_0_4roll_y_0_4,"[False, False, False, False]","[-1, -1, -1, -1]",False,-1,-1,-1
25,"23/01/20, 07:58",roll_z_0_1pitch_y_0_7pris_y_0_7pitch_y_0_7pris_z_0_7pitch_y_0_7,"[False, False, False, False]","[-1, -1, -1, -1]",False,-1,-1,-1
26,"23/01/20, 07:58",roll_z_0_1pitch_y_0_4pitch_y_0_4pris_z_0_4pitch_z_0_4roll_y_0_4,"[False, False, False, False]","[-1, -1, -1, -1]",False,-1,-1,-1
27,"23/01/20, 07:58",roll_z_0_1roll_y_0_4roll_y_0_4pitch_y_0_4roll_y_0_4pris_y_0_4,"[False, False, False, False]","[-1, -1, -1, -1]",False,-1,-1,-1
28,"23/01/20, 07:58",roll_z_0_1pris_z_0_7pris_y_0_7pitch_y_0_7pitch_y_0_7pitch_x_0_7,"[False, False, False, False]","[-1, -1, -1, -1]",False,-1,-1,-1
29,"23/01/20, 07:58",roll_z_0_1pitch_y_0_4roll_x_0_4pitch_y_0_4pris_z_0_4pitch_y_0_4,"[False, False, False, False]","[-1, -1, -1, -1]",False,-1,-1,-1
30,"23/01/20, 07:59",roll_z_0_1pitch_y_0_7pitch_y_0_7pris_y_0_7pris_y_0_7pitch_z_0_7,"[False, False, False, False]","[-1, -1, -1, -1]",False,-1,-1,-1
31,"23/01/20, 07:59",roll_z_0_1pris_y_0_4pitch_y_0_4pitch_y_0_4pitch_x_0_4roll_z_0_4,"[False, True, False, False]","[-1, -1, -1, -1]",False,-1,-1,-1
32,"23/01/20, 07:59",roll_z_0_1pris_y_0_7pitch_y_0_7pitch_y_0_7pitch_x_0_7pris_z_0_7,"[False, False, False, False]","[-1, -1, -1, -1]",False,-1,-1,-1
33,"23/01/20, 07:59",roll_z_0_1pitch_y_0_4pitch_y_0_4pris_x_0_4pitch_x_0_4roll_z_0_4,"[False, False, False, False]","[-1, -1, -1, -1]",False,-1,-1,-1
34,"23/01/20, 07:59",roll_z_0_1roll_y_0_4roll_y_0_4pitch_y_0_4roll_x_0_4pris_z_0_4,"[False, False, False, False]","[-1, -1, -1, -1]",False,-1,-1,-1
35,"23/01/20, 08:00",roll_z_0_1pris_y_0_7pitch_z_0_7pitch_y_0_7pitch_y_0_7pris_y_0_7,"[False, False, False, False]","[-1, -1, -1, -1]",False,-1,-1,-1
36,"23/01/20, 08:00",roll_z_0_1pitch_y_0_7pris_x_0_7pitch_y_0_7pitch_y_0_7pris_y_0_7,"[False, False, False, False]","[-1, -1, -1, -1]",False,-1,-1,-1
37,"23/01/20, 08:00",roll_z_0_1pitch_y_0_4pitch_y_0_4roll_y_0_4pitch_y_0_4pris_y_0_4,"[False, False, False, False]","[-1, -1, -1, -1]",False,-1,-1,-1
38,"23/01/20, 08:00",roll_z_0_1pitch_y_0_4pitch_y_0_4pitch_x_0_4roll_x_0_4pris_y_0_4,"[False, False, False, False]","[-1, -1, -1, -1]",False,-1,-1,-1
39,"23/01/20, 08:00",roll_z_0_1pitch_y_0_7pitch_y_0_7pris_y_0_7pitch_z_0_7pris_x_0_7,"[False, False, False, False]","[-1, -1, -1, -1]",False,-1,-1,-1
40,"23/01/20, 08:01",roll_z_0_1pris_y_0_4pitch_z_0_4pitch_y_0_4pitch_y_0_4roll_y_0_4,"[False, False, False, False]","[-1, -1, -1, -1]",False,-1,-1,-1
41,"23/01/20, 08:01",roll_z_0_1pitch_y_0_4pitch_y_0_4roll_x_0_4pitch_y_0_4pris_x_0_4,"[False, False, False, False]","[-1, -1, -1, -1]",False,-1,-1,-1
42,"23/01/20, 08:01",roll_z_0_1pitch_y_0_4pitch_y_0_4roll_x_0_4pitch_y_0_4pris_y_0_4,"[False, False, True, False]","[-1, -1, -1, -1]",False,-1,-1,-1
43,"23/01/20, 08:01",roll_z_0_1pitch_y_0_7pitch_y_0_7pris_z_0_7pitch_z_0_7pris_y_0_7,"[False, False, False, False]","[-1, -1, -1, -1]",False,-1,-1,-1
44,"23/01/20, 08:02",roll_z_0_1pitch_y_0_4pitch_y_0_4pitch_z_0_4roll_y_0_4pris_y_0_4,"[False, False, False, True]","[-1, -1, -1, -1]",False,-1,-1,-1
45,"23/01/20, 08:02",roll_z_0_1pitch_y_0_7pris_z_0_7pitch_y_0_7pris_x_0_7pitch_z_0_7,"[False, False, False, False]","[-1, -1, -1, -1]",False,-1,-1,-1
46,"23/01/20, 08:02",roll_z_0_1pitch_y_0_4pris_y_0_4roll_y_0_4roll_y_0_4roll_y_0_4,"[False, False, False, False]","[-1, -1, -1, -1]",False,-1,-1,-1
47,"23/01/20, 08:02",roll_z_0_1pitch_y_0_4pitch_y_0_4pris_y_0_4pitch_x_0_4roll_y_0_4,"[False, False, False, False]","[-1, -1, -1, -1]",False,-1,-1,-1
48,"23/01/20, 08:02",roll_z_0_1pris_y_0_4roll_y_0_4roll_y_0_4pitch_y_0_4roll_y_0_4,"[False, False, False, False]","[-1, -1, -1, -1]",False,-1,-1,-1
49,"23/01/20, 08:03",roll_z_0_1pitch_y_0_4pitch_y_0_4roll_z_0_4pris_y_0_4pitch_z_0_4,"[False, False, False, False]","[-1, -1, -1, -1]",False,-1,-1,-1
50,"23/01/20, 08:03",roll_z_0_1pitch_y_0_4roll_y_0_4pris_y_0_4pitch_y_0_4pitch_y_0_4,"[False, False, False, False]","[-1, -1, -1, -1]",False,-1,-1,-1
51,"23/01/20, 08:03",roll_z_0_1pris_y_0_4roll_z_0_4roll_y_0_4pitch_y_0_4roll_z_0_4,"[False, False, True, False]","[-1, -1, -1, -1]",False,-1,-1,-1
52,"23/01/20, 08:03",roll_z_0_1pris_y_0_7pitch_z_0_7pris_y_0_7pitch_y_0_7pitch_y_0_7,"[False, False, False, False]","[-1, -1, -1, -1]",False,-1,-1,-1
53,"23/01/20, 08:04",roll_z_0_1roll_y_0_4roll_y_0_4pris_y_0_4pitch_z_0_4roll_z_0_4,"[False, False, False, False]","[-1, -1, -1, -1]",False,-1,-1,-1
54,"23/01/20, 08:04",roll_z_0_1pitch_y_0_4roll_y_0_4roll_y_0_4pris_y_0_4roll_y_0_4,"[False, False, False, False]","[-1, -1, -1, -1]",False,-1,-1,-1
55,"23/01/20, 08:04",roll_z_0_1roll_y_0_4pitch_y_0_4pris_y_0_4pitch_y_0_4pitch_y_0_4,"[False, False, False, False]","[-1, -1, -1, -1]",False,-1,-1,-1
56,"23/01/20, 08:04",roll_z_0_1pris_y_0_4roll_z_0_4pitch_y_0_4pitch_y_0_4pitch_x_0_4,"[False, False, False, False]","[-1, -1, -1, -1]",False,-1,-1,-1
57,"23/01/20, 08:04",roll_z_0_1pitch_y_0_4roll_x_0_4roll_y_0_4pris_y_0_4roll_x_0_4,"[False, False, False, False]","[-1, -1, -1, -1]",False,-1,-1,-1
58,"23/01/20, 08:05",roll_z_0_1pris_y_0_7pitch_x_0_7pitch_y_0_7pitch_y_0_7pris_y_0_7,"[False, False, False, False]","[-1, -1, -1, -1]",False,-1,-1,-1
59,"23/01/20, 08:05",roll_z_0_1pitch_y_0_7pitch_y_0_7pitch_x_0_7pris_x_0_7pris_y_0_7,"[False, False, False, False]","[-1, -1, -1, -1]",False,-1,-1,-1
60,"23/01/20, 08:05",roll_z_0_1pris_z_0_7pitch_y_0_7pris_z_0_7pitch_y_0_7pitch_z_0_7,"[False, False, False, False]","[-1, -1, -1, -1]",False,-1,-1,-1
61,"23/01/20, 08:05",roll_z_0_1pitch_y_0_4pitch_y_0_4roll_z_0_4pitch_y_0_4pris_z_0_4,"[False, False, True, True]","[-1, -1, -1, -1]",False,-1,-1,-1
62,"23/01/20, 08:05",roll_z_0_1roll_y_0_4pitch_y_0_4pitch_y_0_4pris_z_0_4pitch_z_0_4,"[False, False, False, False]","[-1, -1, -1, -1]",False,-1,-1,-1
63,"23/01/20, 08:06",roll_z_0_1pitch_y_0_4roll_z_0_4pris_z_0_4pitch_y_0_4pitch_y_0_4,"[False, False, False, False]","[-1, -1, -1, -1]",False,-1,-1,-1
64,"23/01/20, 08:06",roll_z_0_1pitch_y_0_4pitch_y_0_4roll_z_0_4pris_y_0_4pitch_x_0_4,"[False, False, False, False]","[-1, -1, -1, -1]",False,-1,-1,-1
65,"23/01/20, 08:06",roll_z_0_1pris_z_0_4roll_y_0_4pitch_y_0_4pitch_y_0_4pitch_z_0_4,"[False, False, False, False]","[-1, -1, -1, -1]",False,-1,-1,-1
66,"23/01/20, 08:06",roll_z_0_1pitch_y_0_4pitch_y_0_4pris_x_0_4pitch_z_0_4roll_x_0_4,"[False, False, False, False]","[-1, -1, -1, -1]",False,-1,-1,-1
67,"23/01/20, 08:06",roll_z_0_1pitch_y_0_4pitch_y_0_4pitch_z_0_4roll_z_0_4pris_z_0_4,"[False, False, False, True]","[-1, -1, -1, -1]",False,-1,-1,-1
68,"23/01/20, 08:07",roll_z_0_1pris_y_0_7pitch_x_0_7pris_z_0_7pitch_y_0_7pitch_y_0_7,"[False, False, False, False]","[-1, -1, -1, -1]",False,-1,-1,-1
69,"23/01/20, 08:07",roll_z_0_1pris_y_0_7pitch_z_0_7pitch_y_0_7pitch_y_0_7pris_x_0_7,"[False, False, False, False]","[-1, -1, -1, -1]",False,-1,-1,-1
70,"23/01/20, 08:07",roll_z_0_1pitch_y_0_7pitch_y_0_7pitch_z_0_7pris_y_0_7pris_x_0_7,"[False, False, False, False]","[-1, -1, -1, -1]",False,-1,-1,-1
71,"23/01/20, 08:07",roll_z_0_1pitch_y_0_4roll_z_0_4pitch_y_0_4pitch_y_0_4pris_z_0_4,"[False, False, False, False]","[-1, -1, -1, -1]",False,-1,-1,-1
72,"23/01/20, 08:08",roll_z_0_1pris_y_0_4roll_x_0_4pitch_y_0_4pitch_y_0_4pitch_z_0_4,"[False, True, False, False]","[-1, -1, -1, -1]",False,-1,-1,-1
73,"23/01/20, 08:08",roll_z_0_1pitch_y_0_7pris_z_0_7pitch_y_0_7pitch_z_0_7pris_z_0_7,"[False, False, False, False]","[-1, -1, -1, -1]",False,-1,-1,-1
74,"23/01/20, 08:08",roll_z_0_1pitch_y_0_4pris_z_0_4pitch_y_0_4pitch_x_0_4roll_z_0_4,"[False, False, False, False]","[-1, -1, -1, -1]",False,-1,-1,-1
75,"23/01/20, 08:08",roll_z_0_1pitch_y_0_4pitch_y_0_4pitch_z_0_4roll_x_0_4pris_z_0_4,"[False, False, False, True]","[-1, -1, -1, -1]",False,-1,-1,-1
76,"23/01/20, 08:08",roll_z_0_1pitch_y_0_4pitch_y_0_4pris_z_0_4roll_z_0_4pitch_y_0_4,"[False, False, False, False]","[-1, -1, -1, -1]",False,-1,-1,-1
77,"23/01/20, 08:09",roll_z_0_1pris_y_0_7pris_y_0_7pitch_y_0_7pitch_y_0_7pitch_z_0_7,"[False, False, False, False]","[-1, -1, -1, -1]",False,-1,-1,-1
78,"23/01/20, 08:09",roll_z_0_1pitch_y_0_4pitch_y_0_4pris_x_0_4pitch_z_0_4roll_z_0_4,"[False, False, False, False]","[-1, -1, -1, -1]",False,-1,-1,-1
79,"23/01/20, 08:09",roll_z_0_1pitch_y_0_7pitch_y_0_7pris_z_0_7pris_x_0_7pitch_x_0_7,"[False, False, False, False]","[-1, -1, -1, -1]",False,-1,-1,-1
80,"23/01/20, 08:09",roll_z_0_1pitch_y_0_7pitch_y_0_7pris_z_0_7pris_x_0_7pitch_y_0_7,"[False, False, False, False]","[-1, -1, -1, -1]",False,-1,-1,-1
81,"23/01/20, 08:10",roll_z_0_1pitch_y_0_4pitch_y_0_4pris_y_0_4pitch_z_0_4roll_y_0_4,"[False, False, False, False]","[-1, -1, -1, -1]",False,-1,-1,-1
82,"23/01/20, 08:10",roll_z_0_1pris_z_0_7pitch_y_0_7pris_x_0_7pitch_y_0_7pitch_y_0_7,"[False, False, False, False]","[-1, -1, -1, -1]",False,-1,-1,-1
83,"23/01/20, 08:10",roll_z_0_1pris_y_0_4pitch_y_0_4pitch_y_0_4pitch_z_0_4roll_y_0_4,"[False, False, False, False]","[-1, -1, -1, -1]",False,-1,-1,-1
84,"23/01/20, 08:10",roll_z_0_1pris_z_0_4pitch_y_0_4pitch_y_0_4pitch_z_0_4roll_y_0_4,"[False, False, False, False]","[-1, -1, -1, -1]",False,-1,-1,-1
85,"23/01/20, 08:10",roll_z_0_1pris_y_0_4pitch_z_0_4roll_z_0_4roll_y_0_4roll_y_0_4,"[False, False, False, False]","[-1, -1, -1, -1]",False,-1,-1,-1
86,"23/01/20, 08:11",roll_z_0_1pitch_y_0_4roll_x_0_4roll_y_0_4pris_z_0_4roll_y_0_4,"[False, False, False, False]","[-1, -1, -1, -1]",False,-1,-1,-1
87,"23/01/20, 08:11",roll_z_0_1roll_y_0_4roll_y_0_4pris_y_0_4pitch_x_0_4roll_y_0_4,"[False, False, False, False]","[-1, -1, -1, -1]",False,-1,-1,-1
88,"23/01/20, 08:11",roll_z_0_1pris_y_0_7pris_y_0_7pitch_z_0_7pitch_y_0_7pitch_y_0_7,"[False, False, False, False]","[-1, -1, -1, -1]",False,-1,-1,-1
89,"23/01/20, 08:11",roll_z_0_1pris_y_0_7pitch_y_0_7pitch_y_0_7pris_y_0_7pitch_x_0_7,"[False, False, False, False]","[-1, -1, -1, -1]",False,-1,-1,-1
90,"23/01/20, 08:12",roll_z_0_1pris_y_0_4roll_y_0_4pitch_y_0_4pitch_y_0_4pitch_x_0_4,"[False, True, False, False]","[-1, -1, -1, -1]",False,-1,-1,-1
91,"23/01/20, 08:12",roll_z_0_1pitch_y_0_7pitch_y_0_7pitch_x_0_7pris_z_0_7pris_x_0_7,"[False, False, False, False]","[-1, -1, -1, -1]",False,-1,-1,-1
92,"23/01/20, 08:12",roll_z_0_1pris_y_0_7pitch_x_0_7pris_x_0_7pitch_y_0_7pitch_y_0_7,"[False, False, False, False]","[-1, -1, -1, -1]",False,-1,-1,-1
93,"23/01/20, 08:12",roll_z_0_1pitch_y_0_4pitch_y_0_4roll_y_0_4pris_y_0_4pitch_x_0_4,"[False, False, False, False]","[-1, -1, -1, -1]",False,-1,-1,-1
94,"23/01/20, 08:12",roll_z_0_1pris_y_0_7pitch_y_0_7pris_z_0_7pitch_y_0_7pitch_x_0_7,"[False, False, False, False]","[-1, -1, -1, -1]",False,-1,-1,-1
95,"23/01/20, 08:13",roll_z_0_1pris_y_0_7pitch_y_0_7pitch_y_0_7pris_z_0_7pitch_z_0_7,"[False, False, False, False]","[-1, -1, -1, -1]",False,-1,-1,-1
96,"23/01/20, 08:13",roll_z_0_1pitch_y_0_4roll_x_0_4pris_y_0_4roll_y_0_4roll_y_0_4,"[False, False, False, False]","[-1, -1, -1, -1]",False,-1,-1,-1
97,"23/01/20, 08:13",roll_z_0_1pris_y_0_7pitch_x_0_7pitch_y_0_7pris_z_0_7pitch_y_0_7,"[False, False, False, False]","[-1, -1, -1, -1]",False,-1,-1,-1
98,"23/01/20, 08:13",roll_z_0_1pris_z_0_7pitch_y_0_7pitch_y_0_7pris_y_0_7pitch_x_0_7,"[False, False, False, False]","[-1, -1, -1, -1]",False,-1,-1,-1
99,"23/01/20, 08:13",roll_z_0_1pitch_y_0_7pitch_y_0_7pris_y_0_7pitch_x_0_7pris_y_0_7,"[False, False, False, False]","[-1, -1, -1, -1]",False,-1,-1,-1
100,"23/01/20, 08:14",roll_z_0_1pris_y_0_7pris_y_0_7pitch_x_0_7pitch_y_0_7pitch_y_0_7,"[False, False, False, False]","[-1, -1, -1, -1]",False,-1,-1,-1
101,"23/01/20, 08:14",roll_z_0_1pris_y_0_4roll_z_0_4pitch_y_0_4roll_x_0_4roll_y_0_4,"[False, True, False, False]","[-1, -1, -1, -1]",False,-1,-1,-1
102,"23/01/20, 08:14",roll_z_0_1pitch_y_0_4pitch_y_0_4roll_y_0_4pris_y_0_4pitch_z_0_4,"[False, False, False, False]","[-1, -1, -1, -1]",False,-1,-1,-1
103,"23/01/20, 08:14",roll_z_0_1pitch_y_0_4pitch_y_0_4pitch_x_0_4pris_z_0_4roll_y_0_4,"[False, False, False, False]","[-1, -1, -1, -1]",False,-1,-1,-1
104,"23/01/20, 08:14",roll_z_0_1pitch_y_0_4pris_x_0_4roll_y_0_4roll_y_0_4roll_y_0_4,"[False, False, False, False]","[-1, -1, -1, -1]",False,-1,-1,-1
105,"23/01/20, 08:15",roll_z_0_1pitch_y_0_4roll_x_0_4pris_z_0_4pitch_y_0_4pitch_y_0_4,"[False, False, False, False]","[-1, -1, -1, -1]",False,-1,-1,-1
106,"23/01/20, 08:15",roll_z_0_1roll_y_0_4roll_y_0_4pris_z_0_4pitch_y_0_4roll_x_0_4,"[False, False, False, False]","[-1, -1, -1, -1]",False,-1,-1,-1
107,"23/01/20, 08:15",roll_z_0_1pitch_y_0_4roll_x_0_4roll_y_0_4pris_y_0_4roll_z_0_4,"[False, False, True, False]","[-1, -1, -1, -1]",False,-1,-1,-1
108,"23/01/20, 08:15",roll_z_0_1pris_z_0_7pitch_y_0_7pitch_y_0_7pitch_z_0_7pris_x_0_7,"[False, False, False, False]","[-1, -1, -1, -1]",False,-1,-1,-1
109,"23/01/20, 08:16",roll_z_0_1pitch_y_0_7pitch_y_0_7pitch_x_0_7pris_x_0_7pris_x_0_7,"[False, False, False, False]","[-1, -1, -1, -1]",False,-1,-1,-1
110,"23/01/20, 08:16",roll_z_0_1pris_y_0_4pitch_x_0_4pitch_y_0_4pitch_y_0_4roll_y_0_4,"[False, True, False, False]","[-1, -1, -1, -1]",False,-1,-1,-1
111,"23/01/20, 08:16",roll_z_0_1pitch_y_0_7pitch_y_0_7pris_y_0_7pitch_y_0_7pris_x_0_7,"[False, False, False, False]","[-1, -1, -1, -1]",False,-1,-1,-1
112,"23/01/20, 08:16",roll_z_0_1roll_y_0_4pris_y_0_4pitch_z_0_4pitch_y_0_4pitch_y_0_4,"[False, False, False, False]","[-1, -1, -1, -1]",False,-1,-1,-1
113,"23/01/20, 08:16",roll_z_0_1pris_y_0_4pitch_y_0_4pitch_y_0_4roll_z_0_4pitch_y_0_4,"[False, False, False, False]","[-1, -1, -1, -1]",False,-1,-1,-1
114,"23/01/20, 08:17",roll_z_0_1pitch_y_0_4pitch_y_0_4pris_x_0_4pitch_y_0_4roll_x_0_4,"[False, False, False, False]","[-1, -1, -1, -1]",False,-1,-1,-1
115,"23/01/20, 08:17",roll_z_0_1roll_y_0_4pitch_y_0_4pitch_y_0_4pris_y_0_4pitch_z_0_4,"[False, False, False, False]","[-1, -1, -1, -1]",False,-1,-1,-1
116,"23/01/20, 08:17",roll_z_0_1roll_y_0_4roll_y_0_4pris_y_0_4roll_z_0_4pitch_y_0_4,"[False, False, False, False]","[-1, -1, -1, -1]",False,-1,-1,-1
117,"23/01/20, 08:17",roll_z_0_1pitch_y_0_4pris_x_0_4roll_x_0_4roll_y_0_4roll_y_0_4,"[False, False, False, False]","[-1, -1, -1, -1]",False,-1,-1,-1
118,"23/01/20, 08:17",roll_z_0_1pitch_y_0_4pris_x_0_4roll_y_0_4pitch_y_0_4pitch_y_0_4,"[False, False, False, False]","[-1, -1, -1, -1]",False,-1,-1,-1
119,"23/01/20, 08:18",roll_z_0_1pris_z_0_4pitch_y_0_4pitch_y_0_4roll_z_0_4pitch_y_0_4,"[False, True, False, False]","[-1, -1, -1, -1]",False,-1,-1,-1
120,"23/01/20, 08:18",roll_z_0_1roll_y_0_4roll_y_0_4pitch_y_0_4roll_z_0_4pris_y_0_4,"[False, False, True, True]","[-1, -1, -1, -1]",False,-1,-1,-1
121,"23/01/20, 08:18",roll_z_0_1pitch_y_0_4roll_z_0_4roll_y_0_4pris_z_0_4roll_y_0_4,"[False, False, False, False]","[-1, -1, -1, -1]",False,-1,-1,-1
122,"23/01/20, 08:18",roll_z_0_1pris_y_0_4pitch_y_0_4roll_x_0_4pitch_y_0_4pitch_y_0_4,"[False, False, False, False]","[-1, -1, -1, -1]",False,-1,-1,-1
123,"23/01/20, 08:19",roll_z_0_1pitch_y_0_4roll_y_0_4roll_y_0_4roll_y_0_4pris_y_0_4,"[False, False, False, False]","[-1, -1, -1, -1]",False,-1,-1,-1
124,"23/01/20, 08:19",roll_z_0_1pris_z_0_7pitch_y_0_7pris_z_0_7pitch_y_0_7pitch_x_0_7,"[False, False, False, False]","[-1, -1, -1, -1]",False,-1,-1,-1
125,"23/01/20, 08:19",roll_z_0_1pris_y_0_7pitch_y_0_7pitch_y_0_7pitch_x_0_7pris_x_0_7,"[False, False, False, False]","[-1, -1, -1, -1]",False,-1,-1,-1
126,"23/01/20, 08:19",roll_z_0_1pitch_y_0_4pitch_y_0_4pris_y_0_4roll_y_0_4pitch_y_0_4,"[False, False, False, False]","[-1, -1, -1, -1]",False,-1,-1,-1
127,"23/01/20, 08:19",roll_z_0_1pris_z_0_7pris_y_0_7pitch_y_0_7pitch_y_0_7pitch_z_0_7,"[False, False, False, False]","[-1, -1, -1, -1]",False,-1,-1,-1
128,"23/01/20, 08:20",roll_z_0_1pris_y_0_4pitch_x_0_4roll_y_0_4roll_y_0_4roll_y_0_4,"[False, False, False, False]","[-1, -1, -1, -1]",False,-1,-1,-1
129,"23/01/20, 08:20",roll_z_0_1pitch_y_0_4pitch_y_0_4pitch_z_0_4pris_y_0_4roll_y_0_4,"[False, False, False, False]","[-1, -1, -1, -1]",False,-1,-1,-1
130,"23/01/20, 08:20",roll_z_0_1pris_y_0_4pitch_z_0_4pitch_y_0_4pitch_y_0_4roll_z_0_4,"[False, True, False, False]","[-1, -1, -1, -1]",False,-1,-1,-1
131,"23/01/20, 08:20",roll_z_0_1pitch_y_0_7pitch_y_0_7pris_z_0_7pitch_x_0_7pris_z_0_7,"[False, False, False, False]","[-1, -1, -1, -1]",False,-1,-1,-1
132,"23/01/20, 08:21",roll_z_0_1pitch_y_0_4roll_y_0_4pris_z_0_4roll_y_0_4roll_y_0_4,"[False, False, False, False]","[-1, -1, -1, -1]",False,-1,-1,-1
133,"23/01/20, 08:21",roll_z_0_1pitch_y_0_4roll_y_0_4roll_y_0_4pris_y_0_4roll_z_0_4,"[False, False, False, False]","[-1, -1, -1, -1]",False,-1,-1,-1
134,"23/01/20, 08:21",roll_z_0_1pris_y_0_4roll_z_0_4roll_y_0_4pitch_y_0_4roll_x_0_4,"[False, False, False, False]","[-1, -1, -1, -1]",False,-1,-1,-1
135,"23/01/20, 08:21",roll_z_0_1pris_y_0_4roll_y_0_4roll_y_0_4roll_y_0_4pitch_y_0_4,"[False, True, False, False]","[-1, -1, -1, -1]",False,-1,-1,-1
136,"23/01/20, 08:21",roll_z_0_1roll_y_0_4roll_y_0_4pris_y_0_4pitch_x_0_4roll_x_0_4,"[False, False, False, False]","[-1, -1, -1, -1]",False,-1,-1,-1
137,"23/01/20, 08:22",roll_z_0_1pris_y_0_4pitch_y_0_4roll_z_0_4roll_y_0_4roll_y_0_4,"[False, False, False, False]","[-1, -1, -1, -1]",False,-1,-1,-1
138,"23/01/20, 08:22",roll_z_0_1pitch_y_0_7pitch_y_0_7pris_z_0_7pitch_z_0_7pris_x_0_7,"[False, False, False, False]","[-1, -1, -1, -1]",False,-1,-1,-1
139,"23/01/20, 08:22",roll_z_0_1pitch_y_0_4pitch_y_0_4pitch_x_0_4pris_y_0_4roll_z_0_4,"[False, False, False, False]","[-1, -1, -1, -1]",False,-1,-1,-1
140,"23/01/20, 08:22",roll_z_0_1pitch_y_0_4pitch_y_0_4pris_y_0_4pitch_x_0_4roll_x_0_4,"[False, False, False, False]","[-1, -1, -1, -1]",False,-1,-1,-1
141,"23/01/20, 08:22",roll_z_0_1pitch_y_0_7pitch_y_0_7pris_x_0_7pitch_z_0_7pris_z_0_7,"[False, False, False, False]","[-1, -1, -1, -1]",False,-1,-1,-1
142,"23/01/20, 08:23",roll_z_0_1pitch_y_0_4roll_z_0_4roll_y_0_4roll_y_0_4pris_z_0_4,"[False, False, False, False]","[-1, -1, -1, -1]",False,-1,-1,-1
143,"23/01/20, 08:23",roll_z_0_1pris_z_0_7pitch_y_0_7pitch_y_0_7pris_y_0_7pitch_y_0_7,"[False, False, False, False]","[-1, -1, -1, -1]",False,-1,-1,-1
144,"23/01/20, 08:23",roll_z_0_1pitch_y_0_7pitch_y_0_7pitch_z_0_7pris_z_0_7pris_y_0_7,"[False, False, False, False]","[-1, -1, -1, -1]",False,-1,-1,-1
145,"23/01/20, 08:23",roll_z_0_1pris_y_0_4pitch_z_0_4roll_x_0_4pitch_y_0_4pitch_y_0_4,"[False, False, False, False]","[-1, -1, -1, -1]",False,-1,-1,-1
146,"23/01/20, 08:23",roll_z_0_1pitch_y_0_4pris_z_0_4pitch_y_0_4pitch_z_0_4roll_z_0_4,"[False, False, False, False]","[-1, -1, -1, -1]",False,-1,-1,-1
147,"23/01/20, 08:24",roll_z_0_1pitch_y_0_4pitch_y_0_4pitch_z_0_4roll_y_0_4pris_z_0_4,"[False, False, False, True]","[-1, -1, -1, -1]",False,-1,-1,-1
148,"23/01/20, 08:24",roll_z_0_1pitch_y_0_4pitch_y_0_4pitch_z_0_4pris_x_0_4roll_x_0_4,"[False, False, False, False]","[-1, -1, -1, -1]",False,-1,-1,-1
149,"23/01/20, 08:24",roll_z_0_1pitch_y_0_7pris_x_0_7pitch_y_0_7pitch_y_0_7pris_z_0_7,"[False, False, False, False]","[-1, -1, -1, -1]",False,-1,-1,-1
150,"23/01/20, 08:24",roll_z_0_1roll_y_0_4roll_y_0_4pris_y_0_4roll_x_0_4pitch_y_0_4,"[False, False, False, False]","[-1, -1, -1, -1]",False,-1,-1,-1
151,"23/01/20, 08:25",roll_z_0_1pris_z_0_7pitch_y_0_7pitch_y_0_7pris_z_0_7pitch_x_0_7,"[False, False, False, False]","[-1, -1, -1, -1]",False,-1,-1,-1
152,"23/01/20, 08:25",roll_z_0_1roll_y_0_4pitch_y_0_4pris_z_0_4pitch_y_0_4pitch_x_0_4,"[False, False, False, False]","[-1, -1, -1, -1]",False,-1,-1,-1
153,"23/01/20, 08:25",roll_z_0_1pitch_y_0_4pitch_y_0_4pris_y_0_4pitch_y_0_4roll_x_0_4,"[False, False, False, False]","[-1, -1, -1, -1]",False,-1,-1,-1
154,"23/01/20, 08:25",roll_z_0_1pris_y_0_7pitch_y_0_7pitch_y_0_7pris_x_0_7pitch_z_0_7,"[False, False, False, False]","[-1, -1, -1, -1]",False,-1,-1,-1
155,"23/01/20, 08:25",roll_z_0_1pris_y_0_4pitch_z_0_4roll_z_0_4pitch_y_0_4pitch_y_0_4,"[False, False, False, False]","[-1, -1, -1, -1]",False,-1,-1,-1
156,"23/01/20, 08:26",roll_z_0_1pitch_y_0_4pris_y_0_4roll_x_0_4roll_y_0_4roll_y_0_4,"[False, False, False, False]","[-1, -1, -1, -1]",False,-1,-1,-1
157,"23/01/20, 08:26",roll_z_0_1pitch_y_0_7pris_y_0_7pitch_y_0_7pitch_y_0_7pris_y_0_7,"[False, False, False, False]","[-1, -1, -1, -1]",False,-1,-1,-1
158,"23/01/20, 08:26",roll_z_0_1roll_y_0_4roll_y_0_4pitch_y_0_4pris_x_0_4roll_y_0_4,"[False, False, False, False]","[-1, -1, -1, -1]",False,-1,-1,-1
159,"23/01/20, 08:26",roll_z_0_1pitch_y_0_4pris_x_0_4roll_z_0_4roll_y_0_4roll_y_0_4,"[False, False, False, False]","[-1, -1, -1, -1]",False,-1,-1,-1
160,"23/01/20, 08:26",roll_z_0_1pitch_y_0_7pitch_y_0_7pris_x_0_7pitch_x_0_7pris_y_0_7,"[False, False, False, False]","[-1, -1, -1, -1]",False,-1,-1,-1
161,"23/01/20, 08:27",roll_z_0_1pitch_y_0_4roll_z_0_4pitch_y_0_4pitch_y_0_4pris_y_0_4,"[False, False, False, False]","[-1, -1, -1, -1]",False,-1,-1,-1
162,"23/01/20, 08:27",roll_z_0_1roll_y_0_4pris_z_0_4pitch_y_0_4pitch_y_0_4pitch_z_0_4,"[False, False, False, False]","[-1, -1, -1, -1]",False,-1,-1,-1
163,"23/01/20, 08:27",roll_z_0_1roll_y_0_4pitch_y_0_4pitch_y_0_4pitch_z_0_4pris_y_0_4,"[False, False, False, False]","[-1, -1, -1, -1]",False,-1,-1,-1
164,"23/01/20, 08:27",roll_z_0_1pris_y_0_4roll_x_0_4pitch_y_0_4pitch_y_0_4pitch_x_0_4,"[False, False, False, False]","[-1, -1, -1, -1]",False,-1,-1,-1
165,"23/01/20, 08:28",roll_z_0_1pitch_y_0_4pris_z_0_4roll_z_0_4pitch_y_0_4pitch_y_0_4,"[False, False, False, False]","[-1, -1, -1, -1]",False,-1,-1,-1
166,"23/01/20, 08:28",roll_z_0_1pris_y_0_4roll_z_0_4pitch_y_0_4pitch_y_0_4pitch_z_0_4,"[False, False, False, False]","[-1, -1, -1, -1]",False,-1,-1,-1
167,"23/01/20, 08:28",roll_z_0_1roll_y_0_4roll_y_0_4pris_z_0_4pitch_y_0_4roll_z_0_4,"[False, False, False, False]","[-1, -1, -1, -1]",False,-1,-1,-1
168,"23/01/20, 08:28",roll_z_0_1roll_y_0_4roll_y_0_4pris_y_0_4roll_y_0_4pitch_y_0_4,"[False, False, False, False]","[-1, -1, -1, -1]",False,-1,-1,-1
169,"23/01/20, 08:28",roll_z_0_1pitch_y_0_4roll_z_0_4pris_y_0_4roll_z_0_4roll_y_0_4,"[False, False, False, False]","[-1, -1, -1, -1]",False,-1,-1,-1
170,"23/01/20, 08:28",roll_z_0_1pitch_y_0_7pris_y_0_7pitch_y_0_7pitch_y_0_7pris_z_0_7,"[False, False, False, False]","[-1, -1, -1, -1]",False,-1,-1,-1
171,"23/01/20, 08:29",roll_z_0_1pris_z_0_7pitch_y_0_7pitch_y_0_7pitch_x_0_7pris_z_0_7,"[False, False, False, False]","[-1, -1, -1, -1]",False,-1,-1,-1
172,"23/01/20, 08:29",roll_z_0_1pris_z_0_4pitch_y_0_4pitch_y_0_4pitch_z_0_4roll_z_0_4,"[False, False, False, False]","[-1, -1, -1, -1]",False,-1,-1,-1
173,"23/01/20, 08:29",roll_z_0_1pitch_y_0_4pitch_y_0_4pitch_z_0_4pris_y_0_4roll_x_0_4,"[False, False, False, False]","[-1, -1, -1, -1]",False,-1,-1,-1
174,"23/01/20, 08:29",roll_z_0_1pris_y_0_4roll_z_0_4roll_y_0_4roll_y_0_4pitch_y_0_4,"[False, True, False, False]","[-1, -1, -1, -1]",False,-1,-1,-1
175,"23/01/20, 08:30",roll_z_0_1pitch_y_0_4roll_y_0_4roll_y_0_4pris_z_0_4roll_y_0_4,"[False, False, False, False]","[-1, -1, -1, -1]",False,-1,-1,-1
176,"23/01/20, 08:30",roll_z_0_1pitch_y_0_7pitch_y_0_7pris_x_0_7pitch_z_0_7pris_x_0_7,"[False, False, False, False]","[-1, -1, -1, -1]",False,-1,-1,-1
177,"23/01/20, 08:30",roll_z_0_1pitch_y_0_4pris_z_0_4pitch_y_0_4pitch_x_0_4roll_y_0_4,"[False, False, False, False]","[-1, -1, -1, -1]",False,-1,-1,-1
178,"23/01/20, 08:30",roll_z_0_1pitch_y_0_7pitch_y_0_7pris_x_0_7pris_x_0_7pitch_x_0_7,"[False, False, False, False]","[-1, -1, -1, -1]",False,-1,-1,-1
179,"23/01/20, 08:30",roll_z_0_1pris_y_0_7pitch_y_0_7pitch_y_0_7pitch_z_0_7pris_x_0_7,"[False, False, False, False]","[-1, -1, -1, -1]",False,-1,-1,-1
180,"23/01/20, 08:31",roll_z_0_1pitch_y_0_7pris_x_0_7pris_y_0_7pitch_y_0_7pitch_y_0_7,"[False, False, False, False]","[-1, -1, -1, -1]",False,-1,-1,-1
181,"23/01/20, 08:31",roll_z_0_1roll_y_0_4roll_y_0_4pris_y_0_4pitch_z_0_4roll_x_0_4,"[False, False, False, False]","[-1, -1, -1, -1]",False,-1,-1,-1
182,"23/01/20, 08:31",roll_z_0_1pitch_y_0_7pris_z_0_7pris_x_0_7pitch_y_0_7pitch_y_0_7,"[False, False, False, False]","[-1, -1, -1, -1]",False,-1,-1,-1
183,"23/01/20, 08:31",roll_z_0_1pris_y_0_4pitch_y_0_4roll_y_0_4pitch_y_0_4pitch_y_0_4,"[False, False, False, False]","[-1, -1, -1, -1]",False,-1,-1,-1
184,"23/01/20, 08:32",roll_z_0_1pris_y_0_7pitch_y_0_7pitch_y_0_7pitch_z_0_7pris_z_0_7,"[False, False, False, False]","[-1, -1, -1, -1]",False,-1,-1,-1
185,"23/01/20, 08:32",roll_z_0_1pitch_y_0_4roll_x_0_4pitch_y_0_4pitch_y_0_4pris_z_0_4,"[False, False, False, False]","[-1, -1, -1, -1]",False,-1,-1,-1
186,"23/01/20, 08:32",roll_z_0_1pitch_y_0_4pitch_y_0_4pitch_z_0_4pris_x_0_4roll_y_0_4,"[False, False, False, False]","[-1, -1, -1, -1]",False,-1,-1,-1
187,"23/01/20, 08:32",roll_z_0_1pris_z_0_4pitch_y_0_4pitch_y_0_4roll_x_0_4pitch_y_0_4,"[False, False, False, False]","[-1, -1, -1, -1]",False,-1,-1,-1
188,"23/01/20, 08:32",roll_z_0_1pris_y_0_7pitch_y_0_7pitch_y_0_7pris_y_0_7pitch_z_0_7,"[False, False, False, False]","[-1, -1, -1, -1]",False,-1,-1,-1
189,"23/01/20, 08:33",roll_z_0_1pitch_y_0_4roll_z_0_4pris_y_0_4roll_y_0_4roll_y_0_4,"[False, False, False, False]","[-1, -1, -1, -1]",False,-1,-1,-1
190,"23/01/20, 08:33",roll_z_0_1pris_y_0_4pitch_z_0_4roll_y_0_4roll_y_0_4roll_y_0_4,"[False, False, False, False]","[-1, -1, -1, -1]",False,-1,-1,-1
191,"23/01/20, 08:33",roll_z_0_1pitch_y_0_4pitch_y_0_4pris_y_0_4pitch_z_0_4roll_z_0_4,"[False, False, False, False]","[-1, -1, -1, -1]",False,-1,-1,-1
192,"23/01/20, 08:33",roll_z_0_1pris_y_0_7pitch_y_0_7pris_y_0_7pitch_y_0_7pitch_y_0_7,"[False, False, False, False]","[-1, -1, -1, -1]",False,-1,-1,-1
193,"23/01/20, 08:33",roll_z_0_1pris_y_0_4roll_y_0_4pitch_y_0_4roll_y_0_4roll_y_0_4,"[False, False, False, False]","[-1, -1, -1, -1]",False,-1,-1,-1
194,"23/01/20, 08:34",roll_z_0_1pitch_y_0_4pitch_y_0_4pitch_x_0_4roll_y_0_4pris_z_0_4,"[False, False, False, False]","[-1, -1, -1, -1]",False,-1,-1,-1
195,"23/01/20, 08:34",roll_z_0_1pitch_y_0_7pitch_y_0_7pris_x_0_7pitch_y_0_7pris_y_0_7,"[False, False, False, False]","[-1, -1, -1, -1]",False,-1,-1,-1
196,"23/01/20, 08:34",roll_z_0_1pitch_y_0_7pitch_y_0_7pitch_z_0_7pris_y_0_7pris_y_0_7,"[False, False, False, False]","[-1, -1, -1, -1]",False,-1,-1,-1
197,"23/01/20, 08:34",roll_z_0_1pitch_y_0_7pris_y_0_7pris_x_0_7pitch_y_0_7pitch_y_0_7,"[False, False, False, False]","[-1, -1, -1, -1]",False,-1,-1,-1
198,"23/01/20, 08:34",roll_z_0_1pitch_y_0_4pris_z_0_4pitch_y_0_4roll_y_0_4pitch_y_0_4,"[False, False, False, False]","[-1, -1, -1, -1]",False,-1,-1,-1
199,"23/01/20, 08:35",roll_z_0_1roll_y_0_4roll_y_0_4pitch_y_0_4pris_x_0_4roll_z_0_4,"[False, False, False, False]","[-1, -1, -1, -1]",False,-1,-1,-1
200,"23/01/20, 08:35",roll_z_0_1pitch_y_0_4roll_z_0_4roll_y_0_4pris_y_0_4roll_x_0_4,"[False, False, False, False]","[-1, -1, -1, -1]",False,-1,-1,-1
201,"23/01/20, 08:35",roll_z_0_1pitch_y_0_4roll_x_0_4pris_y_0_4pitch_y_0_4pitch_y_0_4,"[True, False, False, False]","[-1, -1, -1, -1]",False,-1,-1,-1
202,"23/01/20, 08:35",roll_z_0_1pitch_y_0_4pitch_y_0_4pris_x_0_4roll_y_0_4pitch_y_0_4,"[False, False, False, False]","[-1, -1, -1, -1]",False,-1,-1,-1
203,"23/01/20, 08:36",roll_z_0_1pitch_y_0_7pitch_y_0_7pitch_z_0_7pris_z_0_7pris_x_0_7,"[False, False, False, False]","[-1, -1, -1, -1]",False,-1,-1,-1
204,"23/01/20, 08:36",roll_z_0_1pris_y_0_4roll_y_0_4pitch_y_0_4pitch_y_0_4pitch_z_0_4,"[False, False, False, False]","[-1, -1, -1, -1]",False,-1,-1,-1
205,"23/01/20, 08:36",roll_z_0_1pitch_y_0_4roll_y_0_4pris_y_0_4roll_y_0_4roll_y_0_4,"[False, False, False, False]","[-1, -1, -1, -1]",False,-1,-1,-1
206,"23/01/20, 08:36",roll_z_0_1pris_z_0_4pitch_y_0_4pitch_y_0_4pitch_z_0_4roll_x_0_4,"[False, True, False, False]","[-1, -1, -1, -1]",False,-1,-1,-1
207,"23/01/20, 08:36",roll_z_0_1pitch_y_0_4roll_x_0_4pris_y_0_4roll_x_0_4roll_y_0_4,"[False, False, False, False]","[-1, -1, -1, -1]",False,-1,-1,-1
208,"23/01/20, 08:37",roll_z_0_1pris_z_0_4roll_y_0_4pitch_y_0_4pitch_y_0_4pitch_x_0_4,"[False, True, False, False]","[-1, -1, -1, -1]",False,-1,-1,-1
209,"23/01/20, 08:37",roll_z_0_1pitch_y_0_7pitch_y_0_7pris_x_0_7pitch_x_0_7pris_z_0_7,"[False, False, False, False]","[-1, -1, -1, -1]",False,-1,-1,-1
210,"23/01/20, 08:37",roll_z_0_1pris_y_0_4pitch_x_0_4pitch_y_0_4pitch_y_0_4roll_z_0_4,"[False, False, False, False]","[-1, -1, -1, -1]",False,-1,-1,-1
211,"23/01/20, 08:37",roll_z_0_1pitch_y_0_4pitch_y_0_4roll_x_0_4pris_y_0_4pitch_x_0_4,"[False, False, False, False]","[-1, -1, -1, -1]",False,-1,-1,-1
212,"23/01/20, 08:38",roll_z_0_1pitch_y_0_4pitch_y_0_4pitch_x_0_4pris_x_0_4roll_z_0_4,"[False, False, False, False]","[-1, -1, -1, -1]",False,-1,-1,-1
213,"23/01/20, 08:38",roll_z_0_1pitch_y_0_4roll_z_0_4roll_y_0_4pris_y_0_4roll_z_0_4,"[False, False, False, False]","[-1, -1, -1, -1]",False,-1,-1,-1
214,"23/01/20, 08:38",roll_z_0_1pitch_y_0_7pitch_y_0_7pitch_z_0_7pris_x_0_7pris_y_0_7,"[False, False, False, False]","[-1, -1, -1, -1]",False,-1,-1,-1
215,"23/01/20, 08:38",roll_z_0_1pris_z_0_7pitch_y_0_7pitch_y_0_7pris_y_0_7pitch_z_0_7,"[False, False, False, False]","[-1, -1, -1, -1]",False,-1,-1,-1
216,"23/01/20, 08:38",roll_z_0_1pitch_y_0_4roll_z_0_4pitch_y_0_4pris_z_0_4pitch_y_0_4,"[False, False, False, False]","[-1, -1, -1, -1]",False,-1,-1,-1
217,"23/01/20, 08:39",roll_z_0_1pris_y_0_4pitch_z_0_4roll_x_0_4roll_y_0_4roll_y_0_4,"[False, False, False, False]","[-1, -1, -1, -1]",False,-1,-1,-1
218,"23/01/20, 08:39",roll_z_0_1pitch_y_0_7pris_z_0_7pitch_y_0_7pris_y_0_7pitch_y_0_7,"[False, False, False, False]","[-1, -1, -1, -1]",False,-1,-1,-1
219,"23/01/20, 08:39",roll_z_0_1pitch_y_0_4roll_y_0_4pris_z_0_4pitch_y_0_4pitch_y_0_4,"[False, False, False, False]","[-1, -1, -1, -1]",False,-1,-1,-1
220,"23/01/20, 08:39",roll_z_0_1pris_y_0_4pitch_y_0_4roll_z_0_4pitch_y_0_4pitch_y_0_4,"[False, False, False, False]","[-1, -1, -1, -1]",False,-1,-1,-1
221,"23/01/20, 08:39",roll_z_0_1pitch_y_0_7pris_z_0_7pitch_y_0_7pris_x_0_7pitch_x_0_7,"[False, False, False, False]","[-1, -1, -1, -1]",False,-1,-1,-1
222,"23/01/20, 08:40",roll_z_0_1pitch_y_0_7pitch_y_0_7pris_y_0_7pitch_z_0_7pris_z_0_7,"[False, False, False, False]","[-1, -1, -1, -1]",False,-1,-1,-1
223,"23/01/20, 08:40",roll_z_0_1pris_y_0_4roll_x_0_4roll_y_0_4pitch_y_0_4roll_y_0_4,"[False, False, False, False]","[-1, -1, -1, -1]",False,-1,-1,-1
224,"23/01/20, 08:40",roll_z_0_1roll_y_0_4pitch_y_0_4pris_x_0_4pitch_y_0_4pitch_y_0_4,"[False, False, False, False]","[-1, -1, -1, -1]",False,-1,-1,-1
225,"23/01/20, 08:40",roll_z_0_1pitch_y_0_4roll_x_0_4roll_y_0_4roll_y_0_4pris_y_0_4,"[False, False, False, False]","[-1, -1, -1, -1]",False,-1,-1,-1
226,"23/01/20, 08:40",roll_z_0_1pitch_y_0_7pris_z_0_7pitch_y_0_7pris_z_0_7pitch_z_0_7,"[False, False, False, False]","[-1, -1, -1, -1]",False,-1,-1,-1
227,"23/01/20, 08:41",roll_z_0_1roll_y_0_4pitch_y_0_4pitch_y_0_4pris_x_0_4pitch_z_0_4,"[False, False, False, False]","[-1, -1, -1, -1]",False,-1,-1,-1
228,"23/01/20, 08:41",roll_z_0_1pitch_y_0_4pitch_y_0_4pitch_x_0_4pris_y_0_4roll_x_0_4,"[False, False, False, False]","[-1, -1, -1, -1]",False,-1,-1,-1
229,"23/01/20, 08:41",roll_z_0_1pitch_y_0_4pitch_y_0_4pitch_x_0_4pris_z_0_4roll_x_0_4,"[False, False, False, False]","[-1, -1, -1, -1]",False,-1,-1,-1
230,"23/01/20, 08:41",roll_z_0_1pitch_y_0_4pitch_y_0_4pris_y_0_4roll_x_0_4pitch_y_0_4,"[False, False, False, False]","[-1, -1, -1, -1]",False,-1,-1,-1
231,"23/01/20, 08:41",roll_z_0_1pitch_y_0_7pris_y_0_7pris_y_0_7pitch_y_0_7pitch_y_0_7,"[False, False, False, False]","[-1, -1, -1, -1]",False,-1,-1,-1
232,"23/01/20, 08:42",roll_z_0_1pitch_y_0_4pitch_y_0_4pitch_x_0_4pris_z_0_4roll_z_0_4,"[False, False, False, False]","[-1, -1, -1, -1]",False,-1,-1,-1
233,"23/01/20, 08:42",roll_z_0_1pitch_y_0_4pris_y_0_4roll_y_0_4pitch_y_0_4pitch_y_0_4,"[False, False, False, False]","[-1, -1, -1, -1]",False,-1,-1,-1
234,"23/01/20, 08:42",roll_z_0_1pris_z_0_7pitch_y_0_7pitch_y_0_7pitch_z_0_7pris_z_0_7,"[False, False, False, False]","[-1, -1, -1, -1]",False,-1,-1,-1
235,"23/01/20, 08:42",roll_z_0_1pris_y_0_4roll_y_0_4roll_y_0_4pitch_y_0_4roll_x_0_4,"[False, False, False, False]","[-1, -1, -1, -1]",False,-1,-1,-1
236,"23/01/20, 08:43",roll_z_0_1pitch_y_0_4pris_x_0_4pitch_y_0_4pitch_y_0_4roll_z_0_4,"[False, False, False, False]","[-1, -1, -1, -1]",False,-1,-1,-1
237,"23/01/20, 08:43",roll_z_0_1pitch_y_0_7pitch_y_0_7pitch_x_0_7pris_y_0_7pris_x_0_7,"[False, False, False, False]","[-1, -1, -1, -1]",False,-1,-1,-1
238,"23/01/20, 08:43",roll_z_0_1pris_z_0_7pris_y_0_7pitch_x_0_7pitch_y_0_7pitch_y_0_7,"[False, False, False, False]","[-1, -1, -1, -1]",False,-1,-1,-1
239,"23/01/20, 08:43",roll_z_0_1pris_y_0_7pris_x_0_7pitch_y_0_7pitch_y_0_7pitch_z_0_7,"[False, False, False, False]","[-1, -1, -1, -1]",False,-1,-1,-1
240,"23/01/20, 08:43",roll_z_0_1pitch_y_0_4pitch_y_0_4pitch_x_0_4pris_x_0_4roll_x_0_4,"[False, False, False, False]","[-1, -1, -1, -1]",False,-1,-1,-1
241,"23/01/20, 08:44",roll_z_0_1pitch_y_0_7pitch_y_0_7pris_x_0_7pris_y_0_7pitch_y_0_7,"[False, False, False, False]","[-1, -1, -1, -1]",False,-1,-1,-1
242,"23/01/20, 08:44",roll_z_0_1pitch_y_0_4roll_y_0_4pitch_y_0_4pitch_y_0_4pris_z_0_4,"[False, False, False, True]","[-1, -1, -1, -1]",False,-1,-1,-1
243,"23/01/20, 08:44",roll_z_0_1pris_y_0_7pitch_z_0_7pris_x_0_7pitch_y_0_7pitch_y_0_7,"[False, False, False, False]","[-1, -1, -1, -1]",False,-1,-1,-1
244,"23/01/20, 08:44",roll_z_0_1pris_y_0_7pitch_z_0_7pris_z_0_7pitch_y_0_7pitch_y_0_7,"[False, False, False, False]","[-1, -1, -1, -1]",False,-1,-1,-1
245,"23/01/20, 08:44",roll_z_0_1pitch_y_0_7pitch_y_0_7pris_y_0_7pris_x_0_7pitch_y_0_7,"[False, False, False, False]","[-1, -1, -1, -1]",False,-1,-1,-1
246,"23/01/20, 08:45",roll_z_0_1pris_y_0_4pitch_x_0_4roll_x_0_4pitch_y_0_4pitch_y_0_4,"[False, False, False, True]","[-1, -1, -1, -1]",False,-1,-1,-1
247,"23/01/20, 08:45",roll_z_0_1pitch_y_0_7pitch_y_0_7pris_x_0_7pitch_z_0_7pris_y_0_7,"[False, False, False, False]","[-1, -1, -1, -1]",False,-1,-1,-1
248,"23/01/20, 08:45",roll_z_0_1pitch_y_0_4pitch_y_0_4pitch_x_0_4pris_x_0_4roll_y_0_4,"[False, False, False, False]","[-1, -1, -1, -1]",False,-1,-1,-1
249,"23/01/20, 08:45",roll_z_0_1pris_y_0_4pitch_x_0_4roll_x_0_4roll_y_0_4roll_y_0_4,"[False, False, False, False]","[-1, -1, -1, -1]",False,-1,-1,-1
250,"23/01/20, 08:45",roll_z_0_1pitch_y_0_7pitch_y_0_7pris_y_0_7pris_y_0_7pitch_y_0_7,"[False, False, False, False]","[-1, -1, -1, -1]",False,-1,-1,-1
251,"23/01/20, 08:46",roll_z_0_1pitch_y_0_4pitch_y_0_4roll_z_0_4pris_z_0_4pitch_y_0_4,"[False, False, False, False]","[-1, -1, -1, -1]",False,-1,-1,-1
252,"23/01/20, 08:46",roll_z_0_1pitch_y_0_4roll_z_0_4roll_y_0_4roll_y_0_4pris_y_0_4,"[False, False, False, False]","[-1, -1, -1, -1]",False,-1,-1,-1
253,"23/01/20, 08:46",roll_z_0_1pitch_y_0_4pitch_y_0_4pitch_z_0_4pris_z_0_4roll_z_0_4,"[False, False, False, False]","[-1, -1, -1, -1]",False,-1,-1,-1
254,"23/01/20, 08:46",roll_z_0_1pitch_y_0_4pitch_y_0_4pris_x_0_4roll_x_0_4pitch_y_0_4,"[False, False, False, False]","[-1, -1, -1, -1]",False,-1,-1,-1
255,"23/01/20, 08:46",roll_z_0_1pitch_y_0_7pris_x_0_7pris_x_0_7pitch_y_0_7pitch_y_0_7,"[False, False, False, False]","[-1, -1, -1, -1]",False,-1,-1,-1
256,"23/01/20, 08:47",roll_z_0_1pitch_y_0_4pris_y_0_4roll_z_0_4pitch_y_0_4pitch_y_0_4,"[False, False, False, False]","[-1, -1, -1, -1]",False,-1,-1,-1
257,"23/01/20, 08:47",roll_z_0_1pitch_y_0_4pitch_y_0_4pitch_x_0_4roll_z_0_4pris_y_0_4,"[False, False, False, False]","[-1, -1, -1, -1]",False,-1,-1,-1
258,"23/01/20, 08:47",roll_z_0_1pris_z_0_4pitch_y_0_4roll_z_0_4pitch_y_0_4pitch_y_0_4,"[False, False, False, True]","[-1, -1, -1, -1]",False,-1,-1,-1
259,"23/01/20, 08:47",roll_z_0_1pitch_y_0_7pitch_y_0_7pris_y_0_7pris_x_0_7pitch_x_0_7,"[False, False, False, False]","[-1, -1, -1, -1]",False,-1,-1,-1
260,"23/01/20, 08:47",roll_z_0_1pris_y_0_7pitch_y_0_7pitch_y_0_7pris_x_0_7pitch_y_0_7,"[False, False, False, False]","[-1, -1, -1, -1]",False,-1,-1,-1
261,"23/01/20, 08:48",roll_z_0_1pitch_y_0_7pitch_y_0_7pris_z_0_7pris_y_0_7pitch_x_0_7,"[False, False, False, False]","[-1, -1, -1, -1]",False,-1,-1,-1
262,"23/01/20, 08:48",roll_z_0_1roll_y_0_4roll_y_0_4pris_z_0_4pitch_y_0_4roll_y_0_4,"[False, False, False, False]","[-1, -1, -1, -1]",False,-1,-1,-1
263,"23/01/20, 08:48",roll_z_0_1pris_y_0_4pitch_x_0_4roll_z_0_4roll_y_0_4roll_y_0_4,"[False, False, False, False]","[-1, -1, -1, -1]",False,-1,-1,-1
264,"23/01/20, 08:48",roll_z_0_1pitch_y_0_4pitch_y_0_4roll_y_0_4pris_z_0_4pitch_y_0_4,"[False, False, False, False]","[-1, -1, -1, -1]",False,-1,-1,-1
265,"23/01/20, 08:49",roll_z_0_1pitch_y_0_7pitch_y_0_7pris_y_0_7pitch_x_0_7pris_x_0_7,"[False, False, False, False]","[-1, -1, -1, -1]",False,-1,-1,-1
266,"23/01/20, 08:49",roll_z_0_1pitch_y_0_7pitch_y_0_7pris_y_0_7pitch_y_0_7pris_z_0_7,"[False, False, False, False]","[-1, -1, -1, -1]",False,-1,-1,-1
267,"23/01/20, 08:49",roll_z_0_1pris_z_0_7pitch_y_0_7pitch_y_0_7pris_z_0_7pitch_z_0_7,"[False, False, False, False]","[-1, -1, -1, -1]",False,-1,-1,-1
268,"23/01/20, 08:49",roll_z_0_1pitch_y_0_7pitch_y_0_7pris_z_0_7pitch_z_0_7pris_z_0_7,"[False, False, False, False]","[-1, -1, -1, -1]",False,-1,-1,-1
269,"23/01/20, 08:49",roll_z_0_1pris_z_0_7pitch_y_0_7pitch_y_0_7pris_x_0_7pitch_y_0_7,"[False, False, False, False]","[-1, -1, -1, -1]",False,-1,-1,-1
270,"23/01/20, 08:50",roll_z_0_1pitch_y_0_4pitch_y_0_4roll_x_0_4pitch_y_0_4pris_z_0_4,"[False, False, False, False]","[-1, -1, -1, -1]",False,-1,-1,-1
271,"23/01/20, 08:50",roll_z_0_1pitch_y_0_7pitch_y_0_7pris_y_0_7pris_x_0_7pitch_z_0_7,"[False, False, False, False]","[-1, -1, -1, -1]",False,-1,-1,-1
272,"23/01/20, 08:50",roll_z_0_1pitch_y_0_4pitch_y_0_4pris_x_0_4pitch_z_0_4roll_y_0_4,"[False, False, False, False]","[-1, -1, -1, -1]",False,-1,-1,-1
273,"23/01/20, 08:50",roll_z_0_1pitch_y_0_4pitch_y_0_4pris_z_0_4roll_y_0_4pitch_y_0_4,"[False, False, False, False]","[-1, -1, -1, -1]",False,-1,-1,-1
274,"23/01/20, 08:50",roll_z_0_1pris_y_0_4roll_x_0_4roll_y_0_4pitch_y_0_4roll_z_0_4,"[False, False, False, False]","[-1, -1, -1, -1]",False,-1,-1,-1
275,"23/01/20, 08:50",roll_z_0_1pitch_y_0_4pitch_y_0_4pitch_z_0_4roll_z_0_4pris_y_0_4,"[False, False, False, False]","[-1, -1, -1, -1]",False,-1,-1,-1
276,"23/01/20, 08:51",roll_z_0_1pitch_y_0_4pitch_y_0_4roll_y_0_4pitch_y_0_4pris_z_0_4,"[False, False, False, True]","[-1, -1, -1, -1]",False,-1,-1,-1
277,"23/01/20, 08:51",roll_z_0_1pitch_y_0_4pitch_y_0_4roll_y_0_4pris_y_0_4pitch_y_0_4,"[False, False, False, False]","[-1, -1, -1, -1]",False,-1,-1,-1
278,"23/01/20, 08:51",roll_z_0_1pitch_y_0_7pris_y_0_7pitch_y_0_7pitch_y_0_7pris_x_0_7,"[False, False, False, False]","[-1, -1, -1, -1]",False,-1,-1,-1
279,"23/01/20, 08:51",roll_z_0_1pris_y_0_7pitch_x_0_7pris_y_0_7pitch_y_0_7pitch_y_0_7,"[False, False, False, False]","[-1, -1, -1, -1]",False,-1,-1,-1
280,"23/01/20, 08:52",roll_z_0_1roll_y_0_4pitch_y_0_4pitch_y_0_4pris_x_0_4pitch_x_0_4,"[False, False, False, False]","[-1, -1, -1, -1]",False,-1,-1,-1
281,"23/01/20, 08:52",roll_z_0_1pris_y_0_4roll_z_0_4pitch_y_0_4roll_z_0_4roll_y_0_4,"[False, False, False, False]","[-1, -1, -1, -1]",False,-1,-1,-1
282,"23/01/20, 08:52",roll_z_0_1pitch_y_0_4pris_z_0_4pitch_y_0_4roll_x_0_4pitch_y_0_4,"[False, False, False, False]","[-1, -1, -1, -1]",False,-1,-1,-1
283,"23/01/20, 08:52",roll_z_0_1pitch_y_0_4roll_x_0_4pris_y_0_4roll_z_0_4roll_y_0_4,"[False, True, False, False]","[-1, -1, -1, -1]",False,-1,-1,-1
284,"23/01/20, 08:52",roll_z_0_1pris_y_0_7pitch_x_0_7pitch_y_0_7pitch_y_0_7pris_x_0_7,"[False, False, False, False]","[-1, -1, -1, -1]",False,-1,-1,-1
285,"23/01/20, 08:53",roll_z_0_1pitch_y_0_7pris_z_0_7pris_y_0_7pitch_y_0_7pitch_y_0_7,"[False, False, False, False]","[-1, -1, -1, -1]",False,-1,-1,-1
286,"23/01/20, 08:53",roll_z_0_1roll_y_0_4pitch_y_0_4pitch_y_0_4pitch_x_0_4pris_y_0_4,"[False, False, False, True]","[-1, -1, -1, -1]",False,-1,-1,-1
287,"23/01/20, 08:53",roll_z_0_1pitch_y_0_4pris_z_0_4roll_x_0_4pitch_y_0_4pitch_y_0_4,"[False, False, False, False]","[-1, -1, -1, -1]",False,-1,-1,-1
288,"23/01/20, 08:53",roll_z_0_1pitch_y_0_7pitch_y_0_7pitch_x_0_7pris_z_0_7pris_y_0_7,"[False, False, False, False]","[-1, -1, -1, -1]",False,-1,-1,-1
289,"23/01/20, 08:54",roll_z_0_1roll_y_0_4roll_y_0_4pris_y_0_4pitch_z_0_4roll_y_0_4,"[False, False, False, False]","[-1, -1, -1, -1]",False,-1,-1,-1
290,"23/01/20, 08:54",roll_z_0_1roll_y_0_4roll_y_0_4pitch_y_0_4roll_z_0_4pris_z_0_4,"[False, False, False, True]","[-1, -1, -1, -1]",False,-1,-1,-1
291,"23/01/20, 08:54",roll_z_0_1pitch_y_0_7pitch_y_0_7pris_x_0_7pitch_y_0_7pris_x_0_7,"[False, False, False, False]","[-1, -1, -1, -1]",False,-1,-1,-1
292,"23/01/20, 08:54",roll_z_0_1pitch_y_0_4pitch_y_0_4pitch_z_0_4pris_z_0_4roll_x_0_4,"[False, False, False, False]","[-1, -1, -1, -1]",False,-1,-1,-1
293,"23/01/20, 08:54",roll_z_0_1pitch_y_0_7pitch_y_0_7pris_x_0_7pitch_y_0_7pris_z_0_7,"[False, False, False, False]","[-1, -1, -1, -1]",False,-1,-1,-1
294,"23/01/20, 08:55",roll_z_0_1roll_y_0_4pitch_y_0_4pris_z_0_4pitch_y_0_4pitch_z_0_4,"[False, False, False, False]","[-1, -1, -1, -1]",False,-1,-1,-1
295,"23/01/20, 08:55",roll_z_0_1pitch_y_0_4pitch_y_0_4pris_y_0_4pitch_x_0_4roll_z_0_4,"[False, False, False, False]","[-1, -1, -1, -1]",False,-1,-1,-1
296,"23/01/20, 08:55",roll_z_0_1pitch_y_0_4pitch_y_0_4pris_z_0_4pitch_x_0_4roll_y_0_4,"[False, False, False, False]","[-1, -1, -1, -1]",False,-1,-1,-1
297,"23/01/20, 08:55",roll_z_0_1pitch_y_0_4pris_x_0_4pitch_y_0_4pitch_y_0_4roll_y_0_4,"[False, False, False, False]","[-1, -1, -1, -1]",False,-1,-1,-1
298,"23/01/20, 08:55",roll_z_0_1pitch_y_0_4roll_z_0_4pris_y_0_4roll_x_0_4roll_y_0_4,"[False, False, False, False]","[-1, -1, -1, -1]",False,-1,-1,-1
299,"23/01/20, 08:56",roll_z_0_1pitch_y_0_4pitch_y_0_4pris_y_0_4roll_z_0_4pitch_y_0_4,"[False, False, False, False]","[-1, -1, -1, -1]",False,-1,-1,-1
300,"23/01/20, 08:56",roll_z_0_1roll_y_0_4roll_y_0_4pitch_y_0_4pris_y_0_4roll_x_0_4,"[False, False, False, False]","[-1, -1, -1, -1]",False,-1,-1,-1
301,"23/01/20, 08:56",roll_z_0_1roll_y_0_4pitch_y_0_4pitch_y_0_4pris_z_0_4pitch_x_0_4,"[False, False, False, False]","[-1, -1, -1, -1]",False,-1,-1,-1
302,"23/01/20, 08:56",roll_z_0_1pris_y_0_7pitch_z_0_7pitch_y_0_7pitch_y_0_7pris_z_0_7,"[False, False, False, False]","[-1, -1, -1, -1]",False,-1,-1,-1
303,"23/01/20, 08:56",roll_z_0_1pitch_y_0_4roll_z_0_4pris_y_0_4pitch_y_0_4pitch_y_0_4,"[False, False, False, False]","[-1, -1, -1, -1]",False,-1,-1,-1
304,"23/01/20, 08:57",roll_z_0_1roll_y_0_4pitch_y_0_4pitch_y_0_4pris_y_0_4pitch_y_0_4,"[False, False, False, False]","[-1, -1, -1, -1]",False,-1,-1,-1
305,"23/01/20, 08:57",roll_z_0_1pitch_y_0_4pris_z_0_4roll_y_0_4roll_y_0_4roll_y_0_4,"[False, False, False, False]","[-1, -1, -1, -1]",False,-1,-1,-1
306,"23/01/20, 08:57",roll_z_0_1pitch_y_0_4roll_z_0_4pitch_y_0_4pitch_y_0_4pris_x_0_4,"[False, False, False, False]","[-1, -1, -1, -1]",False,-1,-1,-1
307,"23/01/20, 08:57",roll_z_0_1pitch_y_0_7pris_z_0_7pitch_y_0_7pris_y_0_7pitch_z_0_7,"[False, False, False, False]","[-1, -1, -1, -1]",False,-1,-1,-1
308,"23/01/20, 08:57",roll_z_0_1pitch_y_0_4pris_y_0_4pitch_y_0_4pitch_y_0_4roll_y_0_4,"[False, False, False, False]","[-1, -1, -1, -1]",False,-1,-1,-1
309,"23/01/20, 08:58",roll_z_0_1pitch_y_0_7pris_z_0_7pitch_y_0_7pris_z_0_7pitch_x_0_7,"[False, False, False, False]","[-1, -1, -1, -1]",False,-1,-1,-1
310,"23/01/20, 08:58",roll_z_0_1pitch_y_0_4roll_y_0_4roll_y_0_4pris_y_0_4roll_x_0_4,"[False, False, False, False]","[-1, -1, -1, -1]",False,-1,-1,-1
311,"23/01/20, 08:58",roll_z_0_1pitch_y_0_4pris_z_0_4pitch_y_0_4pitch_x_0_4roll_x_0_4,"[False, False, False, False]","[-1, -1, -1, -1]",False,-1,-1,-1
312,"23/01/20, 08:58",roll_z_0_1pris_z_0_4pitch_y_0_4roll_y_0_4pitch_y_0_4pitch_y_0_4,"[False, False, False, False]","[-1, -1, -1, -1]",False,-1,-1,-1
313,"23/01/20, 08:59",roll_z_0_1pitch_y_0_4pitch_y_0_4roll_z_0_4pitch_y_0_4pris_y_0_4,"[False, False, False, False]","[-1, -1, -1, -1]",False,-1,-1,-1
314,"23/01/20, 08:59",roll_z_0_1pitch_y_0_4pitch_y_0_4pris_x_0_4pitch_x_0_4roll_y_0_4,"[False, False, False, False]","[-1, -1, -1, -1]",False,-1,-1,-1
315,"23/01/20, 08:59",roll_z_0_1roll_y_0_4roll_y_0_4pitch_y_0_4pris_y_0_4roll_z_0_4,"[False, False, False, False]","[-1, -1, -1, -1]",False,-1,-1,-1
316,"23/01/20, 08:59",roll_z_0_1pris_y_0_7pitch_y_0_7pitch_y_0_7pris_x_0_7pitch_x_0_7,"[False, False, False, False]","[-1, -1, -1, -1]",False,-1,-1,-1
317,"23/01/20, 09:00",roll_z_0_1pris_z_0_4pitch_y_0_4pitch_y_0_4roll_y_0_4pitch_y_0_4,"[False, True, False, False]","[-1, -1, -1, -1]",False,-1,-1,-1
318,"23/01/20, 09:00",roll_z_0_1pris_y_0_4pitch_y_0_4pitch_y_0_4pitch_x_0_4roll_x_0_4,"[False, False, False, False]","[-1, -1, -1, -1]",False,-1,-1,-1
319,"23/01/20, 09:00",roll_z_0_1pitch_y_0_4pitch_y_0_4pitch_x_0_4roll_x_0_4pris_z_0_4,"[False, False, False, False]","[-1, -1, -1, -1]",False,-1,-1,-1
320,"23/01/20, 09:00",roll_z_0_1pitch_y_0_4pris_y_0_4roll_z_0_4roll_y_0_4roll_y_0_4,"[False, False, False, False]","[-1, -1, -1, -1]",False,-1,-1,-1
321,"23/01/20, 09:00",roll_z_0_1pris_y_0_7pitch_y_0_7pris_z_0_7pitch_y_0_7pitch_z_0_7,"[False, False, False, False]","[-1, -1, -1, -1]",False,-1,-1,-1
322,"23/01/20, 09:01",roll_z_0_1roll_y_0_4roll_y_0_4pitch_y_0_4pris_y_0_4roll_y_0_4,"[False, False, False, False]","[-1, -1, -1, -1]",False,-1,-1,-1
323,"23/01/20, 09:01",roll_z_0_1pitch_y_0_4pris_z_0_4pitch_y_0_4pitch_z_0_4roll_y_0_4,"[False, False, False, False]","[-1, -1, -1, -1]",False,-1,-1,-1
324,"23/01/20, 09:01",roll_z_0_1pris_y_0_7pitch_y_0_7pitch_y_0_7pitch_z_0_7pris_y_0_7,"[False, False, False, False]","[-1, -1, -1, -1]",False,-1,-1,-1
325,"23/01/20, 09:01",roll_z_0_1pitch_y_0_4pris_y_0_4roll_x_0_4pitch_y_0_4pitch_y_0_4,"[False, False, False, False]","[-1, -1, -1, -1]",False,-1,-1,-1
326,"23/01/20, 09:01",roll_z_0_1pitch_y_0_7pris_z_0_7pitch_y_0_7pris_y_0_7pitch_x_0_7,"[False, False, False, False]","[-1, -1, -1, -1]",False,-1,-1,-1
327,"23/01/20, 09:02",roll_z_0_1pitch_y_0_7pitch_y_0_7pris_x_0_7pris_y_0_7pitch_x_0_7,"[False, False, False, False]","[-1, -1, -1, -1]",False,-1,-1,-1
328,"23/01/20, 09:02",roll_z_0_1pitch_y_0_4roll_y_0_4pitch_y_0_4pris_z_0_4pitch_y_0_4,"[False, False, False, False]","[-1, -1, -1, -1]",False,-1,-1,-1
329,"23/01/20, 09:02",roll_z_0_1pris_y_0_4pitch_y_0_4pitch_y_0_4pitch_z_0_4roll_x_0_4,"[False, False, False, False]","[-1, -1, -1, -1]",False,-1,-1,-1
330,"23/01/20, 09:02",roll_z_0_1roll_y_0_4roll_y_0_4pris_y_0_4pitch_y_0_4roll_y_0_4,"[False, False, False, False]","[-1, -1, -1, -1]",False,-1,-1,-1
331,"23/01/20, 09:03",roll_z_0_1pris_y_0_4pitch_y_0_4pitch_y_0_4roll_y_0_4pitch_y_0_4,"[False, True, False, False]","[-1, -1, -1, -1]",False,-1,-1,-1
332,"23/01/20, 09:03",roll_z_0_1pitch_y_0_4pitch_y_0_4pitch_x_0_4roll_y_0_4pris_y_0_4,"[False, False, False, False]","[-1, -1, -1, -1]",False,-1,-1,-1
333,"23/01/20, 09:03",roll_z_0_1pitch_y_0_4pitch_y_0_4pris_x_0_4roll_z_0_4pitch_y_0_4,"[False, False, False, False]","[-1, -1, -1, -1]",False,-1,-1,-1
334,"23/01/20, 09:03",roll_z_0_1pitch_y_0_4pitch_y_0_4roll_z_0_4pitch_y_0_4pris_x_0_4,"[False, False, False, True]","[-1, -1, -1, -1]",False,-1,-1,-1
335,"23/01/20, 09:03",roll_z_0_1pris_y_0_4pitch_y_0_4pitch_y_0_4pitch_z_0_4roll_z_0_4,"[False, False, False, False]","[-1, -1, -1, -1]",False,-1,-1,-1
336,"23/01/20, 09:04",roll_z_0_1roll_y_0_4roll_y_0_4pris_y_0_4pitch_y_0_4roll_z_0_4,"[False, False, False, False]","[-1, -1, -1, -1]",False,-1,-1,-1
337,"23/01/20, 09:04",roll_z_0_1pitch_y_0_7pitch_y_0_7pris_z_0_7pitch_x_0_7pris_x_0_7,"[False, False, False, False]","[-1, -1, -1, -1]",False,-1,-1,-1
338,"23/01/20, 09:04",roll_z_0_1pris_y_0_4roll_y_0_4pitch_y_0_4roll_z_0_4roll_y_0_4,"[False, True, False, False]","[-1, -1, -1, -1]",False,-1,-1,-1
339,"23/01/20, 09:04",roll_z_0_1pitch_y_0_4pitch_y_0_4pris_z_0_4pitch_x_0_4roll_z_0_4,"[False, False, False, False]","[-1, -1, -1, -1]",False,-1,-1,-1
340,"23/01/20, 09:05",roll_z_0_1pitch_y_0_4pitch_y_0_4pris_y_0_4pitch_y_0_4roll_z_0_4,"[False, False, False, False]","[-1, -1, -1, -1]",False,-1,-1,-1
341,"23/01/20, 09:05",roll_z_0_1pitch_y_0_4pitch_y_0_4pris_x_0_4pitch_y_0_4roll_z_0_4,"[False, False, False, False]","[-1, -1, -1, -1]",False,-1,-1,-1
342,"23/01/20, 09:05",roll_z_0_1pitch_y_0_7pitch_y_0_7pris_y_0_7pris_y_0_7pitch_x_0_7,"[False, False, False, False]","[-1, -1, -1, -1]",False,-1,-1,-1
343,"23/01/20, 09:05",roll_z_0_1pitch_y_0_7pris_z_0_7pitch_y_0_7pitch_x_0_7pris_y_0_7,"[False, False, False, False]","[-1, -1, -1, -1]",False,-1,-1,-1
344,"23/01/20, 09:05",roll_z_0_1pris_y_0_7pris_y_0_7pitch_y_0_7pitch_y_0_7pitch_x_0_7,"[False, False, False, False]","[-1, -1, -1, -1]",False,-1,-1,-1
345,"23/01/20, 09:05",roll_z_0_1pris_z_0_7pitch_y_0_7pitch_y_0_7pitch_x_0_7pris_y_0_7,"[False, False, False, False]","[-1, -1, -1, -1]",False,-1,-1,-1
346,"23/01/20, 09:06",roll_z_0_1pitch_y_0_4pitch_y_0_4roll_y_0_4pitch_y_0_4pris_x_0_4,"[False, False, True, True]","[-1, -1, -1, -1]",False,-1,-1,-1
