3571,"15/02/20, 08:50",roll_z_0_1pris_y_0_7pitch_z_0_4pitch_x_0_1pitch_z_0_4,"[False, False, True, False]","[-1, -1, -1, -1]",False,-1,-1,-1
3572,"15/02/20, 08:50",roll_z_0_1pris_z_0_4pitch_y_0_7pitch_x_0_7roll_x_0_7,"[False, False, False, False]","[-1, -1, -1, -1]",False,-1,-1,-1
3573,"15/02/20, 08:50",roll_z_0_1pris_y_0_4pris_y_0_7pitch_y_0_1pris_x_0_1,"[False, False, False, False]","[-1, -1, -1, -1]",False,-1,-1,-1
3574,"15/02/20, 08:50",roll_z_0_1pris_y_0_7pitch_z_0_4pitch_z_0_4pitch_x_0_1,"[False, False, False, False]","[-1, -1, -1, -1]",False,-1,-1,-1
3575,"15/02/20, 08:51",roll_z_0_1pitch_y_0_4pitch_x_0_7pitch_x_0_7pitch_z_0_7,"[False, False, False, False]","[-1, -1, -1, -1]",False,-1,-1,-1
3576,"15/02/20, 08:51",roll_z_0_1pris_z_0_7pitch_y_0_1pitch_z_0_4pitch_y_0_4,"[False, False, False, False]","[-1, -1, -1, -1]",False,-1,-1,-1
3577,"15/02/20, 08:51",roll_z_0_1pris_z_0_7pris_y_0_4pris_x_0_1pitch_z_0_1,"[False, False, False, False]","[-1, -1, -1, -1]",False,-1,-1,-1
3578,"15/02/20, 08:51",roll_z_0_1pris_y_0_7roll_x_0_7pitch_y_0_7pris_z_0_7,"[False, False, False, False]","[-1, -1, -1, -1]",False,-1,-1,-1
3579,"15/02/20, 08:51",roll_z_0_1pitch_y_0_4pris_x_0_7pitch_x_0_4pitch_z_0_1,"[False, False, False, False]","[-1, -1, -1, -1]",False,-1,-1,-1
3580,"15/02/20, 08:52",roll_z_0_1pris_y_0_7roll_y_0_4pitch_y_0_1pitch_z_0_1,"[False, False, False, False]","[-1, -1, -1, -1]",False,-1,-1,-1
3581,"15/02/20, 08:52",roll_z_0_1pris_y_0_7roll_y_0_7pris_y_0_7pitch_y_0_7,"[False, False, False, False]","[-1, -1, -1, -1]",False,-1,-1,-1
3582,"15/02/20, 08:52",roll_z_0_1pris_y_0_1pris_y_0_7pitch_x_0_4pris_x_0_1,"[False, False, False, False]","[-1, -1, -1, -1]",False,-1,-1,-1
3583,"15/02/20, 08:52",roll_z_0_1pris_y_0_4pitch_x_0_1pris_z_0_7pris_y_0_1,"[False, False, False, False]","[-1, -1, -1, -1]",False,-1,-1,-1
3584,"15/02/20, 08:52",roll_z_0_1pitch_y_0_1pris_x_0_7roll_y_0_1pitch_y_0_4,"[False, False, False, False]","[-1, -1, -1, -1]",False,-1,-1,-1
3585,"15/02/20, 08:53",roll_z_0_1pitch_y_0_7pris_y_0_1pris_y_0_1pris_x_0_4,"[False, False, False, False]","[-1, -1, -1, -1]",False,-1,-1,-1
3586,"15/02/20, 08:53",roll_z_0_1pris_y_0_7roll_y_0_7pris_y_0_7pris_x_0_4,"[False, False, False, False]","[-1, -1, -1, -1]",False,-1,-1,-1
3587,"15/02/20, 08:53",roll_z_0_1pitch_y_0_7pris_z_0_4pitch_x_0_4pitch_z_0_4,"[False, False, False, False]","[-1, -1, -1, -1]",False,-1,-1,-1
3588,"15/02/20, 08:53",roll_z_0_1pris_y_0_1pitch_z_0_4pris_z_0_1pris_x_0_7,"[False, False, False, False]","[-1, -1, -1, -1]",False,-1,-1,-1
3589,"15/02/20, 08:53",roll_z_0_1pris_y_0_4pitch_y_0_4pitch_x_0_7pitch_x_0_1,"[False, False, False, False]","[-1, -1, -1, -1]",False,-1,-1,-1
3590,"15/02/20, 08:54",roll_z_0_1pris_y_0_7roll_z_0_1pitch_y_0_1pitch_x_0_4,"[False, False, False, False]","[-1, -1, -1, -1]",False,-1,-1,-1
3591,"15/02/20, 08:54",roll_z_0_1pitch_y_0_1pitch_x_0_7roll_y_0_4pris_y_0_1,"[False, False, False, False]","[-1, -1, -1, -1]",False,-1,-1,-1
3592,"15/02/20, 08:54",roll_z_0_1pitch_y_0_1pris_x_0_7pitch_z_0_4pitch_z_0_4,"[False, False, False, False]","[-1, -1, -1, -1]",False,-1,-1,-1
3593,"15/02/20, 08:54",roll_z_0_1pris_y_0_1pitch_y_0_1pris_x_0_4pris_x_0_7,"[False, False, False, False]","[-1, -1, -1, -1]",False,-1,-1,-1
3594,"15/02/20, 08:54",roll_z_0_1pris_z_0_7pris_y_0_4roll_y_0_7pris_y_0_7,"[False, False, False, False]","[-1, -1, -1, -1]",False,-1,-1,-1
3595,"15/02/20, 08:55",roll_z_0_1pris_y_0_1pris_x_0_7pris_x_0_1pitch_x_0_4,"[False, False, False, False]","[-1, -1, -1, -1]",False,-1,-1,-1
3596,"15/02/20, 08:55",roll_z_0_1pris_y_0_4pris_x_0_1pitch_z_0_7pris_x_0_1,"[False, False, False, False]","[-1, -1, -1, -1]",False,-1,-1,-1
3597,"15/02/20, 08:55",roll_z_0_1pitch_y_0_1pris_z_0_7pitch_z_0_4roll_x_0_1,"[False, False, False, False]","[-1, -1, -1, -1]",False,-1,-1,-1
3598,"15/02/20, 08:55",roll_z_0_1pitch_y_0_7pitch_x_0_1pris_y_0_1roll_y_0_1,"[False, False, False, False]","[-1, -1, -1, -1]",False,-1,-1,-1
3599,"15/02/20, 08:55",roll_z_0_1pris_y_0_7pitch_y_0_1pitch_z_0_1roll_z_0_1,"[False, False, False, False]","[-1, -1, -1, -1]",False,-1,-1,-1
3600,"15/02/20, 08:56",roll_z_0_1roll_y_0_1pris_y_0_7pitch_y_0_4pitch_z_0_1,"[False, False, False, False]","[-1, -1, -1, -1]",False,-1,-1,-1
3601,"15/02/20, 08:56",roll_z_0_1roll_y_0_7pris_z_0_7pris_y_0_4pris_x_0_7,"[False, False, False, False]","[-1, -1, -1, -1]",False,-1,-1,-1
3602,"15/02/20, 08:56",roll_z_0_1pris_y_0_1pris_x_0_4pitch_x_0_1pris_y_0_7,"[False, False, False, False]","[-1, -1, -1, -1]",False,-1,-1,-1
3603,"15/02/20, 08:56",roll_z_0_1pris_z_0_7pris_y_0_7roll_y_0_7pitch_y_0_7,"[False, False, False, False]","[-1, -1, -1, -1]",False,-1,-1,-1
3604,"15/02/20, 08:57",roll_z_0_1pitch_y_0_7roll_x_0_1pris_y_0_1pitch_x_0_4,"[False, False, False, False]","[-1, -1, -1, -1]",False,-1,-1,-1
3605,"15/02/20, 08:57",roll_z_0_1pris_y_0_1pitch_y_0_7pitch_x_0_4roll_z_0_1,"[False, False, False, False]","[-1, -1, -1, -1]",False,-1,-1,-1
3606,"15/02/20, 08:57",roll_z_0_1pitch_y_0_1pris_y_0_7pitch_x_0_4roll_z_0_1,"[False, False, False, False]","[-1, -1, -1, -1]",False,-1,-1,-1
3607,"15/02/20, 08:57",roll_z_0_1pitch_y_0_7roll_y_0_1pris_y_0_4pitch_y_0_1,"[False, False, False, False]","[-1, -1, -1, -1]",False,-1,-1,-1
3608,"15/02/20, 08:57",roll_z_0_1pris_z_0_7pitch_y_0_4pitch_z_0_1roll_x_0_1,"[False, False, False, False]","[-1, -1, -1, -1]",False,-1,-1,-1
3609,"15/02/20, 08:57",roll_z_0_1pris_y_0_4pitch_y_0_1pitch_x_0_7pitch_y_0_4,"[False, False, False, False]","[-1, -1, -1, -1]",False,-1,-1,-1
3610,"15/02/20, 08:58",roll_z_0_1pitch_y_0_4pris_y_0_1pitch_z_0_1roll_y_0_7,"[False, False, False, False]","[-1, -1, -1, -1]",False,-1,-1,-1
3611,"15/02/20, 08:58",roll_z_0_1pitch_y_0_7roll_y_0_1pris_y_0_1pitch_z_0_1,"[False, False, False, False]","[-1, -1, -1, -1]",False,-1,-1,-1
3612,"15/02/20, 08:58",roll_z_0_1pris_y_0_7pris_y_0_1pris_x_0_1pitch_y_0_1,"[False, False, False, False]","[-1, -1, -1, -1]",False,-1,-1,-1
3613,"15/02/20, 08:58",roll_z_0_1pris_z_0_4pitch_y_0_7pitch_x_0_4pitch_y_0_4,"[False, False, False, False]","[-1, -1, -1, -1]",False,-1,-1,-1
3614,"15/02/20, 08:58",roll_z_0_1pris_y_0_4pitch_y_0_4pitch_x_0_4pitch_z_0_7,"[False, False, False, False]","[-1, -1, -1, -1]",False,-1,-1,-1
3615,"15/02/20, 08:59",roll_z_0_1pris_z_0_1pris_y_0_7pitch_x_0_1pris_z_0_1,"[False, False, False, False]","[-1, -1, -1, -1]",False,-1,-1,-1
3616,"15/02/20, 08:59",roll_z_0_1pris_y_0_1pris_x_0_7pris_x_0_1pitch_x_0_1,"[False, False, False, False]","[-1, -1, -1, -1]",False,-1,-1,-1
3617,"15/02/20, 08:59",roll_z_0_1pitch_y_0_7pitch_x_0_4pitch_z_0_4pris_z_0_4,"[False, False, False, False]","[-1, -1, -1, -1]",False,-1,-1,-1
3618,"15/02/20, 08:59",roll_z_0_1pris_y_0_4pitch_z_0_4pitch_z_0_7pitch_z_0_4,"[False, False, False, False]","[-1, -1, -1, -1]",False,-1,-1,-1
3619,"15/02/20, 08:59",roll_z_0_1pris_y_0_7pitch_x_0_1pitch_z_0_1roll_x_0_4,"[False, False, False, False]","[-1, -1, -1, -1]",False,-1,-1,-1
3620,"15/02/20, 09:00",roll_z_0_1pris_y_0_7pris_x_0_7roll_z_0_7pris_y_0_4,"[False, False, False, False]","[-1, -1, -1, -1]",False,-1,-1,-1
3621,"15/02/20, 09:00",roll_z_0_1pris_y_0_7pitch_x_0_4pitch_y_0_1roll_x_0_1,"[False, False, False, False]","[-1, -1, -1, -1]",False,-1,-1,-1
3622,"15/02/20, 09:00",roll_z_0_1pitch_y_0_4pitch_x_0_1pris_x_0_4pitch_y_0_7,"[True, False, False, False]","[-1, -1, -1, -1]",False,-1,-1,-1
3623,"15/02/20, 09:00",roll_z_0_1pitch_y_0_1pris_z_0_7roll_x_0_4pitch_y_0_1,"[False, False, False, False]","[-1, -1, -1, -1]",False,-1,-1,-1
3624,"15/02/20, 09:00",roll_z_0_1pitch_y_0_4pitch_x_0_4pris_x_0_7pitch_z_0_1,"[False, False, False, False]","[-1, -1, -1, -1]",False,-1,-1,-1
3625,"15/02/20, 09:01",roll_z_0_1pris_y_0_7pitch_y_0_1pitch_x_0_1roll_y_0_1,"[False, False, False, False]","[-1, -1, -1, -1]",False,-1,-1,-1
3626,"15/02/20, 09:01",roll_z_0_1pris_z_0_1pris_y_0_7pris_x_0_1pitch_x_0_1,"[False, False, False, False]","[-1, -1, -1, -1]",False,-1,-1,-1
3627,"15/02/20, 09:01",roll_z_0_1pitch_y_0_4pris_x_0_7pitch_x_0_4pitch_x_0_1,"[False, False, False, False]","[-1, -1, -1, -1]",False,-1,-1,-1
3628,"15/02/20, 09:01",roll_z_0_1pitch_y_0_7roll_z_0_7pris_z_0_7pris_y_0_7,"[False, False, False, False]","[-1, -1, -1, -1]",False,-1,-1,-1
3629,"15/02/20, 09:01",roll_z_0_1pitch_y_0_4pitch_x_0_7pitch_z_0_4pris_z_0_4,"[False, False, False, False]","[-1, -1, -1, -1]",False,-1,-1,-1
3630,"15/02/20, 09:02",roll_z_0_1pitch_y_0_1pitch_z_0_7pris_y_0_4roll_z_0_1,"[True, False, False, False]","[-1, -1, -1, -1]",False,-1,-1,-1
3631,"15/02/20, 09:02",roll_z_0_1pris_z_0_4pitch_y_0_7pitch_z_0_1roll_x_0_1,"[False, False, False, False]","[-1, -1, -1, -1]",False,-1,-1,-1
3632,"15/02/20, 09:02",roll_z_0_1pitch_y_0_4pris_y_0_4pitch_x_0_1pitch_z_0_7,"[False, False, False, False]","[-1, -1, -1, -1]",False,-1,-1,-1
3633,"15/02/20, 09:02",roll_z_0_1pris_z_0_4pitch_y_0_1pitch_x_0_4pitch_x_0_7,"[False, False, False, False]","[-1, -1, -1, -1]",False,-1,-1,-1
3634,"15/02/20, 09:03",roll_z_0_1pitch_y_0_7pitch_x_0_1pris_x_0_4roll_x_0_1,"[False, False, False, False]","[-1, -1, -1, -1]",False,-1,-1,-1
3635,"15/02/20, 09:03",roll_z_0_1pitch_y_0_7pitch_x_0_1roll_y_0_4pris_y_0_1,"[False, False, False, False]","[-1, -1, -1, -1]",False,-1,-1,-1
3636,"15/02/20, 09:03",roll_z_0_1pris_y_0_1pitch_y_0_7roll_y_0_4pitch_y_0_1,"[False, False, False, False]","[-1, -1, -1, -1]",False,-1,-1,-1
3637,"15/02/20, 09:03",roll_z_0_1pitch_y_0_1pitch_x_0_7roll_z_0_1pris_y_0_4,"[False, False, False, False]","[-1, -1, -1, -1]",False,-1,-1,-1
3638,"15/02/20, 09:03",roll_z_0_1pitch_y_0_1pitch_x_0_4pris_y_0_4pitch_x_0_7,"[False, False, False, False]","[-1, -1, -1, -1]",False,-1,-1,-1
3639,"15/02/20, 09:04",roll_z_0_1pitch_y_0_4pris_y_0_1pitch_y_0_4pitch_z_0_7,"[False, False, False, False]","[-1, -1, -1, -1]",False,-1,-1,-1
3640,"15/02/20, 09:04",roll_z_0_1pris_y_0_7pitch_x_0_1pitch_x_0_4roll_x_0_1,"[False, False, False, False]","[-1, -1, -1, -1]",False,-1,-1,-1
3641,"15/02/20, 09:04",roll_z_0_1pitch_y_0_7pris_z_0_1pitch_x_0_1roll_y_0_4,"[False, False, False, False]","[-1, -1, -1, -1]",False,-1,-1,-1
3642,"15/02/20, 09:04",roll_z_0_1pitch_y_0_7pitch_z_0_1roll_y_0_1pris_z_0_1,"[False, False, False, False]","[-1, -1, -1, -1]",False,-1,-1,-1
3643,"15/02/20, 09:04",roll_z_0_1pitch_y_0_4pitch_z_0_7pris_y_0_1pitch_z_0_4,"[False, False, False, False]","[-1, -1, -1, -1]",False,-1,-1,-1
3644,"15/02/20, 09:05",roll_z_0_1roll_y_0_7roll_y_0_7pris_y_0_7pitch_x_0_7,"[False, False, False, False]","[-1, -1, -1, -1]",False,-1,-1,-1
3645,"15/02/20, 09:05",roll_z_0_1pitch_y_0_7roll_z_0_1pris_y_0_1pitch_y_0_1,"[False, False, False, False]","[-1, -1, -1, -1]",False,-1,-1,-1
3646,"15/02/20, 09:05",roll_z_0_1pris_z_0_4pris_y_0_7roll_x_0_7pris_y_0_7,"[False, False, False, False]","[-1, -1, -1, -1]",False,-1,-1,-1
3647,"15/02/20, 09:05",roll_z_0_1pris_y_0_7pitch_y_0_4pitch_x_0_1pitch_x_0_4,"[False, False, False, False]","[-1, -1, -1, -1]",False,-1,-1,-1
3648,"15/02/20, 09:05",roll_z_0_1pitch_y_0_1pris_z_0_7pitch_z_0_7roll_y_0_7,"[False, False, False, False]","[-1, -1, -1, -1]",False,-1,-1,-1
3649,"15/02/20, 09:06",roll_z_0_1pitch_y_0_7roll_y_0_7pris_y_0_7pris_x_0_7,"[False, False, False, False]","[-1, -1, -1, -1]",False,-1,-1,-1
3650,"15/02/20, 09:06",roll_z_0_1pitch_y_0_4pris_z_0_7roll_z_0_7pitch_y_0_7,"[False, False, False, False]","[-1, -1, -1, -1]",False,-1,-1,-1
3651,"15/02/20, 09:06",roll_z_0_1pitch_y_0_4roll_y_0_7pitch_y_0_7pris_y_0_7,"[False, False, False, False]","[-1, -1, -1, -1]",False,-1,-1,-1
3652,"15/02/20, 09:06",roll_z_0_1pitch_y_0_4pitch_x_0_4pris_y_0_7pitch_z_0_4,"[False, False, False, False]","[-1, -1, -1, -1]",False,-1,-1,-1
3653,"15/02/20, 09:07",roll_z_0_1pitch_y_0_4pitch_x_0_4pris_x_0_4pitch_z_0_7,"[False, False, False, False]","[-1, -1, -1, -1]",False,-1,-1,-1
3654,"15/02/20, 09:07",roll_z_0_1roll_y_0_1pris_y_0_7pitch_z_0_7pitch_x_0_7,"[False, False, False, False]","[-1, -1, -1, -1]",False,-1,-1,-1
3655,"15/02/20, 09:07",roll_z_0_1pitch_y_0_4pris_x_0_1pitch_y_0_7roll_y_0_1,"[False, False, False, False]","[-1, -1, -1, -1]",False,-1,-1,-1
3656,"15/02/20, 09:07",roll_z_0_1pitch_y_0_4roll_z_0_7pitch_y_0_1pris_y_0_1,"[False, False, False, False]","[-1, -1, -1, -1]",False,-1,-1,-1
3657,"15/02/20, 09:07",roll_z_0_1pris_y_0_7pris_x_0_7pris_x_0_4roll_z_0_7,"[False, False, False, False]","[-1, -1, -1, -1]",False,-1,-1,-1
3658,"15/02/20, 09:08",roll_z_0_1pitch_y_0_4pitch_z_0_7pris_y_0_4pitch_x_0_4,"[False, False, False, False]","[-1, -1, -1, -1]",False,-1,-1,-1
3659,"15/02/20, 09:08",roll_z_0_1pris_z_0_4roll_y_0_7pitch_y_0_7pitch_z_0_7,"[False, False, False, False]","[-1, -1, -1, -1]",False,-1,-1,-1
3660,"15/02/20, 09:08",roll_z_0_1pitch_y_0_7roll_y_0_4pitch_y_0_1pris_x_0_1,"[False, False, False, False]","[-1, -1, -1, -1]",False,-1,-1,-1
3661,"15/02/20, 09:08",roll_z_0_1pris_y_0_7pris_x_0_1pris_x_0_1pitch_y_0_1,"[False, False, False, False]","[-1, -1, -1, -1]",False,-1,-1,-1
3662,"15/02/20, 09:08",roll_z_0_1pris_y_0_7pris_y_0_7pris_x_0_4roll_x_0_7,"[False, False, False, False]","[-1, -1, -1, -1]",False,-1,-1,-1
3663,"15/02/20, 09:09",roll_z_0_1pitch_y_0_4pris_x_0_4pitch_z_0_7pitch_z_0_4,"[False, False, False, False]","[-1, -1, -1, -1]",False,-1,-1,-1
3664,"15/02/20, 09:09",roll_z_0_1roll_y_0_1pris_y_0_7pitch_y_0_1pitch_x_0_4,"[False, False, False, False]","[-1, -1, -1, -1]",False,-1,-1,-1
3665,"15/02/20, 09:09",roll_z_0_1roll_y_0_1pitch_y_0_7pitch_z_0_7pris_y_0_7,"[False, False, False, False]","[-1, -1, -1, -1]",False,-1,-1,-1
3666,"15/02/20, 09:09",roll_z_0_1pris_z_0_7roll_y_0_1pitch_y_0_1pitch_x_0_4,"[False, False, False, False]","[-1, -1, -1, -1]",False,-1,-1,-1
3667,"15/02/20, 09:09",roll_z_0_1pitch_y_0_7pris_x_0_1pitch_y_0_1roll_x_0_1,"[False, False, False, False]","[-1, -1, -1, -1]",False,-1,-1,-1
3668,"15/02/20, 09:10",roll_z_0_1pris_z_0_4pitch_y_0_7roll_z_0_7pitch_y_0_7,"[False, False, False, False]","[-1, -1, -1, -1]",False,-1,-1,-1
3669,"15/02/20, 09:10",roll_z_0_1pitch_y_0_4pitch_x_0_7pris_y_0_4pitch_z_0_4,"[True, False, False, False]","[-1, -1, -1, -1]",False,-1,-1,-1
3670,"15/02/20, 09:10",roll_z_0_1pitch_y_0_1roll_z_0_7pris_y_0_7pitch_z_0_7,"[False, False, False, False]","[-1, -1, -1, -1]",False,-1,-1,-1
3671,"15/02/20, 09:10",roll_z_0_1pris_y_0_7roll_y_0_7pris_y_0_7pitch_x_0_7,"[False, False, False, False]","[-1, -1, -1, -1]",False,-1,-1,-1
3672,"15/02/20, 09:11",roll_z_0_1roll_y_0_4pitch_y_0_1pris_z_0_1pitch_z_0_7,"[False, False, False, False]","[-1, -1, -1, -1]",False,-1,-1,-1
3673,"15/02/20, 09:11",roll_z_0_1pitch_y_0_4pris_x_0_7pitch_x_0_1roll_y_0_1,"[False, False, False, False]","[-1, -1, -1, -1]",False,-1,-1,-1
3674,"15/02/20, 09:11",roll_z_0_1pitch_y_0_7pris_x_0_1pitch_y_0_1roll_y_0_4,"[False, False, False, False]","[-1, -1, -1, -1]",False,-1,-1,-1
3675,"15/02/20, 09:11",roll_z_0_1pris_y_0_4pitch_y_0_1pitch_x_0_7roll_y_0_1,"[False, False, False, False]","[-1, -1, -1, -1]",False,-1,-1,-1
3676,"15/02/20, 09:11",roll_z_0_1pitch_y_0_1pris_y_0_7pitch_z_0_7roll_x_0_7,"[True, False, False, False]","[-1, -1, -1, -1]",False,-1,-1,-1
3677,"15/02/20, 09:12",roll_z_0_1pitch_y_0_7pris_x_0_1pitch_x_0_4pitch_z_0_4,"[False, False, False, False]","[-1, -1, -1, -1]",False,-1,-1,-1
3678,"15/02/20, 09:12",roll_z_0_1pris_y_0_4pris_x_0_1pris_x_0_7pitch_z_0_1,"[False, False, False, False]","[-1, -1, -1, -1]",False,-1,-1,-1
3679,"15/02/20, 09:12",roll_z_0_1pris_y_0_7pitch_z_0_1pitch_x_0_1roll_x_0_4,"[False, False, False, False]","[-1, -1, -1, -1]",False,-1,-1,-1
3680,"15/02/20, 09:12",roll_z_0_1pitch_y_0_7pitch_x_0_1pitch_z_0_4pris_y_0_4,"[False, False, False, False]","[-1, -1, -1, -1]",False,-1,-1,-1
3681,"15/02/20, 09:12",roll_z_0_1pris_y_0_7pitch_x_0_1pitch_x_0_1roll_y_0_4,"[False, False, False, False]","[-1, -1, -1, -1]",False,-1,-1,-1
3682,"15/02/20, 09:12",roll_z_0_1pris_y_0_1pitch_x_0_7pris_x_0_1pris_x_0_4,"[False, False, False, False]","[-1, -1, -1, -1]",False,-1,-1,-1
3683,"15/02/20, 09:13",roll_z_0_1pitch_y_0_4pris_y_0_1pitch_y_0_4pitch_x_0_7,"[False, False, False, False]","[-1, -1, -1, -1]",False,-1,-1,-1
3684,"15/02/20, 09:13",roll_z_0_1pris_y_0_1pitch_y_0_1pris_x_0_7pris_x_0_4,"[False, False, False, False]","[-1, -1, -1, -1]",False,-1,-1,-1
3685,"15/02/20, 09:13",roll_z_0_1pitch_y_0_4pitch_x_0_4pris_x_0_4pitch_x_0_7,"[False, False, False, False]","[-1, -1, -1, -1]",False,-1,-1,-1
3686,"15/02/20, 09:13",roll_z_0_1pris_z_0_1pitch_y_0_4pitch_z_0_4pitch_x_0_7,"[False, False, False, False]","[-1, -1, -1, -1]",False,-1,-1,-1
3687,"15/02/20, 09:13",roll_z_0_1pris_y_0_7roll_x_0_7pitch_y_0_7roll_y_0_7,"[False, False, True, False]","[-1, -1, -1, -1]",False,-1,-1,-1
3688,"15/02/20, 09:14",roll_z_0_1pitch_y_0_7pris_y_0_7roll_y_0_7pris_z_0_7,"[False, False, False, False]","[-1, -1, -1, -1]",False,-1,-1,-1
3689,"15/02/20, 09:14",roll_z_0_1pris_y_0_4pitch_z_0_1pitch_z_0_7roll_z_0_1,"[False, False, False, False]","[-1, -1, -1, -1]",False,-1,-1,-1
3690,"15/02/20, 09:14",roll_z_0_1pris_z_0_7pris_y_0_7roll_x_0_4pris_y_0_7,"[False, False, False, False]","[-1, -1, -1, -1]",False,-1,-1,-1
3691,"15/02/20, 09:14",roll_z_0_1pris_y_0_1pitch_y_0_4pris_y_0_7pris_y_0_1,"[False, False, False, False]","[-1, -1, -1, -1]",False,-1,-1,-1
3692,"15/02/20, 09:15",roll_z_0_1pris_y_0_7pris_y_0_7roll_x_0_4pris_y_0_7,"[False, False, False, False]","[-1, -1, -1, -1]",False,-1,-1,-1
3693,"15/02/20, 09:15",roll_z_0_1pris_y_0_7pitch_y_0_1roll_x_0_1pitch_y_0_4,"[False, False, False, False]","[-1, -1, -1, -1]",False,-1,-1,-1
3694,"15/02/20, 09:15",roll_z_0_1pitch_y_0_1pris_y_0_7roll_y_0_1pitch_y_0_4,"[False, False, False, False]","[-1, -1, -1, -1]",False,-1,-1,-1
3695,"15/02/20, 09:15",roll_z_0_1pris_y_0_4pitch_z_0_7pitch_x_0_4pitch_z_0_4,"[False, False, False, False]","[-1, -1, -1, -1]",False,-1,-1,-1
3696,"15/02/20, 09:15",roll_z_0_1pris_y_0_7pitch_y_0_7pris_x_0_7roll_y_0_7,"[False, False, False, False]","[-1, -1, -1, -1]",False,-1,-1,-1
3697,"15/02/20, 09:15",roll_z_0_1pris_y_0_7pris_y_0_1pitch_y_0_1pris_z_0_4,"[False, False, False, False]","[-1, -1, -1, -1]",False,-1,-1,-1
3698,"15/02/20, 09:16",roll_z_0_1pris_y_0_1pris_y_0_1pitch_y_0_1pris_z_0_7,"[False, False, False, False]","[-1, -1, -1, -1]",False,-1,-1,-1
3699,"15/02/20, 09:16",roll_z_0_1pris_z_0_1pris_y_0_1pitch_x_0_7pris_x_0_4,"[False, False, False, False]","[-1, -1, -1, -1]",False,-1,-1,-1
3700,"15/02/20, 09:16",roll_z_0_1pris_y_0_4pitch_x_0_7pitch_z_0_4pitch_x_0_4,"[False, False, False, True]","[-1, -1, -1, -1]",False,-1,-1,-1
3701,"15/02/20, 09:16",roll_z_0_1pris_z_0_4pitch_y_0_4pitch_x_0_7pitch_x_0_1,"[False, False, False, False]","[-1, -1, -1, -1]",False,-1,-1,-1
3702,"15/02/20, 09:17",roll_z_0_1pitch_y_0_7pitch_x_0_7pitch_z_0_1pitch_x_0_7,"[True, True, False, True]","[2.646, 3.111, 3.295, 4.685]",True,3.43,0.02,0.003
3703,"15/02/20, 09:17",roll_z_0_1pris_y_0_7pitch_z_0_1pris_x_0_1pris_x_0_1,"[False, False, False, False]","[-1, -1, -1, -1]",False,-1,-1,-1
3704,"15/02/20, 09:17",roll_z_0_1pris_y_0_1pitch_y_0_7pris_x_0_1pris_y_0_1,"[False, False, False, False]","[-1, -1, -1, -1]",False,-1,-1,-1
3705,"15/02/20, 09:17",roll_z_0_1pitch_y_0_7pitch_x_0_4pitch_x_0_7pitch_z_0_7,"[True, True, True, True]","[3.5, 2.924, 2.509, 2.752]",True,2.92,0.004,0.01
3706,"15/02/20, 09:18",roll_z_0_1pitch_y_0_4pris_y_0_1pitch_y_0_7roll_x_0_1,"[False, False, False, False]","[-1, -1, -1, -1]",False,-1,-1,-1
3707,"15/02/20, 09:18",roll_z_0_1pris_y_0_1pitch_y_0_7pitch_x_0_7roll_x_0_7,"[False, False, False, False]","[-1, -1, -1, -1]",False,-1,-1,-1
3708,"15/02/20, 09:18",roll_z_0_1pitch_y_0_4roll_x_0_1pitch_y_0_7pris_x_0_1,"[False, False, False, False]","[-1, -1, -1, -1]",False,-1,-1,-1
3709,"15/02/20, 09:18",roll_z_0_1roll_y_0_1pitch_y_0_7pitch_z_0_4pris_y_0_1,"[False, False, False, False]","[-1, -1, -1, -1]",False,-1,-1,-1
3710,"15/02/20, 09:18",roll_z_0_1roll_y_0_7pitch_y_0_4pitch_x_0_1pris_z_0_1,"[False, False, False, False]","[-1, -1, -1, -1]",False,-1,-1,-1
3711,"15/02/20, 09:18",roll_z_0_1pitch_y_0_4pitch_z_0_4pitch_y_0_4pris_z_0_7,"[False, False, False, False]","[-1, -1, -1, -1]",False,-1,-1,-1
3712,"15/02/20, 09:19",roll_z_0_1pitch_y_0_1pitch_x_0_4pris_y_0_7pitch_z_0_4,"[True, False, False, False]","[-1, -1, -1, -1]",False,-1,-1,-1
3713,"15/02/20, 09:19",roll_z_0_1pris_y_0_4pitch_z_0_7pris_y_0_1pris_x_0_1,"[False, False, False, False]","[-1, -1, -1, -1]",False,-1,-1,-1
3714,"15/02/20, 09:19",roll_z_0_1pitch_y_0_1pris_x_0_7roll_x_0_4pitch_y_0_1,"[False, False, False, False]","[-1, -1, -1, -1]",False,-1,-1,-1
3715,"15/02/20, 09:19",roll_z_0_1pris_y_0_1pitch_y_0_7pitch_x_0_1roll_x_0_4,"[False, False, False, False]","[-1, -1, -1, -1]",False,-1,-1,-1
3716,"15/02/20, 09:20",roll_z_0_1roll_y_0_7pris_y_0_4pitch_x_0_1pitch_z_0_1,"[False, False, False, False]","[-1, -1, -1, -1]",False,-1,-1,-1
3717,"15/02/20, 09:20",roll_z_0_1pitch_y_0_4roll_y_0_7pris_z_0_7pitch_y_0_7,"[False, False, False, True]","[-1, -1, -1, -1]",False,-1,-1,-1
3718,"15/02/20, 09:20",roll_z_0_1pitch_y_0_4pris_x_0_7roll_y_0_7pitch_y_0_7,"[False, False, False, False]","[-1, -1, -1, -1]",False,-1,-1,-1
3719,"15/02/20, 09:20",roll_z_0_1pitch_y_0_4pitch_y_0_7pitch_x_0_7pitch_y_0_7,"[True, True, True, True]","[3.885, 2.586, 1.729, 3.112]",True,2.83,0.008,0.012
3720,"15/02/20, 09:21",roll_z_0_1pitch_y_0_1pitch_x_0_7pitch_z_0_4pris_y_0_4,"[False, False, False, False]","[-1, -1, -1, -1]",False,-1,-1,-1
3721,"15/02/20, 09:21",roll_z_0_1pitch_y_0_1pris_y_0_4pris_x_0_7pris_x_0_1,"[False, False, False, False]","[-1, -1, -1, -1]",False,-1,-1,-1
3722,"15/02/20, 09:21",roll_z_0_1roll_y_0_1pris_y_0_7pitch_z_0_1pitch_y_0_4,"[False, False, False, False]","[-1, -1, -1, -1]",False,-1,-1,-1
3723,"15/02/20, 09:21",roll_z_0_1pitch_y_0_1pris_z_0_1pris_y_0_4pris_x_0_7,"[False, False, False, False]","[-1, -1, -1, -1]",False,-1,-1,-1
3724,"15/02/20, 09:22",roll_z_0_1pitch_y_0_7pitch_z_0_4pitch_y_0_7pitch_z_0_7,"[False, False, False, False]","[-1, -1, -1, -1]",False,-1,-1,-1
3725,"15/02/20, 09:22",roll_z_0_1pris_z_0_7roll_y_0_7pris_z_0_7pris_y_0_1,"[False, False, False, False]","[-1, -1, -1, -1]",False,-1,-1,-1
3726,"15/02/20, 09:22",roll_z_0_1pris_y_0_7pitch_x_0_4pitch_x_0_4pitch_x_0_1,"[False, False, False, False]","[-1, -1, -1, -1]",False,-1,-1,-1
3727,"15/02/20, 09:22",roll_z_0_1pitch_y_0_7pitch_x_0_4pitch_z_0_1pris_x_0_4,"[False, False, True, False]","[-1, -1, -1, -1]",False,-1,-1,-1
3728,"15/02/20, 09:22",roll_z_0_1pris_y_0_7roll_y_0_4pris_y_0_7pris_x_0_7,"[False, False, False, False]","[-1, -1, -1, -1]",False,-1,-1,-1
3729,"15/02/20, 09:23",roll_z_0_1pitch_y_0_7pitch_z_0_1roll_z_0_1pris_y_0_4,"[False, False, False, False]","[-1, -1, -1, -1]",False,-1,-1,-1
3730,"15/02/20, 09:23",roll_z_0_1pris_y_0_4pitch_z_0_1pris_y_0_1pris_x_0_7,"[False, False, False, False]","[-1, -1, -1, -1]",False,-1,-1,-1
3731,"15/02/20, 09:23",roll_z_0_1pitch_y_0_1pris_z_0_7pris_x_0_1pris_x_0_1,"[False, False, False, False]","[-1, -1, -1, -1]",False,-1,-1,-1
3732,"15/02/20, 09:23",roll_z_0_1pris_y_0_1pitch_x_0_7pitch_z_0_4pitch_x_0_4,"[False, False, False, False]","[-1, -1, -1, -1]",False,-1,-1,-1
3733,"15/02/20, 09:24",roll_z_0_1pitch_y_0_4pitch_z_0_1roll_z_0_7pris_z_0_1,"[False, False, False, False]","[-1, -1, -1, -1]",False,-1,-1,-1
3734,"15/02/20, 09:24",roll_z_0_1pitch_y_0_7pris_y_0_1roll_y_0_1pitch_y_0_4,"[False, False, False, False]","[-1, -1, -1, -1]",False,-1,-1,-1
3735,"15/02/20, 09:24",roll_z_0_1pris_y_0_1pris_x_0_7roll_z_0_7pris_y_0_7,"[False, False, False, False]","[-1, -1, -1, -1]",False,-1,-1,-1
3736,"15/02/20, 09:24",roll_z_0_1pris_y_0_1pitch_z_0_1pris_z_0_4pris_x_0_7,"[False, False, False, False]","[-1, -1, -1, -1]",False,-1,-1,-1
3737,"15/02/20, 09:24",roll_z_0_1pris_y_0_7roll_y_0_1pris_y_0_7pris_x_0_7,"[False, False, False, False]","[-1, -1, -1, -1]",False,-1,-1,-1
3738,"15/02/20, 09:24",roll_z_0_1pris_y_0_7pris_x_0_7pitch_y_0_7roll_y_0_7,"[False, False, False, False]","[-1, -1, -1, -1]",False,-1,-1,-1
3739,"15/02/20, 09:25",roll_z_0_1pris_y_0_4pitch_z_0_4pitch_z_0_1pitch_y_0_7,"[False, False, False, False]","[-1, -1, -1, -1]",False,-1,-1,-1
3740,"15/02/20, 09:25",roll_z_0_1pitch_y_0_4pitch_x_0_1pris_y_0_1roll_x_0_7,"[False, False, False, False]","[-1, -1, -1, -1]",False,-1,-1,-1
3741,"15/02/20, 09:25",roll_z_0_1pris_y_0_1pris_y_0_7pitch_z_0_1pris_x_0_1,"[False, False, False, False]","[-1, -1, -1, -1]",False,-1,-1,-1
3742,"15/02/20, 09:25",roll_z_0_1pitch_y_0_7pitch_z_0_4roll_x_0_1pris_z_0_1,"[False, False, False, False]","[-1, -1, -1, -1]",False,-1,-1,-1
3743,"15/02/20, 09:26",roll_z_0_1pris_z_0_1pris_y_0_7pitch_y_0_1pris_x_0_1,"[False, False, False, False]","[-1, -1, -1, -1]",False,-1,-1,-1
3744,"15/02/20, 09:26",roll_z_0_1pris_z_0_4pitch_y_0_1roll_y_0_7pitch_y_0_1,"[False, False, False, False]","[-1, -1, -1, -1]",False,-1,-1,-1
3745,"15/02/20, 09:26",roll_z_0_1pitch_y_0_4roll_y_0_1pris_y_0_1pitch_z_0_7,"[False, False, False, False]","[-1, -1, -1, -1]",False,-1,-1,-1
3746,"15/02/20, 09:26",roll_z_0_1pris_y_0_4pris_y_0_7pitch_z_0_1pris_z_0_1,"[False, False, False, False]","[-1, -1, -1, -1]",False,-1,-1,-1
3747,"15/02/20, 09:26",roll_z_0_1pris_y_0_1pitch_x_0_7pris_z_0_1pris_x_0_1,"[False, False, False, False]","[-1, -1, -1, -1]",False,-1,-1,-1
3748,"15/02/20, 09:27",roll_z_0_1pitch_y_0_7pris_y_0_4roll_x_0_1pitch_y_0_1,"[False, False, False, False]","[-1, -1, -1, -1]",False,-1,-1,-1
3749,"15/02/20, 09:27",roll_z_0_1roll_y_0_1pitch_y_0_7pris_x_0_7pitch_y_0_7,"[False, False, False, False]","[-1, -1, -1, -1]",False,-1,-1,-1
3750,"15/02/20, 09:27",roll_z_0_1pris_y_0_1pitch_x_0_7pitch_y_0_7roll_z_0_7,"[False, False, False, False]","[-1, -1, -1, -1]",False,-1,-1,-1
3751,"15/02/20, 09:27",roll_z_0_1pitch_y_0_4pitch_x_0_7pris_y_0_1roll_z_0_1,"[False, False, False, False]","[-1, -1, -1, -1]",False,-1,-1,-1
3752,"15/02/20, 09:28",roll_z_0_1pitch_y_0_1pris_x_0_7pitch_y_0_7roll_x_0_7,"[False, False, False, False]","[-1, -1, -1, -1]",False,-1,-1,-1
3753,"15/02/20, 09:28",roll_z_0_1pitch_y_0_1pitch_x_0_7pitch_x_0_7pitch_z_0_7,"[True, True, True, True]","[2.862, 2.457, 2.271, 6.0]",True,3.4,0.01,0.008
3754,"15/02/20, 09:28",roll_z_0_1pris_z_0_4pris_y_0_7roll_y_0_7pris_y_0_7,"[False, False, False, False]","[-1, -1, -1, -1]",False,-1,-1,-1
3755,"15/02/20, 09:28",roll_z_0_1pitch_y_0_7pris_x_0_1pitch_y_0_4pitch_x_0_4,"[True, False, False, False]","[-1, -1, -1, -1]",False,-1,-1,-1
3756,"15/02/20, 09:28",roll_z_0_1pris_y_0_7roll_y_0_1pitch_y_0_1pitch_x_0_1,"[False, False, False, False]","[-1, -1, -1, -1]",False,-1,-1,-1
3757,"15/02/20, 09:29",roll_z_0_1roll_y_0_1pitch_y_0_7pris_z_0_4pitch_x_0_1,"[True, False, False, False]","[-1, -1, -1, -1]",False,-1,-1,-1
3758,"15/02/20, 09:29",roll_z_0_1pitch_y_0_4pitch_z_0_4pitch_z_0_7pris_z_0_1,"[False, False, False, False]","[-1, -1, -1, -1]",False,-1,-1,-1
3759,"15/02/20, 09:29",roll_z_0_1pitch_y_0_4pitch_z_0_1pitch_x_0_7pris_y_0_4,"[False, False, False, False]","[-1, -1, -1, -1]",False,-1,-1,-1
3760,"15/02/20, 09:29",roll_z_0_1pitch_y_0_4pitch_z_0_1pris_x_0_7pitch_x_0_4,"[False, False, False, False]","[-1, -1, -1, -1]",False,-1,-1,-1
3761,"15/02/20, 09:30",roll_z_0_1pris_y_0_7pitch_z_0_4roll_z_0_1pitch_y_0_1,"[False, False, False, False]","[-1, -1, -1, -1]",False,-1,-1,-1
3762,"15/02/20, 09:30",roll_z_0_1pris_z_0_7pris_y_0_7pris_x_0_7roll_y_0_4,"[False, False, False, False]","[-1, -1, -1, -1]",False,-1,-1,-1
3763,"15/02/20, 09:30",roll_z_0_1pitch_y_0_4pitch_z_0_1pitch_y_0_7pris_x_0_4,"[False, False, False, False]","[-1, -1, -1, -1]",False,-1,-1,-1
3764,"15/02/20, 09:30",roll_z_0_1pitch_y_0_7roll_y_0_1pitch_y_0_4pris_x_0_1,"[False, False, False, False]","[-1, -1, -1, -1]",False,-1,-1,-1
3765,"15/02/20, 09:30",roll_z_0_1roll_y_0_4pitch_y_0_7pitch_z_0_7pris_x_0_7,"[False, False, False, False]","[-1, -1, -1, -1]",False,-1,-1,-1
3766,"15/02/20, 09:31",roll_z_0_1pris_z_0_1pris_y_0_7pris_x_0_4pitch_x_0_1,"[False, False, False, False]","[-1, -1, -1, -1]",False,-1,-1,-1
3767,"15/02/20, 09:31",roll_z_0_1pris_y_0_4pitch_z_0_4pitch_x_0_7pitch_z_0_4,"[False, False, False, False]","[-1, -1, -1, -1]",False,-1,-1,-1
3768,"15/02/20, 09:31",roll_z_0_1pitch_y_0_7pris_z_0_4pitch_z_0_1pitch_y_0_4,"[False, False, False, False]","[-1, -1, -1, -1]",False,-1,-1,-1
3769,"15/02/20, 09:31",roll_z_0_1pitch_y_0_1pris_x_0_7pris_y_0_1pris_x_0_1,"[False, False, False, False]","[-1, -1, -1, -1]",False,-1,-1,-1
3770,"15/02/20, 09:31",roll_z_0_1pitch_y_0_1pris_x_0_7roll_z_0_7pitch_y_0_7,"[False, False, False, False]","[-1, -1, -1, -1]",False,-1,-1,-1
3771,"15/02/20, 09:32",roll_z_0_1pris_y_0_1pitch_z_0_1pris_x_0_4pris_x_0_7,"[False, False, False, False]","[-1, -1, -1, -1]",False,-1,-1,-1
3772,"15/02/20, 09:32",roll_z_0_1pitch_y_0_1pris_x_0_7pitch_x_0_4pitch_z_0_4,"[False, False, False, False]","[-1, -1, -1, -1]",False,-1,-1,-1
3773,"15/02/20, 09:32",roll_z_0_1pris_y_0_1pitch_x_0_7roll_y_0_1pitch_y_0_4,"[False, False, False, False]","[-1, -1, -1, -1]",False,-1,-1,-1
3774,"15/02/20, 09:32",roll_z_0_1pris_y_0_7pris_x_0_7pris_x_0_4roll_y_0_7,"[False, False, False, False]","[-1, -1, -1, -1]",False,-1,-1,-1
3775,"15/02/20, 09:32",roll_z_0_1pris_y_0_1pris_y_0_1pitch_x_0_4pris_y_0_7,"[False, False, False, False]","[-1, -1, -1, -1]",False,-1,-1,-1
3776,"15/02/20, 09:33",roll_z_0_1pitch_y_0_7pris_z_0_7pris_y_0_7roll_y_0_7,"[False, False, False, False]","[-1, -1, -1, -1]",False,-1,-1,-1
3777,"15/02/20, 09:33",roll_z_0_1pris_y_0_4pitch_z_0_1pitch_x_0_7pitch_x_0_4,"[False, False, False, False]","[-1, -1, -1, -1]",False,-1,-1,-1
3778,"15/02/20, 09:33",roll_z_0_1pitch_y_0_4pris_x_0_7pitch_x_0_7roll_x_0_7,"[False, False, False, False]","[-1, -1, -1, -1]",False,-1,-1,-1
3779,"15/02/20, 09:33",roll_z_0_1pris_y_0_1pitch_x_0_7pitch_x_0_4roll_y_0_1,"[False, False, False, False]","[-1, -1, -1, -1]",False,-1,-1,-1
3780,"15/02/20, 09:34",roll_z_0_1pitch_y_0_4pitch_z_0_7pris_x_0_7roll_x_0_7,"[False, False, False, False]","[-1, -1, -1, -1]",False,-1,-1,-1
3781,"15/02/20, 09:34",roll_z_0_1pris_y_0_7pitch_z_0_4pitch_y_0_4pitch_x_0_4,"[False, False, False, False]","[-1, -1, -1, -1]",False,-1,-1,-1
3782,"15/02/20, 09:34",roll_z_0_1pitch_y_0_7pris_y_0_1pris_x_0_4pris_x_0_1,"[False, False, False, False]","[-1, -1, -1, -1]",False,-1,-1,-1
3783,"15/02/20, 09:34",roll_z_0_1pris_y_0_4pitch_x_0_7pitch_z_0_1roll_x_0_1,"[False, False, False, False]","[-1, -1, -1, -1]",False,-1,-1,-1
3784,"15/02/20, 09:34",roll_z_0_1pris_y_0_1pitch_x_0_7pris_y_0_1pris_x_0_1,"[False, False, False, False]","[-1, -1, -1, -1]",False,-1,-1,-1
3785,"15/02/20, 09:35",roll_z_0_1pris_y_0_7pitch_z_0_4pitch_x_0_4pitch_z_0_1,"[False, False, False, False]","[-1, -1, -1, -1]",False,-1,-1,-1
3786,"15/02/20, 09:35",roll_z_0_1pris_y_0_1pitch_x_0_7pitch_y_0_4roll_y_0_1,"[False, False, False, False]","[-1, -1, -1, -1]",False,-1,-1,-1
3787,"15/02/20, 09:35",roll_z_0_1pris_y_0_1pris_x_0_4pitch_y_0_1pris_z_0_7,"[False, False, False, False]","[-1, -1, -1, -1]",False,-1,-1,-1
3788,"15/02/20, 09:35",roll_z_0_1pris_y_0_7pris_y_0_1roll_x_0_7pris_y_0_7,"[False, False, False, False]","[-1, -1, -1, -1]",False,-1,-1,-1
3789,"15/02/20, 09:35",roll_z_0_1pitch_y_0_1pitch_z_0_7pitch_y_0_7pitch_y_0_7,"[True, True, True, False]","[-1, -1, -1, -1]",False,-1,-1,-1
3790,"15/02/20, 09:36",roll_z_0_1pris_z_0_7pris_y_0_1pitch_x_0_4pris_y_0_1,"[False, False, False, False]","[-1, -1, -1, -1]",False,-1,-1,-1
3791,"15/02/20, 09:36",roll_z_0_1pitch_y_0_4pitch_x_0_7pitch_y_0_1pris_x_0_4,"[False, False, False, False]","[-1, -1, -1, -1]",False,-1,-1,-1
3792,"15/02/20, 09:36",roll_z_0_1pitch_y_0_1pitch_z_0_4pitch_z_0_4pris_x_0_7,"[False, False, False, False]","[-1, -1, -1, -1]",False,-1,-1,-1
3793,"15/02/20, 09:36",roll_z_0_1pitch_y_0_7pris_z_0_1roll_y_0_1pitch_y_0_1,"[True, False, False, False]","[-1, -1, -1, -1]",False,-1,-1,-1
3794,"15/02/20, 09:37",roll_z_0_1pitch_y_0_1pris_y_0_7pitch_y_0_1roll_x_0_4,"[False, False, False, False]","[-1, -1, -1, -1]",False,-1,-1,-1
3795,"15/02/20, 09:37",roll_z_0_1pitch_y_0_4pris_z_0_1pitch_z_0_1roll_z_0_7,"[False, False, False, False]","[-1, -1, -1, -1]",False,-1,-1,-1
3796,"15/02/20, 09:37",roll_z_0_1pris_z_0_7pitch_y_0_1pris_y_0_1pris_y_0_4,"[False, False, False, False]","[-1, -1, -1, -1]",False,-1,-1,-1
3797,"15/02/20, 09:37",roll_z_0_1pitch_y_0_4pitch_x_0_7pris_x_0_4pitch_z_0_4,"[False, False, False, False]","[-1, -1, -1, -1]",False,-1,-1,-1
3798,"15/02/20, 09:37",roll_z_0_1pris_y_0_4pitch_y_0_1pris_y_0_1pris_y_0_7,"[False, False, False, False]","[-1, -1, -1, -1]",False,-1,-1,-1
3799,"15/02/20, 09:38",roll_z_0_1pitch_y_0_4pris_y_0_1pitch_y_0_1roll_y_0_7,"[False, False, False, False]","[-1, -1, -1, -1]",False,-1,-1,-1
3800,"15/02/20, 09:38",roll_z_0_1pitch_y_0_4pris_y_0_1pitch_x_0_7pitch_x_0_4,"[False, False, False, False]","[-1, -1, -1, -1]",False,-1,-1,-1
3801,"15/02/20, 09:38",roll_z_0_1pitch_y_0_7pris_y_0_4pitch_z_0_4pitch_y_0_4,"[False, False, False, False]","[-1, -1, -1, -1]",False,-1,-1,-1
3802,"15/02/20, 09:38",roll_z_0_1pris_y_0_1pris_x_0_7pitch_z_0_1pris_x_0_1,"[False, False, False, False]","[-1, -1, -1, -1]",False,-1,-1,-1
3803,"15/02/20, 09:38",roll_z_0_1pris_y_0_1pris_x_0_1pris_x_0_7pitch_y_0_1,"[False, False, False, False]","[-1, -1, -1, -1]",False,-1,-1,-1
3804,"15/02/20, 09:39",roll_z_0_1pitch_y_0_7pris_y_0_1pitch_z_0_1roll_y_0_1,"[False, False, False, False]","[-1, -1, -1, -1]",False,-1,-1,-1
3805,"15/02/20, 09:39",roll_z_0_1pitch_y_0_4pris_x_0_1pitch_z_0_7pitch_x_0_4,"[False, False, False, False]","[-1, -1, -1, -1]",False,-1,-1,-1
3806,"15/02/20, 09:39",roll_z_0_1pris_y_0_7pris_x_0_7roll_z_0_7pris_y_0_1,"[False, False, False, False]","[-1, -1, -1, -1]",False,-1,-1,-1
3807,"15/02/20, 09:39",roll_z_0_1pris_y_0_7pris_y_0_4pitch_y_0_1pris_z_0_1,"[False, False, False, False]","[-1, -1, -1, -1]",False,-1,-1,-1
3808,"15/02/20, 09:39",roll_z_0_1pris_y_0_7pris_y_0_7roll_y_0_1pris_y_0_7,"[False, False, False, False]","[-1, -1, -1, -1]",False,-1,-1,-1
3809,"15/02/20, 09:40",roll_z_0_1pris_y_0_1pitch_z_0_1pris_y_0_7pris_y_0_1,"[False, False, False, False]","[-1, -1, -1, -1]",False,-1,-1,-1
3810,"15/02/20, 09:40",roll_z_0_1pris_z_0_4pitch_y_0_1pris_y_0_1pris_x_0_7,"[False, False, False, False]","[-1, -1, -1, -1]",False,-1,-1,-1
3811,"15/02/20, 09:40",roll_z_0_1pitch_y_0_7pris_x_0_4pitch_x_0_4pitch_z_0_4,"[False, False, False, False]","[-1, -1, -1, -1]",False,-1,-1,-1
3812,"15/02/20, 09:40",roll_z_0_1pris_y_0_4pris_y_0_7pitch_y_0_1pris_y_0_1,"[False, False, False, False]","[-1, -1, -1, -1]",False,-1,-1,-1
3813,"15/02/20, 09:40",roll_z_0_1pris_z_0_4pitch_y_0_1pris_z_0_7pris_y_0_1,"[False, False, False, False]","[-1, -1, -1, -1]",False,-1,-1,-1
3814,"15/02/20, 09:41",roll_z_0_1pris_y_0_4pitch_y_0_7pitch_x_0_1roll_y_0_1,"[False, False, False, False]","[-1, -1, -1, -1]",False,-1,-1,-1
3815,"15/02/20, 09:41",roll_z_0_1pris_y_0_7pitch_x_0_7pris_x_0_7roll_z_0_7,"[False, False, False, False]","[-1, -1, -1, -1]",False,-1,-1,-1
3816,"15/02/20, 09:41",roll_z_0_1pitch_y_0_1pitch_z_0_7roll_x_0_4pris_y_0_1,"[False, False, False, False]","[-1, -1, -1, -1]",False,-1,-1,-1
3817,"15/02/20, 09:41",roll_z_0_1pris_y_0_7pitch_y_0_1pris_z_0_1pris_x_0_4,"[False, False, False, False]","[-1, -1, -1, -1]",False,-1,-1,-1
3818,"15/02/20, 09:41",roll_z_0_1pris_y_0_1pris_x_0_7pris_x_0_7roll_y_0_7,"[False, False, False, False]","[-1, -1, -1, -1]",False,-1,-1,-1
3819,"15/02/20, 09:42",roll_z_0_1pris_z_0_1pris_y_0_7pitch_x_0_4pris_z_0_1,"[False, False, False, False]","[-1, -1, -1, -1]",False,-1,-1,-1
3820,"15/02/20, 09:42",roll_z_0_1pris_z_0_7pris_y_0_1pris_x_0_1pitch_z_0_4,"[False, False, False, False]","[-1, -1, -1, -1]",False,-1,-1,-1
3821,"15/02/20, 09:42",roll_z_0_1pitch_y_0_7pris_x_0_1pitch_z_0_1roll_y_0_4,"[False, False, False, False]","[-1, -1, -1, -1]",False,-1,-1,-1
3822,"15/02/20, 09:42",roll_z_0_1pitch_y_0_4roll_x_0_1pris_y_0_7pitch_y_0_1,"[True, False, False, True]","[-1, -1, -1, -1]",False,-1,-1,-1
3823,"15/02/20, 09:42",roll_z_0_1pitch_y_0_4pitch_z_0_1pris_x_0_7roll_y_0_1,"[False, False, False, False]","[-1, -1, -1, -1]",False,-1,-1,-1
3824,"15/02/20, 09:43",roll_z_0_1pris_y_0_1pitch_x_0_1pris_z_0_7pris_x_0_4,"[False, False, False, False]","[-1, -1, -1, -1]",False,-1,-1,-1
3825,"15/02/20, 09:43",roll_z_0_1pitch_y_0_4roll_y_0_7pitch_y_0_1pris_x_0_1,"[False, False, False, False]","[-1, -1, -1, -1]",False,-1,-1,-1
3826,"15/02/20, 09:43",roll_z_0_1pris_y_0_4pitch_x_0_7pitch_y_0_4pitch_x_0_4,"[False, False, True, False]","[-1, -1, -1, -1]",False,-1,-1,-1
3827,"15/02/20, 09:43",roll_z_0_1pris_z_0_7pitch_y_0_1pitch_x_0_4roll_x_0_1,"[False, False, False, False]","[-1, -1, -1, -1]",False,-1,-1,-1
3828,"15/02/20, 09:43",roll_z_0_1roll_y_0_7pitch_y_0_7pris_y_0_7pris_x_0_7,"[False, False, False, False]","[-1, -1, -1, -1]",False,-1,-1,-1
3829,"15/02/20, 09:44",roll_z_0_1pris_y_0_1pitch_y_0_7roll_x_0_4pitch_y_0_1,"[False, False, False, False]","[-1, -1, -1, -1]",False,-1,-1,-1
3830,"15/02/20, 09:44",roll_z_0_1pitch_y_0_7pitch_x_0_1pris_x_0_1roll_y_0_4,"[False, False, False, False]","[-1, -1, -1, -1]",False,-1,-1,-1
3831,"15/02/20, 09:44",roll_z_0_1roll_y_0_1pris_y_0_7pitch_z_0_7pitch_y_0_7,"[False, False, False, False]","[-1, -1, -1, -1]",False,-1,-1,-1
3832,"15/02/20, 09:44",roll_z_0_1pris_y_0_7roll_x_0_1pitch_y_0_1pitch_z_0_1,"[False, False, False, False]","[-1, -1, -1, -1]",False,-1,-1,-1
3833,"15/02/20, 09:44",roll_z_0_1pitch_y_0_4pitch_z_0_4pris_x_0_1pitch_x_0_7,"[False, False, False, False]","[-1, -1, -1, -1]",False,-1,-1,-1
3834,"15/02/20, 09:45",roll_z_0_1pris_y_0_1pitch_x_0_1pris_y_0_7pris_y_0_1,"[False, False, False, False]","[-1, -1, -1, -1]",False,-1,-1,-1
3835,"15/02/20, 09:45",roll_z_0_1roll_y_0_7pris_y_0_7pitch_x_0_7pris_z_0_7,"[False, False, False, False]","[-1, -1, -1, -1]",False,-1,-1,-1
3836,"15/02/20, 09:45",roll_z_0_1roll_y_0_7pris_y_0_1pris_x_0_7pris_x_0_7,"[False, False, False, False]","[-1, -1, -1, -1]",False,-1,-1,-1
3837,"15/02/20, 09:45",roll_z_0_1pitch_y_0_4pris_z_0_7roll_y_0_1pitch_y_0_1,"[False, False, False, True]","[-1, -1, -1, -1]",False,-1,-1,-1
3838,"15/02/20, 09:45",roll_z_0_1pris_y_0_7pitch_z_0_4pitch_z_0_1roll_x_0_1,"[False, False, False, False]","[-1, -1, -1, -1]",False,-1,-1,-1
3839,"15/02/20, 09:46",roll_z_0_1pitch_y_0_4pitch_x_0_7pitch_x_0_1pris_z_0_4,"[False, False, False, False]","[-1, -1, -1, -1]",False,-1,-1,-1
3840,"15/02/20, 09:46",roll_z_0_1pitch_y_0_1pris_y_0_4pitch_x_0_4pitch_y_0_7,"[False, False, False, False]","[-1, -1, -1, -1]",False,-1,-1,-1
3841,"15/02/20, 09:46",roll_z_0_1pitch_y_0_4pitch_x_0_1roll_x_0_1pris_z_0_7,"[False, False, False, False]","[-1, -1, -1, -1]",False,-1,-1,-1
3842,"15/02/20, 09:46",roll_z_0_1pitch_y_0_4roll_z_0_7pris_y_0_1pitch_z_0_1,"[False, False, False, False]","[-1, -1, -1, -1]",False,-1,-1,-1
3843,"15/02/20, 09:47",roll_z_0_1pitch_y_0_7pitch_x_0_1pris_y_0_1roll_z_0_1,"[False, False, False, False]","[-1, -1, -1, -1]",False,-1,-1,-1
3844,"15/02/20, 09:47",roll_z_0_1pris_z_0_7pris_y_0_7pris_x_0_7roll_x_0_1,"[False, False, False, False]","[-1, -1, -1, -1]",False,-1,-1,-1
3845,"15/02/20, 09:47",roll_z_0_1pitch_y_0_1pitch_z_0_7pris_x_0_7roll_x_0_7,"[False, False, False, False]","[-1, -1, -1, -1]",False,-1,-1,-1
3846,"15/02/20, 09:47",roll_z_0_1pris_y_0_4pitch_y_0_7pitch_x_0_1roll_x_0_1,"[False, False, False, False]","[-1, -1, -1, -1]",False,-1,-1,-1
3847,"15/02/20, 09:47",roll_z_0_1pitch_y_0_4pitch_z_0_7pris_y_0_4pitch_x_0_1,"[False, False, False, False]","[-1, -1, -1, -1]",False,-1,-1,-1
3848,"15/02/20, 09:48",roll_z_0_1pris_y_0_7pitch_x_0_1pitch_y_0_4roll_x_0_1,"[False, False, False, False]","[-1, -1, -1, -1]",False,-1,-1,-1
3849,"15/02/20, 09:48",roll_z_0_1pris_z_0_7pitch_y_0_7pris_z_0_7roll_y_0_7,"[False, False, False, False]","[-1, -1, -1, -1]",False,-1,-1,-1
3850,"15/02/20, 09:48",roll_z_0_1pitch_y_0_1pris_y_0_7pitch_x_0_4pitch_x_0_4,"[False, False, False, False]","[-1, -1, -1, -1]",False,-1,-1,-1
3851,"15/02/20, 09:48",roll_z_0_1pris_y_0_7pitch_y_0_4pitch_x_0_1roll_z_0_1,"[False, False, False, False]","[-1, -1, -1, -1]",False,-1,-1,-1
3852,"15/02/20, 09:48",roll_z_0_1pris_y_0_1pris_y_0_1pitch_x_0_7pris_y_0_1,"[False, False, False, False]","[-1, -1, -1, -1]",False,-1,-1,-1
3853,"15/02/20, 09:49",roll_z_0_1pris_y_0_7pitch_y_0_7roll_y_0_7roll_y_0_7,"[False, False, False, False]","[-1, -1, -1, -1]",False,-1,-1,-1
3854,"15/02/20, 09:49",roll_z_0_1pitch_y_0_1pitch_x_0_7pitch_y_0_7pitch_y_0_7,"[True, True, True, True]","[4.978, 2.712, 2.45, 2.298]",True,3.11,0.002,0.011
3855,"15/02/20, 09:49",roll_z_0_1roll_y_0_7pitch_y_0_1pris_x_0_1pitch_x_0_4,"[False, False, False, False]","[-1, -1, -1, -1]",False,-1,-1,-1
3856,"15/02/20, 09:49",roll_z_0_1pitch_y_0_7roll_y_0_4pris_z_0_1pitch_y_0_1,"[False, False, False, False]","[-1, -1, -1, -1]",False,-1,-1,-1
3857,"15/02/20, 09:50",roll_z_0_1pris_y_0_4pitch_z_0_7pitch_x_0_4pitch_y_0_1,"[False, False, False, False]","[-1, -1, -1, -1]",False,-1,-1,-1
3858,"15/02/20, 09:50",roll_z_0_1pitch_y_0_1pris_x_0_4pitch_x_0_4pitch_y_0_7,"[False, False, False, False]","[-1, -1, -1, -1]",False,-1,-1,-1
3859,"15/02/20, 09:50",roll_z_0_1pris_z_0_7pris_y_0_7pris_x_0_1roll_y_0_7,"[False, False, False, False]","[-1, -1, -1, -1]",False,-1,-1,-1
3860,"15/02/20, 09:50",roll_z_0_1roll_y_0_4pitch_y_0_1pitch_z_0_1pris_x_0_7,"[False, False, False, False]","[-1, -1, -1, -1]",False,-1,-1,-1
3861,"15/02/20, 09:50",roll_z_0_1pris_y_0_4pitch_z_0_1roll_y_0_7pitch_y_0_1,"[False, False, False, False]","[-1, -1, -1, -1]",False,-1,-1,-1
3862,"15/02/20, 09:51",roll_z_0_1roll_y_0_7pris_y_0_7pitch_x_0_7pris_y_0_7,"[False, False, False, False]","[-1, -1, -1, -1]",False,-1,-1,-1
3863,"15/02/20, 09:51",roll_z_0_1pitch_y_0_1pitch_z_0_7pris_y_0_4pitch_x_0_4,"[True, False, False, False]","[-1, -1, -1, -1]",False,-1,-1,-1
3864,"15/02/20, 09:51",roll_z_0_1pitch_y_0_7pitch_x_0_1pris_x_0_4pitch_x_0_4,"[False, False, False, False]","[-1, -1, -1, -1]",False,-1,-1,-1
3865,"15/02/20, 09:51",roll_z_0_1pitch_y_0_1roll_z_0_7pitch_y_0_4pris_z_0_1,"[False, False, False, False]","[-1, -1, -1, -1]",False,-1,-1,-1
3866,"15/02/20, 09:51",roll_z_0_1roll_y_0_7pris_z_0_1pitch_y_0_4pitch_x_0_1,"[False, False, False, False]","[-1, -1, -1, -1]",False,-1,-1,-1
3867,"15/02/20, 09:52",roll_z_0_1pitch_y_0_4pitch_x_0_7pris_x_0_1pitch_x_0_4,"[False, False, False, False]","[-1, -1, -1, -1]",False,-1,-1,-1
3868,"15/02/20, 09:52",roll_z_0_1pitch_y_0_7pitch_x_0_4pris_x_0_4pitch_x_0_4,"[False, False, False, False]","[-1, -1, -1, -1]",False,-1,-1,-1
3869,"15/02/20, 09:52",roll_z_0_1pris_y_0_4pitch_z_0_7roll_z_0_1pitch_y_0_1,"[False, False, False, False]","[-1, -1, -1, -1]",False,-1,-1,-1
3870,"15/02/20, 09:52",roll_z_0_1pris_y_0_7pitch_z_0_4pitch_x_0_1roll_z_0_1,"[False, False, False, False]","[-1, -1, -1, -1]",False,-1,-1,-1
3871,"15/02/20, 09:52",roll_z_0_1pris_y_0_4pitch_x_0_1pris_x_0_7pris_y_0_1,"[False, False, False, False]","[-1, -1, -1, -1]",False,-1,-1,-1
3872,"15/02/20, 09:53",roll_z_0_1pris_y_0_1pris_y_0_1pitch_z_0_4pris_z_0_7,"[False, False, False, False]","[-1, -1, -1, -1]",False,-1,-1,-1
3873,"15/02/20, 09:53",roll_z_0_1pitch_y_0_7pitch_x_0_1pris_x_0_1roll_z_0_1,"[False, False, False, False]","[-1, -1, -1, -1]",False,-1,-1,-1
3874,"15/02/20, 09:53",roll_z_0_1pitch_y_0_4pitch_x_0_7pitch_z_0_1pris_z_0_4,"[False, False, False, False]","[-1, -1, -1, -1]",False,-1,-1,-1
3875,"15/02/20, 09:53",roll_z_0_1pris_y_0_1pitch_z_0_7pris_y_0_4pris_y_0_1,"[False, False, False, False]","[-1, -1, -1, -1]",False,-1,-1,-1
3876,"15/02/20, 09:53",roll_z_0_1pitch_y_0_4pitch_x_0_1pris_y_0_4pitch_z_0_7,"[False, False, False, False]","[-1, -1, -1, -1]",False,-1,-1,-1
3877,"15/02/20, 09:54",roll_z_0_1pitch_y_0_1roll_y_0_7pris_y_0_4pitch_x_0_1,"[False, False, False, False]","[-1, -1, -1, -1]",False,-1,-1,-1
3878,"15/02/20, 09:54",roll_z_0_1pitch_y_0_4pitch_x_0_4pris_x_0_1pitch_x_0_7,"[False, False, False, False]","[-1, -1, -1, -1]",False,-1,-1,-1
3879,"15/02/20, 09:54",roll_z_0_1pitch_y_0_4pitch_x_0_1pitch_x_0_7pris_z_0_4,"[False, False, True, False]","[-1, -1, -1, -1]",False,-1,-1,-1
3880,"15/02/20, 09:54",roll_z_0_1pris_z_0_1pris_y_0_7pitch_y_0_1pris_z_0_4,"[False, False, False, False]","[-1, -1, -1, -1]",False,-1,-1,-1
3881,"15/02/20, 09:55",roll_z_0_1pris_y_0_4pitch_z_0_7pitch_z_0_4pitch_y_0_1,"[False, False, True, False]","[-1, -1, -1, -1]",False,-1,-1,-1
3882,"15/02/20, 09:55",roll_z_0_1pitch_y_0_4pris_z_0_4pitch_z_0_7pitch_x_0_4,"[False, False, False, False]","[-1, -1, -1, -1]",False,-1,-1,-1
3883,"15/02/20, 09:55",roll_z_0_1pitch_y_0_4pris_y_0_1pris_x_0_1pris_x_0_7,"[False, False, False, False]","[-1, -1, -1, -1]",False,-1,-1,-1
3884,"15/02/20, 09:55",roll_z_0_1pitch_y_0_4pitch_z_0_1pitch_x_0_7pris_z_0_4,"[False, False, False, False]","[-1, -1, -1, -1]",False,-1,-1,-1
3885,"15/02/20, 09:55",roll_z_0_1roll_y_0_1pris_y_0_7pris_x_0_7pris_x_0_7,"[False, False, False, False]","[-1, -1, -1, -1]",False,-1,-1,-1
3886,"15/02/20, 09:56",roll_z_0_1roll_y_0_7pitch_y_0_1pitch_z_0_1pris_y_0_1,"[False, False, False, False]","[-1, -1, -1, -1]",False,-1,-1,-1
3887,"15/02/20, 09:56",roll_z_0_1pitch_y_0_7pitch_z_0_1roll_y_0_1pris_y_0_1,"[False, False, False, False]","[-1, -1, -1, -1]",False,-1,-1,-1
3888,"15/02/20, 09:56",roll_z_0_1pitch_y_0_7pitch_z_0_1pris_x_0_1roll_x_0_1,"[False, False, False, False]","[-1, -1, -1, -1]",False,-1,-1,-1
3889,"15/02/20, 09:56",roll_z_0_1pris_y_0_7pris_x_0_1pitch_y_0_1pris_z_0_4,"[False, False, False, False]","[-1, -1, -1, -1]",False,-1,-1,-1
3890,"15/02/20, 09:56",roll_z_0_1pitch_y_0_7pitch_x_0_1roll_y_0_1pris_y_0_1,"[False, False, False, False]","[-1, -1, -1, -1]",False,-1,-1,-1
3891,"15/02/20, 09:57",roll_z_0_1pitch_y_0_7pris_z_0_1roll_y_0_1pitch_y_0_4,"[False, False, False, False]","[-1, -1, -1, -1]",False,-1,-1,-1
3892,"15/02/20, 09:57",roll_z_0_1pitch_y_0_1pris_x_0_7pitch_x_0_1roll_y_0_4,"[False, False, False, False]","[-1, -1, -1, -1]",False,-1,-1,-1
3893,"15/02/20, 09:57",roll_z_0_1pitch_y_0_7pitch_x_0_1pris_x_0_4pitch_z_0_4,"[False, False, False, False]","[-1, -1, -1, -1]",False,-1,-1,-1
3894,"15/02/20, 09:57",roll_z_0_1pitch_y_0_1pris_x_0_7roll_x_0_1pitch_y_0_4,"[False, False, False, False]","[-1, -1, -1, -1]",False,-1,-1,-1
3895,"15/02/20, 09:58",roll_z_0_1pris_y_0_7pitch_y_0_4pitch_x_0_1roll_x_0_1,"[False, False, False, False]","[-1, -1, -1, -1]",False,-1,-1,-1
3896,"15/02/20, 09:58",roll_z_0_1pitch_y_0_7pitch_x_0_1pris_y_0_4pitch_z_0_4,"[False, False, False, False]","[-1, -1, -1, -1]",False,-1,-1,-1
3897,"15/02/20, 09:58",roll_z_0_1pris_z_0_7pitch_y_0_4pitch_z_0_1roll_z_0_1,"[False, False, False, False]","[-1, -1, -1, -1]",False,-1,-1,-1
3898,"15/02/20, 09:58",roll_z_0_1pitch_y_0_7pris_y_0_4pitch_z_0_1roll_y_0_1,"[True, False, False, False]","[-1, -1, -1, -1]",False,-1,-1,-1
3899,"15/02/20, 09:58",roll_z_0_1pitch_y_0_7pitch_x_0_4pris_x_0_1pitch_y_0_4,"[False, False, False, False]","[-1, -1, -1, -1]",False,-1,-1,-1
3900,"15/02/20, 09:59",roll_z_0_1pitch_y_0_1pris_y_0_7pitch_z_0_4roll_z_0_1,"[False, False, False, False]","[-1, -1, -1, -1]",False,-1,-1,-1
3901,"15/02/20, 09:59",roll_z_0_1pitch_y_0_4pris_x_0_1pitch_z_0_1roll_x_0_7,"[False, False, False, False]","[-1, -1, -1, -1]",False,-1,-1,-1
3902,"15/02/20, 09:59",roll_z_0_1pitch_y_0_7pris_z_0_1pitch_x_0_4pitch_y_0_4,"[False, False, False, False]","[-1, -1, -1, -1]",False,-1,-1,-1
3903,"15/02/20, 09:59",roll_z_0_1roll_y_0_7pris_z_0_7pitch_y_0_7roll_z_0_7,"[True, False, False, False]","[-1, -1, -1, -1]",False,-1,-1,-1
3904,"15/02/20, 10:00",roll_z_0_1pris_z_0_1pris_y_0_7pris_x_0_1pitch_z_0_4,"[False, False, False, False]","[-1, -1, -1, -1]",False,-1,-1,-1
3905,"15/02/20, 10:00",roll_z_0_1pris_y_0_7pitch_x_0_1pris_z_0_1pris_x_0_4,"[False, False, False, False]","[-1, -1, -1, -1]",False,-1,-1,-1
3906,"15/02/20, 10:00",roll_z_0_1pris_y_0_1pris_y_0_4pitch_z_0_1pris_y_0_7,"[False, False, False, False]","[-1, -1, -1, -1]",False,-1,-1,-1
3907,"15/02/20, 10:00",roll_z_0_1roll_y_0_1pris_y_0_7pitch_z_0_1pitch_z_0_4,"[True, False, False, False]","[-1, -1, -1, -1]",False,-1,-1,-1
3908,"15/02/20, 10:00",roll_z_0_1pitch_y_0_1pris_y_0_1pris_y_0_7pris_x_0_4,"[False, False, False, False]","[-1, -1, -1, -1]",False,-1,-1,-1
3909,"15/02/20, 10:01",roll_z_0_1pitch_y_0_4pitch_x_0_1pris_x_0_7pitch_x_0_4,"[False, False, False, False]","[-1, -1, -1, -1]",False,-1,-1,-1
3910,"15/02/20, 10:01",roll_z_0_1pris_y_0_1pitch_x_0_7pris_x_0_1pris_y_0_4,"[False, False, False, False]","[-1, -1, -1, -1]",False,-1,-1,-1
3911,"15/02/20, 10:01",roll_z_0_1pris_y_0_7pitch_y_0_4roll_z_0_1pitch_y_0_1,"[False, False, False, False]","[-1, -1, -1, -1]",False,-1,-1,-1
3912,"15/02/20, 10:01",roll_z_0_1pris_y_0_7roll_y_0_1pitch_y_0_4pitch_x_0_1,"[False, False, False, False]","[-1, -1, -1, -1]",False,-1,-1,-1
3913,"15/02/20, 10:01",roll_z_0_1pris_z_0_7pris_y_0_7roll_y_0_7pris_y_0_4,"[False, False, False, False]","[-1, -1, -1, -1]",False,-1,-1,-1
3914,"15/02/20, 10:02",roll_z_0_1roll_y_0_7pris_y_0_4pitch_x_0_1pitch_y_0_1,"[False, False, False, False]","[-1, -1, -1, -1]",False,-1,-1,-1
3915,"15/02/20, 10:02",roll_z_0_1roll_y_0_4pitch_y_0_1pris_y_0_1pitch_z_0_7,"[False, False, False, False]","[-1, -1, -1, -1]",False,-1,-1,-1
3916,"15/02/20, 10:02",roll_z_0_1pris_z_0_1pitch_y_0_4pris_x_0_7pris_x_0_1,"[False, False, False, False]","[-1, -1, -1, -1]",False,-1,-1,-1
3917,"15/02/20, 10:02",roll_z_0_1pitch_y_0_7pris_z_0_7pris_y_0_7roll_z_0_7,"[False, False, False, False]","[-1, -1, -1, -1]",False,-1,-1,-1
3918,"15/02/20, 10:02",roll_z_0_1pitch_y_0_7pris_x_0_4pitch_y_0_1pitch_x_0_4,"[False, False, False, False]","[-1, -1, -1, -1]",False,-1,-1,-1
3919,"15/02/20, 10:03",roll_z_0_1roll_y_0_7pris_y_0_1pitch_x_0_1pitch_x_0_1,"[True, False, False, False]","[-1, -1, -1, -1]",False,-1,-1,-1
3920,"15/02/20, 10:03",roll_z_0_1pris_y_0_1pitch_y_0_1pris_y_0_7pris_y_0_4,"[False, False, False, False]","[-1, -1, -1, -1]",False,-1,-1,-1
3921,"15/02/20, 10:03",roll_z_0_1pris_z_0_4roll_y_0_1pitch_y_0_7pitch_z_0_1,"[False, False, False, False]","[-1, -1, -1, -1]",False,-1,-1,-1
3922,"15/02/20, 10:03",roll_z_0_1pitch_y_0_4pris_z_0_1pitch_z_0_7pitch_y_0_4,"[False, False, False, False]","[-1, -1, -1, -1]",False,-1,-1,-1
3923,"15/02/20, 10:03",roll_z_0_1pitch_y_0_1roll_y_0_7pris_y_0_7pitch_y_0_7,"[False, False, False, False]","[-1, -1, -1, -1]",False,-1,-1,-1
3924,"15/02/20, 10:04",roll_z_0_1pitch_y_0_4pris_z_0_1pitch_x_0_7roll_y_0_1,"[False, False, False, False]","[-1, -1, -1, -1]",False,-1,-1,-1
3925,"15/02/20, 10:04",roll_z_0_1pris_y_0_1pitch_z_0_4pris_x_0_1pris_x_0_7,"[False, False, False, False]","[-1, -1, -1, -1]",False,-1,-1,-1
3926,"15/02/20, 10:04",roll_z_0_1pitch_y_0_4pris_z_0_7pitch_x_0_4pitch_z_0_1,"[False, False, False, False]","[-1, -1, -1, -1]",False,-1,-1,-1
3927,"15/02/20, 10:04",roll_z_0_1pris_y_0_7pitch_x_0_4pris_x_0_1pris_y_0_1,"[False, False, False, False]","[-1, -1, -1, -1]",False,-1,-1,-1
3928,"15/02/20, 10:05",roll_z_0_1pitch_y_0_7pitch_x_0_7pitch_x_0_1pitch_z_0_7,"[True, True, True, False]","[-1, -1, -1, -1]",False,-1,-1,-1
3929,"15/02/20, 10:05",roll_z_0_1pitch_y_0_7pitch_x_0_7pitch_y_0_7pitch_y_0_4,"[True, False, True, True]","[3.496, 5.472, 2.594, 5.081]",True,4.16,0.001,0.007
3930,"15/02/20, 10:05",roll_z_0_1pris_y_0_4pris_y_0_1pitch_z_0_7pris_y_0_1,"[False, False, False, False]","[-1, -1, -1, -1]",False,-1,-1,-1
3931,"15/02/20, 10:05",roll_z_0_1pris_z_0_1pitch_y_0_1pris_y_0_7pris_x_0_4,"[False, False, False, False]","[-1, -1, -1, -1]",False,-1,-1,-1
3932,"15/02/20, 10:06",roll_z_0_1pris_y_0_4pris_y_0_1pitch_z_0_1pris_y_0_7,"[False, False, False, False]","[-1, -1, -1, -1]",False,-1,-1,-1
3933,"15/02/20, 10:06",roll_z_0_1pris_z_0_1pris_y_0_4pitch_x_0_7pris_y_0_1,"[False, False, False, False]","[-1, -1, -1, -1]",False,-1,-1,-1
3934,"15/02/20, 10:06",roll_z_0_1pris_y_0_7roll_x_0_4pris_y_0_7pris_x_0_7,"[False, False, False, False]","[-1, -1, -1, -1]",False,-1,-1,-1
3935,"15/02/20, 10:06",roll_z_0_1pris_y_0_1pitch_z_0_7roll_y_0_1pitch_y_0_4,"[False, False, False, False]","[-1, -1, -1, -1]",False,-1,-1,-1
3936,"15/02/20, 10:06",roll_z_0_1pitch_y_0_4pitch_z_0_7pris_y_0_4pitch_z_0_1,"[False, False, False, False]","[-1, -1, -1, -1]",False,-1,-1,-1
3937,"15/02/20, 10:07",roll_z_0_1pris_y_0_4pitch_y_0_7pris_y_0_1pris_x_0_1,"[False, False, False, False]","[-1, -1, -1, -1]",False,-1,-1,-1
3938,"15/02/20, 10:07",roll_z_0_1pris_z_0_4pitch_y_0_1pris_z_0_1pris_x_0_7,"[False, False, False, False]","[-1, -1, -1, -1]",False,-1,-1,-1
3939,"15/02/20, 10:07",roll_z_0_1pitch_y_0_7pris_x_0_4pitch_z_0_4pitch_z_0_1,"[False, False, False, False]","[-1, -1, -1, -1]",False,-1,-1,-1
3940,"15/02/20, 10:07",roll_z_0_1pris_z_0_7pitch_y_0_4pris_z_0_1pris_y_0_1,"[False, False, False, False]","[-1, -1, -1, -1]",False,-1,-1,-1
3941,"15/02/20, 10:07",roll_z_0_1pris_y_0_4pitch_y_0_7pitch_x_0_4pitch_y_0_4,"[False, False, False, False]","[-1, -1, -1, -1]",False,-1,-1,-1
3942,"15/02/20, 10:08",roll_z_0_1pitch_y_0_4pris_y_0_1pitch_x_0_7pitch_z_0_4,"[False, False, False, False]","[-1, -1, -1, -1]",False,-1,-1,-1
3943,"15/02/20, 10:08",roll_z_0_1pitch_y_0_1pitch_z_0_7roll_y_0_1pris_z_0_4,"[False, False, False, False]","[-1, -1, -1, -1]",False,-1,-1,-1
3944,"15/02/20, 10:08",roll_z_0_1pitch_y_0_7pitch_x_0_7pitch_x_0_7pitch_z_0_1,"[False, True, True, True]","[4.634, 2.476, 2.464, 2.505]",True,3.02,0.001,0.018
3945,"15/02/20, 10:08",roll_z_0_1pris_y_0_7pitch_x_0_4pitch_z_0_1roll_z_0_1,"[False, False, False, False]","[-1, -1, -1, -1]",False,-1,-1,-1
3946,"15/02/20, 10:08",roll_z_0_1pitch_y_0_1pitch_x_0_7roll_z_0_4pris_z_0_1,"[False, False, False, False]","[-1, -1, -1, -1]",False,-1,-1,-1
3947,"15/02/20, 10:09",roll_z_0_1pitch_y_0_4pitch_z_0_7pris_y_0_4pitch_z_0_4,"[True, False, False, False]","[-1, -1, -1, -1]",False,-1,-1,-1
3948,"15/02/20, 10:09",roll_z_0_1roll_y_0_4pitch_y_0_1pris_x_0_1pitch_y_0_7,"[False, False, False, False]","[-1, -1, -1, -1]",False,-1,-1,-1
3949,"15/02/20, 10:09",roll_z_0_1pris_y_0_4pitch_x_0_1pris_z_0_1pris_x_0_7,"[False, False, False, False]","[-1, -1, -1, -1]",False,-1,-1,-1
3950,"15/02/20, 10:09",roll_z_0_1pris_y_0_1pitch_x_0_4pitch_x_0_4pitch_x_0_7,"[False, False, False, False]","[-1, -1, -1, -1]",False,-1,-1,-1
3951,"15/02/20, 10:09",roll_z_0_1pris_y_0_4pitch_z_0_1pris_y_0_7pris_x_0_1,"[False, False, False, False]","[-1, -1, -1, -1]",False,-1,-1,-1
3952,"15/02/20, 10:10",roll_z_0_1pris_y_0_1pitch_x_0_7pitch_z_0_4pitch_y_0_4,"[False, False, False, False]","[-1, -1, -1, -1]",False,-1,-1,-1
3953,"15/02/20, 10:10",roll_z_0_1roll_y_0_7pitch_y_0_1pris_y_0_1pitch_x_0_4,"[False, False, False, False]","[-1, -1, -1, -1]",False,-1,-1,-1
3954,"15/02/20, 10:10",roll_z_0_1pitch_y_0_4pitch_x_0_4pitch_x_0_7pris_y_0_4,"[False, False, False, False]","[-1, -1, -1, -1]",False,-1,-1,-1
3955,"15/02/20, 10:10",roll_z_0_1pitch_y_0_4pris_z_0_7pitch_z_0_7roll_x_0_7,"[False, False, False, False]","[-1, -1, -1, -1]",False,-1,-1,-1
3956,"15/02/20, 10:11",roll_z_0_1pitch_y_0_4pitch_x_0_7pitch_z_0_1pris_y_0_4,"[False, False, False, False]","[-1, -1, -1, -1]",False,-1,-1,-1
3957,"15/02/20, 10:11",roll_z_0_1pitch_y_0_4pris_x_0_7pitch_y_0_7roll_x_0_7,"[False, False, False, False]","[-1, -1, -1, -1]",False,-1,-1,-1
3958,"15/02/20, 10:11",roll_z_0_1pris_z_0_7pris_y_0_1pitch_z_0_1pris_z_0_4,"[False, False, False, False]","[-1, -1, -1, -1]",False,-1,-1,-1
3959,"15/02/20, 10:11",roll_z_0_1pitch_y_0_7pris_x_0_4pitch_x_0_4pitch_z_0_1,"[False, False, False, False]","[-1, -1, -1, -1]",False,-1,-1,-1
3960,"15/02/20, 10:11",roll_z_0_1pris_y_0_4pitch_z_0_1pitch_y_0_4pitch_z_0_7,"[False, False, False, False]","[-1, -1, -1, -1]",False,-1,-1,-1
3961,"15/02/20, 10:12",roll_z_0_1pitch_y_0_7pris_z_0_4pitch_x_0_1roll_z_0_1,"[False, False, False, False]","[-1, -1, -1, -1]",False,-1,-1,-1
3962,"15/02/20, 10:12",roll_z_0_1pitch_y_0_7roll_x_0_1pris_y_0_4pitch_y_0_1,"[False, False, False, False]","[-1, -1, -1, -1]",False,-1,-1,-1
3963,"15/02/20, 10:12",roll_z_0_1pris_y_0_4pitch_z_0_4pitch_x_0_7pitch_x_0_1,"[False, False, False, False]","[-1, -1, -1, -1]",False,-1,-1,-1
3964,"15/02/20, 10:12",roll_z_0_1pitch_y_0_4roll_y_0_7pris_y_0_1pitch_y_0_1,"[False, False, False, False]","[-1, -1, -1, -1]",False,-1,-1,-1
3965,"15/02/20, 10:12",roll_z_0_1pris_y_0_4pris_x_0_7roll_x_0_7pris_z_0_7,"[False, False, False, False]","[-1, -1, -1, -1]",False,-1,-1,-1
3966,"15/02/20, 10:13",roll_z_0_1pitch_y_0_4pitch_x_0_7pitch_x_0_4pris_y_0_4,"[False, False, False, False]","[-1, -1, -1, -1]",False,-1,-1,-1
3967,"15/02/20, 10:13",roll_z_0_1pris_z_0_4pitch_y_0_4pitch_x_0_7pitch_y_0_1,"[False, False, False, False]","[-1, -1, -1, -1]",False,-1,-1,-1
3968,"15/02/20, 10:13",roll_z_0_1pris_z_0_4pitch_y_0_1pris_x_0_1pris_y_0_7,"[False, False, False, False]","[-1, -1, -1, -1]",False,-1,-1,-1
3969,"15/02/20, 10:13",roll_z_0_1pris_z_0_1pitch_y_0_7pitch_z_0_4pitch_x_0_4,"[False, False, False, False]","[-1, -1, -1, -1]",False,-1,-1,-1
3970,"15/02/20, 10:13",roll_z_0_1pitch_y_0_7pris_z_0_1pitch_x_0_4pitch_z_0_4,"[False, False, False, False]","[-1, -1, -1, -1]",False,-1,-1,-1
3971,"15/02/20, 10:14",roll_z_0_1pris_y_0_1pitch_y_0_7pitch_z_0_4pitch_y_0_4,"[False, False, False, False]","[-1, -1, -1, -1]",False,-1,-1,-1
3972,"15/02/20, 10:14",roll_z_0_1pitch_y_0_4pris_x_0_7pitch_y_0_7roll_y_0_7,"[False, False, False, False]","[-1, -1, -1, -1]",False,-1,-1,-1
3973,"15/02/20, 10:14",roll_z_0_1pitch_y_0_4pris_x_0_1pitch_z_0_1roll_y_0_7,"[False, False, False, False]","[-1, -1, -1, -1]",False,-1,-1,-1
3974,"15/02/20, 10:14",roll_z_0_1pitch_y_0_7pitch_x_0_4pris_y_0_1roll_y_0_1,"[False, False, False, False]","[-1, -1, -1, -1]",False,-1,-1,-1
3975,"15/02/20, 10:14",roll_z_0_1pitch_y_0_1pris_y_0_7pitch_z_0_4pitch_y_0_4,"[False, False, False, False]","[-1, -1, -1, -1]",False,-1,-1,-1
3976,"15/02/20, 10:15",roll_z_0_1pris_y_0_7pitch_z_0_7pris_z_0_7roll_y_0_7,"[False, False, False, False]","[-1, -1, -1, -1]",False,-1,-1,-1
3977,"15/02/20, 10:15",roll_z_0_1pitch_y_0_1pitch_z_0_4pris_y_0_4pitch_y_0_7,"[False, False, False, False]","[-1, -1, -1, -1]",False,-1,-1,-1
3978,"15/02/20, 10:15",roll_z_0_1pitch_y_0_4pitch_z_0_4pris_x_0_7pitch_z_0_4,"[True, False, False, False]","[-1, -1, -1, -1]",False,-1,-1,-1
3979,"15/02/20, 10:15",roll_z_0_1pitch_y_0_4pitch_z_0_4pris_x_0_7pitch_z_0_1,"[False, False, False, False]","[-1, -1, -1, -1]",False,-1,-1,-1
3980,"15/02/20, 10:16",roll_z_0_1pris_y_0_4pitch_x_0_4pitch_y_0_7pitch_z_0_4,"[False, False, False, False]","[-1, -1, -1, -1]",False,-1,-1,-1
3981,"15/02/20, 10:16",roll_z_0_1pitch_y_0_4pitch_x_0_4pitch_z_0_4pris_y_0_7,"[False, False, False, False]","[-1, -1, -1, -1]",False,-1,-1,-1
3982,"15/02/20, 10:16",roll_z_0_1pitch_y_0_4pris_y_0_1pitch_y_0_7roll_z_0_1,"[False, False, False, False]","[-1, -1, -1, -1]",False,-1,-1,-1
3983,"15/02/20, 10:16",roll_z_0_1pitch_y_0_7pris_z_0_4pitch_z_0_4pitch_x_0_4,"[False, False, False, False]","[-1, -1, -1, -1]",False,-1,-1,-1
3984,"15/02/20, 10:16",roll_z_0_1pitch_y_0_7pitch_x_0_1roll_z_0_4pris_z_0_1,"[False, False, False, False]","[-1, -1, -1, -1]",False,-1,-1,-1
3985,"15/02/20, 10:17",roll_z_0_1pitch_y_0_7pitch_x_0_4pris_y_0_1pitch_x_0_4,"[False, False, False, False]","[-1, -1, -1, -1]",False,-1,-1,-1
3986,"15/02/20, 10:17",roll_z_0_1pitch_y_0_1pris_y_0_4pitch_x_0_7pitch_y_0_4,"[False, False, False, False]","[-1, -1, -1, -1]",False,-1,-1,-1
3987,"15/02/20, 10:17",roll_z_0_1pris_y_0_4pris_y_0_7pitch_z_0_1pris_y_0_1,"[False, False, False, False]","[-1, -1, -1, -1]",False,-1,-1,-1
3988,"15/02/20, 10:17",roll_z_0_1pitch_y_0_1pris_z_0_4pitch_x_0_4pitch_y_0_7,"[False, False, False, False]","[-1, -1, -1, -1]",False,-1,-1,-1
3989,"15/02/20, 10:17",roll_z_0_1pitch_y_0_7pitch_z_0_4pris_x_0_1roll_x_0_1,"[False, False, False, False]","[-1, -1, -1, -1]",False,-1,-1,-1
3990,"15/02/20, 10:18",roll_z_0_1pitch_y_0_1pris_x_0_1pris_y_0_7pris_x_0_1,"[False, False, False, False]","[-1, -1, -1, -1]",False,-1,-1,-1
3991,"15/02/20, 10:18",roll_z_0_1pitch_y_0_4pitch_x_0_4pitch_x_0_1pris_z_0_7,"[False, False, False, False]","[-1, -1, -1, -1]",False,-1,-1,-1
3992,"15/02/20, 10:18",roll_z_0_1pitch_y_0_1pris_z_0_7pitch_z_0_4pitch_y_0_4,"[False, False, False, False]","[-1, -1, -1, -1]",False,-1,-1,-1
3993,"15/02/20, 10:18",roll_z_0_1pitch_y_0_7roll_y_0_1pitch_y_0_4pris_y_0_1,"[False, False, False, False]","[-1, -1, -1, -1]",False,-1,-1,-1
3994,"15/02/20, 10:18",roll_z_0_1pris_y_0_1pitch_y_0_1pris_y_0_4pris_x_0_7,"[False, False, False, False]","[-1, -1, -1, -1]",False,-1,-1,-1
3995,"15/02/20, 10:19",roll_z_0_1pris_y_0_7pitch_z_0_4pitch_x_0_1pitch_x_0_4,"[False, False, False, False]","[-1, -1, -1, -1]",False,-1,-1,-1
3996,"15/02/20, 10:19",roll_z_0_1pris_y_0_7pris_x_0_1roll_x_0_7pris_z_0_7,"[False, False, False, False]","[-1, -1, -1, -1]",False,-1,-1,-1
3997,"15/02/20, 10:19",roll_z_0_1pris_y_0_7pitch_z_0_7roll_x_0_7pris_z_0_7,"[False, False, False, False]","[-1, -1, -1, -1]",False,-1,-1,-1
3998,"15/02/20, 10:19",roll_z_0_1pitch_y_0_1pitch_x_0_7pris_x_0_1roll_y_0_4,"[False, False, False, False]","[-1, -1, -1, -1]",False,-1,-1,-1
3999,"15/02/20, 10:19",roll_z_0_1pris_z_0_1pris_y_0_7pitch_y_0_4pris_x_0_1,"[False, False, False, False]","[-1, -1, -1, -1]",False,-1,-1,-1
