1,"07/04/20, 22:09",roll_z_0_1pitch_y_0_4roll_z_0_1pris_z_0_4roll_y_0_1pris_z_0_1,"[False, False, False, False]","[-1, -1, -1, -1]",False,-1,-1,-1
2,"07/04/20, 22:10",roll_z_0_1pris_y_0_4pitch_x_0_1pitch_z_0_7pitch_x_0_1pris_z_0_4,"[False, False, False, False]","[-1, -1, -1, -1]",False,-1,-1,-1
3,"07/04/20, 22:10",roll_z_0_1pris_y_0_7roll_z_0_7pitch_y_0_7pris_x_0_7pitch_y_0_7,"[False, False, False, False]","[-1, -1, -1, -1]",False,-1,-1,-1
4,"07/04/20, 22:10",roll_z_0_1pris_y_0_1pitch_y_0_4pitch_y_0_4pris_z_0_7pris_x_0_1,"[False, False, False, False]","[-1, -1, -1, -1]",False,-1,-1,-1
5,"07/04/20, 22:10",roll_z_0_1pris_y_0_7pitch_x_0_1pitch_z_0_1roll_x_0_7roll_y_0_7,"[False, False, False, False]","[-1, -1, -1, -1]",False,-1,-1,-1
6,"07/04/20, 22:11",roll_z_0_1pitch_y_0_4pitch_y_0_4roll_y_0_1pris_y_0_1roll_z_0_7,"[False, False, False, False]","[-1, -1, -1, -1]",False,-1,-1,-1
7,"07/04/20, 22:11",roll_z_0_1pris_y_0_4roll_x_0_7pitch_y_0_7pris_y_0_4roll_y_0_1,"[False, False, False, False]","[-1, -1, -1, -1]",False,-1,-1,-1
8,"07/04/20, 22:11",roll_z_0_1pitch_y_0_7pitch_z_0_7pitch_z_0_7pris_y_0_7pitch_y_0_4,"[False, False, False, False]","[-1, -1, -1, -1]",False,-1,-1,-1
9,"07/04/20, 22:11",roll_z_0_1pitch_y_0_7roll_z_0_1pris_y_0_4pitch_z_0_4roll_y_0_7,"[False, False, False, False]","[-1, -1, -1, -1]",False,-1,-1,-1
10,"07/04/20, 22:11",roll_z_0_1pitch_y_0_1pris_z_0_1roll_z_0_4pitch_y_0_1pris_x_0_4,"[False, False, False, False]","[-1, -1, -1, -1]",False,-1,-1,-1
11,"07/04/20, 22:12",roll_z_0_1roll_y_0_1pris_y_0_1roll_y_0_1pitch_y_0_4roll_x_0_4,"[False, False, False, False]","[-1, -1, -1, -1]",False,-1,-1,-1
12,"07/04/20, 22:12",roll_z_0_1pitch_y_0_7pitch_y_0_1roll_y_0_4pris_y_0_1pitch_x_0_1,"[False, False, False, False]","[-1, -1, -1, -1]",False,-1,-1,-1
13,"07/04/20, 22:12",roll_z_0_1pris_y_0_1roll_y_0_1roll_y_0_4pris_y_0_4roll_y_0_1,"[False, False, False, False]","[-1, -1, -1, -1]",False,-1,-1,-1
1,"07/04/20, 22:13",roll_z_0_1pitch_y_0_1roll_x_0_7roll_y_0_7pris_y_0_1roll_x_0_7,"[False, False, False, False]","[-1, -1, -1, -1]",False,-1,-1,-1
2,"07/04/20, 22:13",roll_z_0_1pris_y_0_1pitch_z_0_7pitch_z_0_7pitch_y_0_4pitch_x_0_7,"[False, False, False, False]","[-1, -1, -1, -1]",False,-1,-1,-1
3,"07/04/20, 22:13",roll_z_0_1pitch_y_0_1pitch_y_0_4pris_z_0_7pitch_y_0_7roll_y_0_7,"[False, False, False, False]","[-1, -1, -1, -1]",False,-1,-1,-1
4,"07/04/20, 22:13",roll_z_0_1pris_y_0_7pitch_x_0_1pitch_z_0_1roll_y_0_7roll_y_0_7,"[False, False, False, False]","[-1, -1, -1, -1]",False,-1,-1,-1
5,"07/04/20, 22:14",roll_z_0_1pris_y_0_7pris_x_0_1pitch_y_0_1pitch_y_0_1pitch_z_0_7,"[False, False, False, False]","[-1, -1, -1, -1]",False,-1,-1,-1
6,"07/04/20, 22:14",roll_z_0_1pitch_y_0_1roll_z_0_7pitch_y_0_1roll_x_0_1roll_y_0_1,"[True, True, True, True]","[1.569, 1.641, 2.119, 1.856]",True,1.8,0.19,0.01
7,"07/04/20, 22:14",roll_z_0_1pitch_y_0_7pitch_z_0_1pitch_x_0_7pitch_z_0_7roll_z_0_1,"[True, False, False, False]","[-1, -1, -1, -1]",False,-1,-1,-1
8,"07/04/20, 22:14",roll_z_0_1roll_y_0_1pris_y_0_1pris_x_0_4roll_y_0_4pris_z_0_4,"[False, False, False, False]","[-1, -1, -1, -1]",False,-1,-1,-1
9,"07/04/20, 22:14",roll_z_0_1pitch_y_0_1pris_x_0_7pris_x_0_4pitch_y_0_4roll_z_0_4,"[False, False, False, False]","[-1, -1, -1, -1]",False,-1,-1,-1
10,"07/04/20, 22:15",roll_z_0_1pitch_y_0_4pitch_y_0_1pris_y_0_4pitch_x_0_1roll_x_0_1,"[False, False, False, False]","[-1, -1, -1, -1]",False,-1,-1,-1
11,"07/04/20, 22:15",roll_z_0_1pitch_y_0_4roll_z_0_4pitch_y_0_4roll_y_0_1roll_y_0_7,"[True, True, True, True]","[1.704, 1.672, 2.788, 2.869]",True,2.26,0.184,0.01
12,"07/04/20, 22:15",roll_z_0_1pitch_y_0_7pitch_y_0_1pitch_z_0_7roll_y_0_4pris_z_0_4,"[False, False, False, False]","[-1, -1, -1, -1]",False,-1,-1,-1
13,"07/04/20, 22:15",roll_z_0_1pris_y_0_7pitch_x_0_4pitch_y_0_7pitch_y_0_4pris_z_0_4,"[False, False, False, False]","[-1, -1, -1, -1]",False,-1,-1,-1
14,"07/04/20, 22:15",roll_z_0_1pitch_y_0_1pris_z_0_1roll_z_0_4pitch_y_0_1pris_y_0_4,"[False, False, False, False]","[-1, -1, -1, -1]",False,-1,-1,-1
15,"07/04/20, 22:16",roll_z_0_1pitch_y_0_4pitch_x_0_4pitch_z_0_4roll_x_0_7pitch_y_0_7,"[True, True, True, True]","[1.798, 1.719, 2.773, 2.568]",True,2.21,0.195,0.012
16,"07/04/20, 22:16",roll_z_0_1pitch_y_0_7pris_x_0_7pitch_z_0_4pris_x_0_4pris_x_0_4,"[False, False, False, False]","[-1, -1, -1, -1]",False,-1,-1,-1
17,"07/04/20, 22:16",roll_z_0_1roll_y_0_1pris_y_0_4pitch_x_0_1pris_y_0_4pris_y_0_1,"[False, False, False, False]","[-1, -1, -1, -1]",False,-1,-1,-1
18,"07/04/20, 22:16",roll_z_0_1pitch_y_0_1pris_x_0_7pris_y_0_4pitch_y_0_1pris_z_0_7,"[False, False, False, False]","[-1, -1, -1, -1]",False,-1,-1,-1
19,"07/04/20, 22:17",roll_z_0_1pitch_y_0_4pitch_y_0_4pitch_x_0_7roll_z_0_1roll_y_0_4,"[True, True, True, True]","[2.379, 2.805, 2.027, 3.221]",True,2.61,0.148,0.005
20,"07/04/20, 22:17",roll_z_0_1pitch_y_0_7pitch_y_0_4pitch_y_0_1pris_y_0_1roll_z_0_1,"[False, False, False, False]","[-1, -1, -1, -1]",False,-1,-1,-1
21,"07/04/20, 22:17",roll_z_0_1pris_y_0_1pitch_z_0_7pitch_y_0_7pitch_y_0_7pris_x_0_1,"[False, False, False, False]","[-1, -1, -1, -1]",False,-1,-1,-1
22,"07/04/20, 22:17",roll_z_0_1roll_y_0_7pitch_y_0_1pitch_y_0_7roll_z_0_4pitch_y_0_7,"[True, True, True, False]","[-1, -1, -1, -1]",False,-1,-1,-1
23,"07/04/20, 22:18",roll_z_0_1pitch_y_0_4pitch_x_0_7roll_z_0_1pitch_y_0_1roll_y_0_1,"[True, True, True, True]","[1.913, 1.842, 3.096, 3.119]",True,2.49,0.171,0.011
24,"07/04/20, 22:18",roll_z_0_1pitch_y_0_1pitch_z_0_1pitch_z_0_4pitch_z_0_4pitch_x_0_7,"[True, True, True, True]","[2.777, 2.6, 2.897, 3.004]",True,2.82,0.18,0.006
25,"07/04/20, 22:18",roll_z_0_1roll_y_0_1pitch_y_0_7roll_y_0_7pris_z_0_4roll_y_0_4,"[False, False, False, False]","[-1, -1, -1, -1]",False,-1,-1,-1
26,"07/04/20, 22:18",roll_z_0_1roll_y_0_4pris_z_0_7pitch_y_0_7pitch_z_0_7roll_x_0_7,"[False, False, False, False]","[-1, -1, -1, -1]",False,-1,-1,-1
27,"07/04/20, 22:19",roll_z_0_1roll_y_0_7roll_y_0_1pitch_y_0_1pitch_z_0_7pitch_y_0_7,"[True, True, True, True]","[2.26, 2.266, 2.666, 2.483]",True,2.42,0.179,0.013
28,"07/04/20, 22:19",roll_z_0_1pitch_y_0_7pitch_y_0_1roll_z_0_1pris_y_0_1pitch_x_0_1,"[False, False, False, False]","[-1, -1, -1, -1]",False,-1,-1,-1
29,"07/04/20, 22:19",roll_z_0_1pitch_y_0_1pitch_y_0_4roll_y_0_4pris_y_0_1roll_x_0_4,"[False, False, False, False]","[-1, -1, -1, -1]",False,-1,-1,-1
30,"07/04/20, 22:19",roll_z_0_1pris_y_0_7pitch_x_0_4pitch_z_0_1pitch_x_0_4pitch_y_0_1,"[False, False, False, True]","[-1, -1, -1, -1]",False,-1,-1,-1
31,"07/04/20, 22:20",roll_z_0_1pitch_y_0_1pris_x_0_4pitch_x_0_1roll_y_0_7pris_z_0_1,"[False, False, False, False]","[-1, -1, -1, -1]",False,-1,-1,-1
32,"07/04/20, 22:20",roll_z_0_1pitch_y_0_4pitch_z_0_4roll_y_0_1roll_y_0_1roll_y_0_4,"[True, True, True, False]","[-1, -1, -1, -1]",False,-1,-1,-1
33,"07/04/20, 22:20",roll_z_0_1pitch_y_0_7pris_y_0_7pitch_y_0_7roll_x_0_4roll_y_0_1,"[False, False, False, False]","[-1, -1, -1, -1]",False,-1,-1,-1
34,"07/04/20, 22:20",roll_z_0_1pitch_y_0_4pitch_z_0_4pris_y_0_4pitch_z_0_1roll_z_0_4,"[False, False, False, False]","[-1, -1, -1, -1]",False,-1,-1,-1
35,"07/04/20, 22:20",roll_z_0_1roll_y_0_7pris_y_0_4pitch_z_0_7pitch_y_0_7pris_x_0_7,"[False, False, False, False]","[-1, -1, -1, -1]",False,-1,-1,-1
36,"07/04/20, 22:21",roll_z_0_1pris_y_0_7pitch_y_0_7pris_z_0_4pris_x_0_7roll_y_0_7,"[False, False, False, False]","[-1, -1, -1, -1]",False,-1,-1,-1
37,"07/04/20, 22:21",roll_z_0_1pitch_y_0_4pris_z_0_4pris_y_0_1pris_x_0_1pitch_z_0_1,"[False, False, False, False]","[-1, -1, -1, -1]",False,-1,-1,-1
38,"07/04/20, 22:21",roll_z_0_1pitch_y_0_4pris_y_0_4pitch_z_0_7roll_y_0_7pris_y_0_4,"[False, False, False, False]","[-1, -1, -1, -1]",False,-1,-1,-1
39,"07/04/20, 22:21",roll_z_0_1pris_z_0_7pitch_y_0_7roll_z_0_7pitch_y_0_7roll_z_0_1,"[False, False, False, False]","[-1, -1, -1, -1]",False,-1,-1,-1
40,"07/04/20, 22:21",roll_z_0_1pitch_y_0_1pris_z_0_4pitch_y_0_7pitch_y_0_7pitch_z_0_1,"[False, False, False, False]","[-1, -1, -1, -1]",False,-1,-1,-1
41,"07/04/20, 22:22",roll_z_0_1pitch_y_0_7pitch_z_0_7pitch_y_0_1pitch_x_0_7pitch_z_0_4,"[True, False, True, True]","[2.477, 3.423, 2.74, 2.616]",True,2.81,0.204,0.014
42,"07/04/20, 22:22",roll_z_0_1pris_y_0_7pitch_y_0_1pris_x_0_7pris_y_0_1roll_x_0_1,"[False, False, False, False]","[-1, -1, -1, -1]",False,-1,-1,-1
43,"07/04/20, 22:22",roll_z_0_1pitch_y_0_7pitch_y_0_4pris_y_0_7pitch_x_0_1pitch_z_0_4,"[False, False, False, False]","[-1, -1, -1, -1]",False,-1,-1,-1
44,"07/04/20, 22:22",roll_z_0_1pitch_y_0_1pris_y_0_1pitch_y_0_1pitch_x_0_4pris_z_0_7,"[False, False, False, False]","[-1, -1, -1, -1]",False,-1,-1,-1
45,"07/04/20, 22:23",roll_z_0_1pris_z_0_7pitch_y_0_7pitch_y_0_1roll_z_0_7pitch_y_0_1,"[False, True, False, False]","[-1, -1, -1, -1]",False,-1,-1,-1
46,"07/04/20, 22:23",roll_z_0_1pris_y_0_4pris_x_0_4roll_z_0_4roll_y_0_7pris_z_0_1,"[False, False, False, False]","[-1, -1, -1, -1]",False,-1,-1,-1
47,"07/04/20, 22:23",roll_z_0_1pris_y_0_1roll_z_0_1pitch_y_0_7pris_x_0_4roll_x_0_1,"[False, False, False, False]","[-1, -1, -1, -1]",False,-1,-1,-1
48,"07/04/20, 22:23",roll_z_0_1pris_y_0_1roll_x_0_7pitch_y_0_7pris_x_0_7roll_y_0_1,"[False, False, False, False]","[-1, -1, -1, -1]",False,-1,-1,-1
49,"07/04/20, 22:24",roll_z_0_1pitch_y_0_4roll_x_0_4pitch_y_0_4pitch_z_0_4pitch_y_0_7,"[True, True, True, True]","[4.219, 1.703, 2.103, 3.432]",True,2.86,0.23,0.003
50,"07/04/20, 22:24",roll_z_0_1pitch_y_0_1pitch_x_0_7pitch_y_0_1pitch_y_0_1pris_x_0_7,"[False, False, False, False]","[-1, -1, -1, -1]",False,-1,-1,-1
51,"07/04/20, 22:24",roll_z_0_1pris_z_0_1roll_y_0_1roll_y_0_1pris_z_0_7roll_y_0_4,"[False, False, False, False]","[-1, -1, -1, -1]",False,-1,-1,-1
52,"07/04/20, 22:25",roll_z_0_1pris_z_0_7pris_y_0_1roll_z_0_7pris_y_0_7pitch_y_0_1,"[False, False, False, False]","[-1, -1, -1, -1]",False,-1,-1,-1
53,"07/04/20, 22:25",roll_z_0_1roll_y_0_4pris_y_0_4pitch_z_0_1pitch_z_0_1pitch_z_0_4,"[False, False, False, False]","[-1, -1, -1, -1]",False,-1,-1,-1
54,"07/04/20, 22:25",roll_z_0_1pitch_y_0_7pitch_x_0_4pris_y_0_4pitch_y_0_7pitch_x_0_1,"[False, False, False, False]","[-1, -1, -1, -1]",False,-1,-1,-1
55,"07/04/20, 22:25",roll_z_0_1roll_y_0_4pitch_y_0_7pitch_y_0_4pitch_x_0_4pitch_z_0_4,"[True, True, True, True]","[1.629, 2.269, 2.647, 1.876]",True,2.11,0.185,0.012
56,"07/04/20, 22:25",roll_z_0_1pris_y_0_4pitch_z_0_7pitch_y_0_4pitch_y_0_4pitch_x_0_7,"[False, False, False, False]","[-1, -1, -1, -1]",False,-1,-1,-1
57,"07/04/20, 22:26",roll_z_0_1pris_y_0_4pris_x_0_1roll_y_0_1pris_y_0_1roll_z_0_7,"[False, False, False, False]","[-1, -1, -1, -1]",False,-1,-1,-1
58,"07/04/20, 22:26",roll_z_0_1pitch_y_0_4pris_y_0_4pris_y_0_4pitch_z_0_4pitch_x_0_1,"[False, False, False, False]","[-1, -1, -1, -1]",False,-1,-1,-1
59,"07/04/20, 22:26",roll_z_0_1pitch_y_0_1pris_y_0_7pitch_z_0_4pitch_y_0_4roll_y_0_4,"[False, False, False, False]","[-1, -1, -1, -1]",False,-1,-1,-1
60,"07/04/20, 22:26",roll_z_0_1pitch_y_0_1pitch_z_0_1pris_z_0_7pris_y_0_1pris_x_0_4,"[False, False, False, False]","[-1, -1, -1, -1]",False,-1,-1,-1
61,"07/04/20, 22:26",roll_z_0_1pris_y_0_1pitch_y_0_7pitch_z_0_1roll_z_0_7pris_y_0_1,"[False, False, False, False]","[-1, -1, -1, -1]",False,-1,-1,-1
62,"07/04/20, 22:27",roll_z_0_1pris_y_0_1pitch_y_0_7pitch_y_0_1pitch_z_0_4roll_z_0_4,"[False, False, False, False]","[-1, -1, -1, -1]",False,-1,-1,-1
63,"07/04/20, 22:27",roll_z_0_1pitch_y_0_4pitch_y_0_7pris_y_0_4pitch_z_0_1pris_y_0_4,"[False, False, False, False]","[-1, -1, -1, -1]",False,-1,-1,-1
64,"07/04/20, 22:27",roll_z_0_1pitch_y_0_1pris_y_0_7pitch_x_0_1pitch_y_0_7pitch_z_0_7,"[False, False, False, False]","[-1, -1, -1, -1]",False,-1,-1,-1
65,"07/04/20, 22:27",roll_z_0_1roll_y_0_4pitch_y_0_7pitch_y_0_4pris_z_0_7pitch_x_0_4,"[False, False, False, False]","[-1, -1, -1, -1]",False,-1,-1,-1
66,"07/04/20, 22:28",roll_z_0_1pris_y_0_7roll_x_0_1roll_y_0_1pris_y_0_4roll_x_0_7,"[False, False, False, False]","[-1, -1, -1, -1]",False,-1,-1,-1
67,"07/04/20, 22:28",roll_z_0_1pris_y_0_4pris_y_0_4roll_x_0_4pitch_y_0_1roll_x_0_7,"[False, False, False, False]","[-1, -1, -1, -1]",False,-1,-1,-1
68,"07/04/20, 22:28",roll_z_0_1pitch_y_0_1pitch_x_0_7pitch_z_0_4pitch_y_0_1roll_x_0_1,"[True, True, True, True]","[1.893, 2.59, 2.775, 2.166]",True,2.36,0.174,0.004
69,"07/04/20, 22:28",roll_z_0_1pitch_y_0_7pris_z_0_4roll_z_0_4pris_y_0_1pitch_x_0_7,"[False, False, False, False]","[-1, -1, -1, -1]",False,-1,-1,-1
70,"07/04/20, 22:28",roll_z_0_1pitch_y_0_4pitch_y_0_1pris_y_0_1pitch_y_0_1pris_y_0_7,"[False, False, False, False]","[-1, -1, -1, -1]",False,-1,-1,-1
71,"07/04/20, 22:29",roll_z_0_1roll_y_0_4pitch_y_0_7roll_y_0_4pris_y_0_1roll_x_0_1,"[False, False, False, False]","[-1, -1, -1, -1]",False,-1,-1,-1
72,"07/04/20, 22:29",roll_z_0_1pris_z_0_7pris_y_0_4pris_x_0_7pitch_x_0_4pitch_x_0_7,"[False, False, False, False]","[-1, -1, -1, -1]",False,-1,-1,-1
73,"07/04/20, 22:29",roll_z_0_1pris_z_0_7pitch_y_0_4pris_x_0_7pitch_x_0_4pitch_y_0_4,"[False, False, False, False]","[-1, -1, -1, -1]",False,-1,-1,-1
74,"07/04/20, 22:29",roll_z_0_1pitch_y_0_1pitch_x_0_4pitch_z_0_4pris_x_0_4pitch_y_0_4,"[False, False, False, False]","[-1, -1, -1, -1]",False,-1,-1,-1
75,"07/04/20, 22:30",roll_z_0_1pitch_y_0_4roll_z_0_7pitch_y_0_4roll_y_0_7pitch_y_0_4,"[True, True, False, True]","[2.47, 2.973, 4.691, 3.131]",True,3.32,0.269,0.002
76,"07/04/20, 22:30",roll_z_0_1pitch_y_0_7pris_y_0_7pitch_z_0_7roll_y_0_7pris_y_0_7,"[False, False, False, False]","[-1, -1, -1, -1]",False,-1,-1,-1
77,"07/04/20, 22:30",roll_z_0_1pitch_y_0_4pitch_y_0_7pris_x_0_7pris_x_0_4pitch_x_0_1,"[False, False, False, False]","[-1, -1, -1, -1]",False,-1,-1,-1
78,"07/04/20, 22:31",roll_z_0_1pitch_y_0_7pitch_x_0_7pitch_x_0_1roll_x_0_1roll_y_0_1,"[True, True, True, True]","[1.653, 1.488, 2.469, 2.266]",True,1.97,0.17,0.009
79,"07/04/20, 22:31",roll_z_0_1pris_y_0_7pris_x_0_7pitch_y_0_7pris_z_0_1pitch_y_0_4,"[False, False, False, False]","[-1, -1, -1, -1]",False,-1,-1,-1
80,"07/04/20, 22:31",roll_z_0_1pitch_y_0_7pitch_x_0_7pris_y_0_7pitch_y_0_7pitch_x_0_1,"[False, False, False, False]","[-1, -1, -1, -1]",False,-1,-1,-1
81,"07/04/20, 22:31",roll_z_0_1pris_y_0_1roll_x_0_4pris_y_0_1pitch_z_0_7pris_z_0_1,"[False, False, False, False]","[-1, -1, -1, -1]",False,-1,-1,-1
82,"07/04/20, 22:31",roll_z_0_1pitch_y_0_4pitch_y_0_4roll_x_0_1pris_y_0_1roll_z_0_7,"[False, False, False, False]","[-1, -1, -1, -1]",False,-1,-1,-1
83,"07/04/20, 22:32",roll_z_0_1pris_y_0_7pitch_x_0_7pris_x_0_7pitch_z_0_1pitch_y_0_7,"[False, False, False, False]","[-1, -1, -1, -1]",False,-1,-1,-1
84,"07/04/20, 22:32",roll_z_0_1pris_y_0_4roll_z_0_4roll_y_0_1pris_y_0_4pris_x_0_4,"[False, False, False, False]","[-1, -1, -1, -1]",False,-1,-1,-1
85,"07/04/20, 22:32",roll_z_0_1pitch_y_0_4pitch_y_0_4pris_x_0_4pitch_x_0_4roll_z_0_1,"[False, False, False, False]","[-1, -1, -1, -1]",False,-1,-1,-1
86,"07/04/20, 22:32",roll_z_0_1pris_y_0_4pris_y_0_7pitch_y_0_1pitch_y_0_4pris_y_0_4,"[False, False, False, False]","[-1, -1, -1, -1]",False,-1,-1,-1
87,"07/04/20, 22:32",roll_z_0_1pitch_y_0_4roll_z_0_1pris_z_0_4roll_y_0_1pris_y_0_1,"[False, False, False, False]","[-1, -1, -1, -1]",False,-1,-1,-1
88,"07/04/20, 22:33",roll_z_0_1pitch_y_0_4pitch_y_0_1roll_x_0_1roll_y_0_4pitch_y_0_7,"[True, True, False, False]","[-1, -1, -1, -1]",False,-1,-1,-1
89,"07/04/20, 22:33",roll_z_0_1pitch_y_0_4roll_y_0_4pris_y_0_4pris_y_0_4pitch_y_0_1,"[False, False, False, False]","[-1, -1, -1, -1]",False,-1,-1,-1
90,"07/04/20, 22:33",roll_z_0_1pitch_y_0_1pris_z_0_1pitch_z_0_1pitch_y_0_7pris_x_0_7,"[False, False, False, False]","[-1, -1, -1, -1]",False,-1,-1,-1
91,"07/04/20, 22:33",roll_z_0_1roll_y_0_4pris_y_0_4roll_z_0_7roll_y_0_7roll_y_0_1,"[True, False, False, False]","[-1, -1, -1, -1]",False,-1,-1,-1
92,"07/04/20, 22:33",roll_z_0_1pris_z_0_1roll_y_0_1roll_y_0_4pris_y_0_4roll_y_0_1,"[False, False, False, False]","[-1, -1, -1, -1]",False,-1,-1,-1
93,"07/04/20, 22:34",roll_z_0_1pitch_y_0_1pris_x_0_4pris_y_0_1pitch_x_0_4pitch_y_0_4,"[False, False, False, False]","[-1, -1, -1, -1]",False,-1,-1,-1
94,"07/04/20, 22:34",roll_z_0_1pitch_y_0_7pris_x_0_1pitch_x_0_4pitch_y_0_1pitch_x_0_1,"[False, False, False, False]","[-1, -1, -1, -1]",False,-1,-1,-1
95,"07/04/20, 22:34",roll_z_0_1pitch_y_0_7pitch_x_0_1pitch_z_0_1pitch_z_0_1roll_x_0_7,"[True, False, False, False]","[-1, -1, -1, -1]",False,-1,-1,-1
96,"07/04/20, 22:34",roll_z_0_1roll_y_0_4pitch_y_0_1pitch_y_0_7pitch_z_0_1pitch_z_0_1,"[True, True, True, True]","[2.62, 1.951, 3.283, 3.158]",True,2.75,0.13,0.004
97,"07/04/20, 22:35",roll_z_0_1roll_y_0_4pitch_y_0_4pitch_x_0_4pitch_y_0_7roll_y_0_1,"[True, True, True, True]","[1.872, 2.021, 2.993, 2.554]",True,2.36,0.201,0.009
98,"07/04/20, 22:35",roll_z_0_1pitch_y_0_4pris_y_0_4pris_x_0_1pitch_y_0_4pitch_y_0_1,"[False, False, False, False]","[-1, -1, -1, -1]",False,-1,-1,-1
99,"07/04/20, 22:35",roll_z_0_1pris_y_0_1pitch_y_0_4roll_z_0_4pitch_y_0_4roll_z_0_1,"[False, False, False, False]","[-1, -1, -1, -1]",False,-1,-1,-1
100,"07/04/20, 22:35",roll_z_0_1pris_z_0_4pitch_y_0_1pitch_y_0_7pris_y_0_4pris_y_0_1,"[False, False, False, False]","[-1, -1, -1, -1]",False,-1,-1,-1
101,"07/04/20, 22:36",roll_z_0_1pris_z_0_7pitch_y_0_7pitch_z_0_7pitch_x_0_7pitch_z_0_4,"[False, True, False, False]","[-1, -1, -1, -1]",False,-1,-1,-1
102,"07/04/20, 22:36",roll_z_0_1pitch_y_0_1pitch_z_0_7pitch_z_0_1pitch_y_0_7pris_y_0_1,"[False, False, False, True]","[-1, -1, -1, -1]",False,-1,-1,-1
1,"07/04/20, 22:37",roll_z_0_1pitch_y_0_7pitch_z_0_4roll_y_0_1pitch_y_0_1roll_y_0_1,"[True, True, False, True]","[1.853, 1.842, 1.282, 3.29]",True,2.07,0.226,0.006
2,"07/04/20, 22:37",roll_z_0_1pitch_y_0_1pris_y_0_7pris_x_0_4pitch_y_0_4roll_z_0_4,"[False, False, False, False]","[-1, -1, -1, -1]",False,-1,-1,-1
3,"07/04/20, 22:38",roll_z_0_1roll_y_0_7pitch_y_0_4pitch_y_0_7pris_y_0_4pitch_y_0_4,"[False, False, False, False]","[-1, -1, -1, -1]",False,-1,-1,-1
4,"07/04/20, 22:38",roll_z_0_1pitch_y_0_1pris_z_0_1pitch_z_0_1pitch_y_0_7pris_z_0_7,"[False, False, False, False]","[-1, -1, -1, -1]",False,-1,-1,-1
5,"07/04/20, 22:38",roll_z_0_1roll_y_0_7pitch_y_0_7pitch_x_0_7pitch_x_0_1roll_x_0_1,"[True, True, True, True]","[1.646, 2.493, 2.447, 2.683]",True,2.32,0.174,0.005
6,"07/04/20, 22:38",roll_z_0_1roll_y_0_1pris_y_0_1pris_x_0_4roll_x_0_1pris_z_0_4,"[False, False, False, False]","[-1, -1, -1, -1]",False,-1,-1,-1
7,"07/04/20, 22:38",roll_z_0_1pris_y_0_1roll_x_0_7pitch_y_0_1pitch_y_0_7pris_x_0_7,"[False, False, False, False]","[-1, -1, -1, -1]",False,-1,-1,-1
8,"07/04/20, 22:39",roll_z_0_1pris_y_0_4roll_x_0_7pitch_y_0_7pris_y_0_4roll_z_0_1,"[False, False, False, False]","[-1, -1, -1, -1]",False,-1,-1,-1
9,"07/04/20, 22:39",roll_z_0_1pitch_y_0_7pitch_x_0_1pitch_z_0_7pitch_y_0_1roll_y_0_7,"[True, True, True, True]","[2.349, 2.514, 2.487, 2.477]",True,2.46,0.231,0.004
10,"07/04/20, 22:39",roll_z_0_1pris_z_0_7pris_y_0_4pris_x_0_7pitch_x_0_4pitch_y_0_7,"[False, False, False, False]","[-1, -1, -1, -1]",False,-1,-1,-1
11,"07/04/20, 22:39",roll_z_0_1pitch_y_0_7pris_y_0_1pitch_x_0_4pitch_y_0_1pitch_x_0_1,"[False, False, False, False]","[-1, -1, -1, -1]",False,-1,-1,-1
12,"07/04/20, 22:40",roll_z_0_1pitch_y_0_4pitch_y_0_7pris_x_0_7pris_y_0_1pitch_x_0_1,"[False, False, False, False]","[-1, -1, -1, -1]",False,-1,-1,-1
13,"07/04/20, 22:40",roll_z_0_1pitch_y_0_7pris_z_0_7pitch_z_0_7pitch_x_0_7roll_y_0_4,"[False, False, False, False]","[-1, -1, -1, -1]",False,-1,-1,-1
14,"07/04/20, 22:40",roll_z_0_1pris_y_0_7pitch_x_0_1pitch_x_0_1roll_y_0_7roll_y_0_7,"[False, False, False, False]","[-1, -1, -1, -1]",False,-1,-1,-1
15,"07/04/20, 22:40",roll_z_0_1pris_y_0_1pitch_y_0_1pitch_y_0_4pitch_y_0_4roll_y_0_7,"[False, True, False, False]","[-1, -1, -1, -1]",False,-1,-1,-1
16,"07/04/20, 22:40",roll_z_0_1roll_y_0_7pris_y_0_1roll_y_0_7roll_y_0_4roll_y_0_4,"[False, False, False, False]","[-1, -1, -1, -1]",False,-1,-1,-1
17,"07/04/20, 22:41",roll_z_0_1pitch_y_0_1pris_x_0_7pris_y_0_4pitch_y_0_4pris_z_0_7,"[False, False, False, False]","[-1, -1, -1, -1]",False,-1,-1,-1
18,"07/04/20, 22:41",roll_z_0_1pitch_y_0_4pitch_z_0_7roll_x_0_4pitch_y_0_4pitch_y_0_4,"[True, True, False, False]","[-1, -1, -1, -1]",False,-1,-1,-1
19,"07/04/20, 22:41",roll_z_0_1pris_y_0_4roll_y_0_4roll_y_0_4pris_y_0_1roll_x_0_7,"[False, False, False, False]","[-1, -1, -1, -1]",False,-1,-1,-1
20,"07/04/20, 22:41",roll_z_0_1pitch_y_0_1pitch_x_0_4pris_z_0_1pitch_y_0_1pitch_y_0_7,"[False, False, False, False]","[-1, -1, -1, -1]",False,-1,-1,-1
21,"07/04/20, 22:42",roll_z_0_1roll_y_0_4pitch_y_0_7pitch_y_0_1pitch_y_0_7pris_y_0_7,"[False, False, False, False]","[-1, -1, -1, -1]",False,-1,-1,-1
22,"07/04/20, 22:42",roll_z_0_1pris_y_0_7pris_y_0_1roll_z_0_7pris_y_0_7pitch_y_0_1,"[False, False, False, False]","[-1, -1, -1, -1]",False,-1,-1,-1
23,"07/04/20, 22:42",roll_z_0_1pris_y_0_4pitch_y_0_7pitch_y_0_4pris_y_0_4roll_z_0_1,"[False, False, False, False]","[-1, -1, -1, -1]",False,-1,-1,-1
24,"07/04/20, 22:42",roll_z_0_1pitch_y_0_4pris_y_0_4pris_x_0_1pitch_y_0_1pitch_y_0_1,"[False, False, False, False]","[-1, -1, -1, -1]",False,-1,-1,-1
25,"07/04/20, 22:42",roll_z_0_1pitch_y_0_4pitch_z_0_7pitch_x_0_7pitch_z_0_4roll_x_0_4,"[True, True, True, True]","[2.231, 2.546, 2.625, 3.028]",True,2.61,0.159,0.005
1,"07/04/20, 22:48",roll_z_0_1roll_y_0_7pitch_y_0_7pitch_y_0_7pris_z_0_1roll_y_0_4,"[False, False, False, False]","[-1, -1, -1, -1]",False,-1,-1,-1
2,"07/04/20, 22:48",roll_z_0_1pitch_y_0_7roll_z_0_7roll_y_0_4pitch_y_0_1pitch_y_0_4,"[True, True, True, False]","[-1, -1, -1, -1]",False,-1,-1,-1
3,"07/04/20, 22:48",roll_z_0_1pris_z_0_1roll_y_0_1roll_y_0_4pris_y_0_4roll_z_0_1,"[False, False, False, False]","[-1, -1, -1, -1]",False,-1,-1,-1
4,"07/04/20, 22:49",roll_z_0_1pitch_y_0_4pris_y_0_4pris_x_0_1pitch_y_0_1pitch_y_0_4,"[False, False, False, False]","[-1, -1, -1, -1]",False,-1,-1,-1
5,"07/04/20, 22:49",roll_z_0_1pitch_y_0_4pitch_y_0_7roll_y_0_4pitch_y_0_7roll_y_0_7,"[True, True, True, True]","[2.277, 2.267, 2.649, 2.469]",True,2.42,0.2,0.013
6,"07/04/20, 22:49",roll_z_0_1pitch_y_0_4pitch_y_0_4roll_x_0_1pris_y_0_1roll_x_0_7,"[False, False, False, False]","[-1, -1, -1, -1]",False,-1,-1,-1
7,"07/04/20, 22:49",roll_z_0_1pris_y_0_7pris_y_0_7pitch_y_0_1pris_y_0_7roll_y_0_7,"[False, False, False, False]","[-1, -1, -1, -1]",False,-1,-1,-1
8,"07/04/20, 22:50",roll_z_0_1pitch_y_0_4pitch_z_0_7pitch_z_0_4pitch_y_0_7pitch_z_0_7,"[True, True, True, True]","[2.258, 2.28, 2.48, 2.684]",True,2.43,0.186,0.011
9,"07/04/20, 22:50",roll_z_0_1pitch_y_0_1pitch_y_0_7pitch_x_0_7pris_z_0_1pitch_z_0_7,"[False, False, False, False]","[-1, -1, -1, -1]",False,-1,-1,-1
10,"07/04/20, 22:50",roll_z_0_1pris_y_0_1roll_z_0_1pitch_y_0_7pris_y_0_4roll_x_0_1,"[False, False, False, False]","[-1, -1, -1, -1]",False,-1,-1,-1
11,"07/04/20, 22:50",roll_z_0_1pitch_y_0_1pris_x_0_7pris_y_0_4pitch_y_0_4pris_y_0_7,"[False, False, False, False]","[-1, -1, -1, -1]",False,-1,-1,-1
12,"07/04/20, 22:50",roll_z_0_1pitch_y_0_1pitch_y_0_7pris_x_0_4pris_y_0_7pris_x_0_7,"[False, False, False, False]","[-1, -1, -1, -1]",False,-1,-1,-1
13,"07/04/20, 22:51",roll_z_0_1pitch_y_0_1pitch_x_0_1pris_z_0_7pris_y_0_1pris_x_0_4,"[False, False, False, False]","[-1, -1, -1, -1]",False,-1,-1,-1
14,"07/04/20, 22:51",roll_z_0_1roll_y_0_7pris_y_0_7pitch_z_0_7pris_y_0_1roll_x_0_4,"[False, False, False, False]","[-1, -1, -1, -1]",False,-1,-1,-1
15,"07/04/20, 22:51",roll_z_0_1pris_y_0_1roll_x_0_7pitch_y_0_1pitch_y_0_7pris_z_0_7,"[False, False, False, False]","[-1, -1, -1, -1]",False,-1,-1,-1
16,"07/04/20, 22:51",roll_z_0_1pitch_y_0_1pitch_y_0_7pitch_z_0_1pris_x_0_7pitch_z_0_1,"[False, False, False, False]","[-1, -1, -1, -1]",False,-1,-1,-1
17,"07/04/20, 22:51",roll_z_0_1pitch_y_0_1pitch_y_0_4roll_y_0_4pris_y_0_1roll_y_0_1,"[False, False, False, False]","[-1, -1, -1, -1]",False,-1,-1,-1
18,"07/04/20, 22:52",roll_z_0_1pitch_y_0_1pitch_y_0_4pitch_x_0_4pitch_z_0_1pris_x_0_4,"[False, False, False, True]","[-1, -1, -1, -1]",False,-1,-1,-1
19,"07/04/20, 22:52",roll_z_0_1pris_y_0_4pitch_y_0_7pitch_y_0_4pris_y_0_4roll_y_0_4,"[False, False, False, False]","[-1, -1, -1, -1]",False,-1,-1,-1
20,"07/04/20, 22:52",roll_z_0_1pitch_y_0_1roll_y_0_7pitch_y_0_1pitch_x_0_7pitch_z_0_1,"[True, True, True, True]","[3.211, 2.564, 3.883, 3.645]",True,3.33,0.186,0.015
21,"07/04/20, 22:53",roll_z_0_1pitch_y_0_4pitch_y_0_7pitch_z_0_1pitch_x_0_4roll_y_0_4,"[True, True, False, True]","[2.769, 3.024, 3.733, 7.58]",True,4.28,0.253,0.011
22,"07/04/20, 22:53",roll_z_0_1pitch_y_0_4pris_y_0_4pris_y_0_4pitch_z_0_4pitch_y_0_1,"[False, False, False, False]","[-1, -1, -1, -1]",False,-1,-1,-1
23,"07/04/20, 22:53",roll_z_0_1pitch_y_0_1pitch_z_0_1pitch_y_0_1pitch_y_0_4roll_y_0_7,"[True, True, True, True]","[1.669, 1.658, 2.64, 1.868]",True,1.96,0.179,0.012
24,"07/04/20, 22:53",roll_z_0_1pitch_y_0_4pris_y_0_4pitch_x_0_1pitch_z_0_1pitch_x_0_1,"[False, False, False, False]","[-1, -1, -1, -1]",False,-1,-1,-1
25,"07/04/20, 22:53",roll_z_0_1pris_z_0_4pris_y_0_7pitch_y_0_4pitch_y_0_1pris_y_0_1,"[False, False, False, False]","[-1, -1, -1, -1]",False,-1,-1,-1
26,"07/04/20, 22:54",roll_z_0_1pitch_y_0_4pitch_z_0_7pitch_y_0_4pitch_x_0_7roll_x_0_4,"[True, True, True, True]","[2.275, 2.25, 2.292, 2.646]",True,2.37,0.145,0.008
27,"07/04/20, 22:54",roll_z_0_1pitch_y_0_7roll_z_0_1pris_y_0_1pitch_y_0_1pitch_z_0_7,"[False, False, False, False]","[-1, -1, -1, -1]",False,-1,-1,-1
28,"07/04/20, 22:54",roll_z_0_1pris_y_0_7roll_z_0_1roll_y_0_4pris_y_0_7roll_x_0_7,"[False, False, False, False]","[-1, -1, -1, -1]",False,-1,-1,-1
29,"07/04/20, 22:54",roll_z_0_1roll_y_0_4pris_y_0_4pris_y_0_7roll_x_0_4pris_y_0_7,"[False, False, False, False]","[-1, -1, -1, -1]",False,-1,-1,-1
30,"07/04/20, 22:55",roll_z_0_1pitch_y_0_4pris_x_0_7pitch_z_0_4pitch_y_0_4pitch_x_0_1,"[False, False, False, False]","[-1, -1, -1, -1]",False,-1,-1,-1
31,"07/04/20, 22:55",roll_z_0_1pitch_y_0_1pitch_y_0_4roll_y_0_7pitch_y_0_1roll_y_0_4,"[True, True, False, True]","[1.834, 2.507, 1.504, 1.88]",True,1.93,0.353,0.002
32,"07/04/20, 22:55",roll_z_0_1roll_y_0_7pitch_y_0_7pitch_z_0_1pitch_y_0_1roll_x_0_1,"[True, True, True, True]","[1.641, 1.653, 1.905, 2.068]",True,1.82,0.181,0.011
33,"07/04/20, 22:55",roll_z_0_1pitch_y_0_1pris_y_0_7pris_x_0_4pitch_y_0_4roll_y_0_4,"[False, False, False, False]","[-1, -1, -1, -1]",False,-1,-1,-1
34,"07/04/20, 22:56",roll_z_0_1pitch_y_0_4pitch_z_0_4pris_y_0_4pitch_z_0_1roll_y_0_4,"[False, False, False, False]","[-1, -1, -1, -1]",False,-1,-1,-1
35,"07/04/20, 22:56",roll_z_0_1pris_y_0_7pitch_x_0_1pris_x_0_7pris_y_0_1roll_x_0_1,"[False, False, False, False]","[-1, -1, -1, -1]",False,-1,-1,-1
36,"07/04/20, 22:56",roll_z_0_1pitch_y_0_4pitch_y_0_1pitch_y_0_7pris_y_0_7roll_y_0_7,"[False, False, False, False]","[-1, -1, -1, -1]",False,-1,-1,-1
37,"07/04/20, 22:56",roll_z_0_1pris_z_0_4roll_y_0_7pitch_y_0_7pitch_y_0_7pris_y_0_4,"[False, False, False, False]","[-1, -1, -1, -1]",False,-1,-1,-1
38,"07/04/20, 22:56",roll_z_0_1pris_z_0_7pitch_y_0_1pris_y_0_7pitch_y_0_7roll_y_0_1,"[False, False, False, False]","[-1, -1, -1, -1]",False,-1,-1,-1
39,"07/04/20, 22:57",roll_z_0_1pris_z_0_7pitch_y_0_4pris_y_0_7pitch_x_0_4pitch_y_0_4,"[False, False, False, False]","[-1, -1, -1, -1]",False,-1,-1,-1
40,"07/04/20, 22:57",roll_z_0_1pitch_y_0_7pris_y_0_1pitch_x_0_4pitch_z_0_1pitch_x_0_1,"[False, False, False, False]","[-1, -1, -1, -1]",False,-1,-1,-1
41,"07/04/20, 22:57",roll_z_0_1roll_y_0_7pris_y_0_1pitch_x_0_1pris_z_0_7pris_y_0_4,"[False, False, False, False]","[-1, -1, -1, -1]",False,-1,-1,-1
42,"07/04/20, 22:57",roll_z_0_1roll_y_0_4pris_y_0_4pris_y_0_4roll_x_0_1pris_y_0_1,"[False, False, False, False]","[-1, -1, -1, -1]",False,-1,-1,-1
43,"07/04/20, 22:57",roll_z_0_1pitch_y_0_4roll_x_0_1roll_y_0_4pitch_y_0_4roll_z_0_1,"[False, False, False, False]","[-1, -1, -1, -1]",False,-1,-1,-1
44,"07/04/20, 22:58",roll_z_0_1pitch_y_0_7pitch_z_0_7pris_y_0_7pitch_z_0_4pitch_y_0_7,"[False, False, False, False]","[-1, -1, -1, -1]",False,-1,-1,-1
45,"07/04/20, 22:58",roll_z_0_1pris_z_0_7pitch_y_0_4pitch_y_0_1pitch_x_0_1pitch_z_0_4,"[False, False, False, False]","[-1, -1, -1, -1]",False,-1,-1,-1
46,"07/04/20, 22:58",roll_z_0_1pitch_y_0_4roll_z_0_4pris_y_0_4pris_y_0_4pitch_y_0_1,"[False, False, False, False]","[-1, -1, -1, -1]",False,-1,-1,-1
47,"07/04/20, 22:58",roll_z_0_1pitch_y_0_7pitch_y_0_4pris_z_0_4pitch_x_0_7pris_y_0_4,"[False, False, False, False]","[-1, -1, -1, -1]",False,-1,-1,-1
48,"07/04/20, 22:58",roll_z_0_1pitch_y_0_4pitch_y_0_4pris_z_0_4pitch_z_0_1roll_y_0_4,"[False, False, False, False]","[-1, -1, -1, -1]",False,-1,-1,-1
49,"07/04/20, 22:59",roll_z_0_1pitch_y_0_7pitch_x_0_7pitch_x_0_4roll_x_0_4pris_y_0_4,"[False, False, False, False]","[-1, -1, -1, -1]",False,-1,-1,-1
50,"07/04/20, 22:59",roll_z_0_1pitch_y_0_4pitch_y_0_7pris_y_0_7pris_y_0_1pitch_x_0_1,"[False, False, False, False]","[-1, -1, -1, -1]",False,-1,-1,-1
51,"07/04/20, 22:59",roll_z_0_1pitch_y_0_7pris_x_0_7pitch_z_0_4pris_x_0_4pris_y_0_4,"[False, False, False, False]","[-1, -1, -1, -1]",False,-1,-1,-1
52,"07/04/20, 22:59",roll_z_0_1pitch_y_0_1pitch_x_0_7pitch_x_0_4pitch_y_0_1roll_x_0_1,"[True, True, True, True]","[1.639, 2.45, 2.464, 2.082]",True,2.16,0.194,0.004
53,"07/04/20, 23:00",roll_z_0_1roll_y_0_4pris_y_0_1roll_y_0_7roll_y_0_7roll_y_0_4,"[False, False, False, False]","[-1, -1, -1, -1]",False,-1,-1,-1
54,"07/04/20, 23:00",roll_z_0_1pitch_y_0_4pitch_y_0_7pris_y_0_4pitch_z_0_1pris_z_0_4,"[False, False, False, False]","[-1, -1, -1, -1]",False,-1,-1,-1
55,"07/04/20, 23:00",roll_z_0_1pitch_y_0_7pitch_x_0_7pris_x_0_1roll_z_0_7roll_y_0_7,"[False, False, False, False]","[-1, -1, -1, -1]",False,-1,-1,-1
56,"07/04/20, 23:00",roll_z_0_1pris_z_0_7pris_y_0_4pris_x_0_7pitch_x_0_4pitch_z_0_7,"[False, False, False, False]","[-1, -1, -1, -1]",False,-1,-1,-1
57,"07/04/20, 23:00",roll_z_0_1pitch_y_0_4pris_z_0_4pitch_y_0_4pris_x_0_4pris_x_0_7,"[False, False, False, False]","[-1, -1, -1, -1]",False,-1,-1,-1
58,"07/04/20, 23:01",roll_z_0_1pitch_y_0_1pris_x_0_7pitch_z_0_1pris_z_0_7pris_x_0_1,"[False, False, False, False]","[-1, -1, -1, -1]",False,-1,-1,-1
59,"07/04/20, 23:01",roll_z_0_1pitch_y_0_1pris_y_0_7pitch_z_0_4pitch_z_0_4roll_y_0_4,"[False, False, False, False]","[-1, -1, -1, -1]",False,-1,-1,-1
60,"07/04/20, 23:01",roll_z_0_1pitch_y_0_1pris_y_0_4roll_z_0_4pitch_y_0_1pris_y_0_4,"[False, False, False, False]","[-1, -1, -1, -1]",False,-1,-1,-1
61,"07/04/20, 23:01",roll_z_0_1pris_y_0_4roll_x_0_7pitch_y_0_7pris_x_0_4roll_z_0_1,"[False, False, False, False]","[-1, -1, -1, -1]",False,-1,-1,-1
62,"07/04/20, 23:01",roll_z_0_1pris_y_0_4roll_y_0_4roll_y_0_4pris_y_0_4roll_x_0_7,"[False, False, False, False]","[-1, -1, -1, -1]",False,-1,-1,-1
63,"07/04/20, 23:02",roll_z_0_1pitch_y_0_4roll_y_0_7pris_y_0_1pitch_y_0_4pitch_y_0_4,"[False, False, False, False]","[-1, -1, -1, -1]",False,-1,-1,-1
64,"07/04/20, 23:02",roll_z_0_1pris_y_0_1roll_z_0_4pitch_y_0_7pitch_y_0_1pitch_y_0_1,"[False, False, False, False]","[-1, -1, -1, -1]",False,-1,-1,-1
65,"07/04/20, 23:02",roll_z_0_1pris_y_0_7pris_y_0_7pitch_x_0_1pris_x_0_7pitch_y_0_7,"[False, False, False, False]","[-1, -1, -1, -1]",False,-1,-1,-1
66,"07/04/20, 23:02",roll_z_0_1pris_y_0_4pris_y_0_4roll_y_0_4pitch_y_0_1roll_x_0_7,"[False, False, False, False]","[-1, -1, -1, -1]",False,-1,-1,-1
67,"07/04/20, 23:03",roll_z_0_1pris_z_0_4pitch_y_0_1pitch_z_0_4pris_z_0_4pris_x_0_7,"[False, False, False, False]","[-1, -1, -1, -1]",False,-1,-1,-1
68,"07/04/20, 23:03",roll_z_0_1roll_y_0_4pris_y_0_1roll_y_0_1pitch_y_0_4roll_x_0_4,"[False, False, False, False]","[-1, -1, -1, -1]",False,-1,-1,-1
69,"07/04/20, 23:03",roll_z_0_1pitch_y_0_4pitch_y_0_1pitch_z_0_1pitch_z_0_4roll_y_0_1,"[True, True, False, False]","[-1, -1, -1, -1]",False,-1,-1,-1
70,"07/04/20, 23:03",roll_z_0_1pitch_y_0_1roll_y_0_7pitch_y_0_1pitch_x_0_7pitch_y_0_7,"[True, True, True, True]","[3.918, 3.539, 3.945, 3.819]",True,3.81,0.031,0.002
71,"07/04/20, 23:04",roll_z_0_1pitch_y_0_1pris_x_0_1pitch_y_0_1pitch_x_0_4pris_z_0_7,"[False, False, False, False]","[-1, -1, -1, -1]",False,-1,-1,-1
72,"07/04/20, 23:04",roll_z_0_1roll_y_0_4pris_y_0_4pitch_x_0_1pitch_z_0_1pitch_z_0_4,"[False, False, False, False]","[-1, -1, -1, -1]",False,-1,-1,-1
73,"07/04/20, 23:04",roll_z_0_1pitch_y_0_4pitch_z_0_4pitch_z_0_4pitch_x_0_7pitch_y_0_4,"[True, True, False, False]","[-1, -1, -1, -1]",False,-1,-1,-1
74,"07/04/20, 23:04",roll_z_0_1pitch_y_0_4roll_z_0_1pris_z_0_4roll_y_0_1pris_y_0_4,"[False, False, False, False]","[-1, -1, -1, -1]",False,-1,-1,-1
75,"07/04/20, 23:04",roll_z_0_1pitch_y_0_1roll_z_0_7roll_y_0_7pris_y_0_1roll_x_0_7,"[False, False, False, False]","[-1, -1, -1, -1]",False,-1,-1,-1
76,"07/04/20, 23:05",roll_z_0_1roll_y_0_4roll_y_0_1pitch_y_0_4pris_z_0_7roll_x_0_4,"[False, False, False, False]","[-1, -1, -1, -1]",False,-1,-1,-1
77,"07/04/20, 23:05",roll_z_0_1pitch_y_0_1roll_z_0_4pitch_y_0_7roll_z_0_1roll_y_0_1,"[True, True, True, True]","[1.643, 1.885, 1.844, 2.053]",True,1.86,0.198,0.004
78,"07/04/20, 23:05",roll_z_0_1pitch_y_0_4pris_z_0_4roll_z_0_4roll_y_0_1roll_y_0_4,"[False, False, False, False]","[-1, -1, -1, -1]",False,-1,-1,-1
79,"07/04/20, 23:05",roll_z_0_1pitch_y_0_1pitch_x_0_7pitch_z_0_1pitch_y_0_7pris_y_0_1,"[False, False, False, False]","[-1, -1, -1, -1]",False,-1,-1,-1
80,"07/04/20, 23:06",roll_z_0_1pitch_y_0_7pris_z_0_4roll_z_0_4pris_y_0_1pitch_z_0_7,"[False, False, False, False]","[-1, -1, -1, -1]",False,-1,-1,-1
81,"07/04/20, 23:06",roll_z_0_1roll_y_0_7pris_z_0_7pitch_y_0_7pitch_z_0_7pris_z_0_7,"[False, False, False, False]","[-1, -1, -1, -1]",False,-1,-1,-1
82,"07/04/20, 23:06",roll_z_0_1pris_y_0_7pitch_x_0_1pitch_x_0_1roll_x_0_7roll_y_0_7,"[False, False, False, False]","[-1, -1, -1, -1]",False,-1,-1,-1
83,"07/04/20, 23:06",roll_z_0_1pris_y_0_4pitch_x_0_1pitch_x_0_7pitch_x_0_1pris_z_0_4,"[False, False, False, False]","[-1, -1, -1, -1]",False,-1,-1,-1
84,"07/04/20, 23:06",roll_z_0_1roll_y_0_1pris_y_0_4pitch_x_0_1pris_x_0_4pris_y_0_1,"[False, False, False, False]","[-1, -1, -1, -1]",False,-1,-1,-1
85,"07/04/20, 23:07",roll_z_0_1pitch_y_0_4roll_x_0_1pitch_y_0_4pitch_z_0_4pitch_y_0_7,"[True, False, False, True]","[-1, -1, -1, -1]",False,-1,-1,-1
86,"07/04/20, 23:07",roll_z_0_1pitch_y_0_1pris_z_0_7pitch_z_0_1pris_z_0_7pitch_x_0_7,"[False, False, False, False]","[-1, -1, -1, -1]",False,-1,-1,-1
87,"07/04/20, 23:07",roll_z_0_1pitch_y_0_7pitch_z_0_4roll_y_0_1pitch_y_0_1roll_z_0_1,"[True, False, False, False]","[-1, -1, -1, -1]",False,-1,-1,-1
88,"07/04/20, 23:07",roll_z_0_1pris_z_0_1roll_y_0_1roll_y_0_1pris_y_0_7roll_y_0_4,"[False, False, False, False]","[-1, -1, -1, -1]",False,-1,-1,-1
89,"07/04/20, 23:08",roll_z_0_1roll_y_0_1pris_y_0_1pris_y_0_7roll_y_0_7pris_z_0_7,"[False, False, False, False]","[-1, -1, -1, -1]",False,-1,-1,-1
90,"07/04/20, 23:08",roll_z_0_1pitch_y_0_1pris_y_0_4pris_y_0_1roll_y_0_7roll_y_0_4,"[False, False, False, False]","[-1, -1, -1, -1]",False,-1,-1,-1
91,"07/04/20, 23:08",roll_z_0_1pris_y_0_1pitch_y_0_7pitch_z_0_1roll_x_0_7pris_y_0_1,"[False, False, False, False]","[-1, -1, -1, -1]",False,-1,-1,-1
92,"07/04/20, 23:08",roll_z_0_1pris_y_0_4pris_y_0_1pitch_y_0_4pitch_z_0_7roll_y_0_1,"[False, False, False, False]","[-1, -1, -1, -1]",False,-1,-1,-1
93,"07/04/20, 23:08",roll_z_0_1pris_z_0_1pris_y_0_7pitch_y_0_7pitch_y_0_1pitch_x_0_7,"[False, False, False, False]","[-1, -1, -1, -1]",False,-1,-1,-1
94,"07/04/20, 23:09",roll_z_0_1pitch_y_0_7pitch_y_0_1roll_z_0_1pris_y_0_1pitch_x_0_4,"[False, False, False, False]","[-1, -1, -1, -1]",False,-1,-1,-1
95,"07/04/20, 23:09",roll_z_0_1pitch_y_0_7pris_x_0_7pitch_z_0_7pitch_z_0_7pitch_y_0_1,"[False, False, False, False]","[-1, -1, -1, -1]",False,-1,-1,-1
96,"07/04/20, 23:09",roll_z_0_1pitch_y_0_7roll_z_0_1pris_y_0_4pitch_y_0_1roll_y_0_7,"[False, False, False, False]","[-1, -1, -1, -1]",False,-1,-1,-1
97,"07/04/20, 23:09",roll_z_0_1pris_y_0_1roll_z_0_7pitch_y_0_1pris_z_0_7pitch_y_0_1,"[False, False, False, False]","[-1, -1, -1, -1]",False,-1,-1,-1
98,"07/04/20, 23:09",roll_z_0_1pitch_y_0_1pris_x_0_1pris_y_0_1pitch_x_0_4pitch_y_0_4,"[False, False, False, False]","[-1, -1, -1, -1]",False,-1,-1,-1
99,"07/04/20, 23:10",roll_z_0_1pitch_y_0_1roll_z_0_1roll_y_0_1pitch_y_0_7roll_x_0_4,"[True, False, False, False]","[-1, -1, -1, -1]",False,-1,-1,-1
100,"07/04/20, 23:10",roll_z_0_1pitch_y_0_7pitch_x_0_4pris_z_0_1pitch_y_0_7pitch_x_0_1,"[False, False, False, False]","[-1, -1, -1, -1]",False,-1,-1,-1
101,"07/04/20, 23:10",roll_z_0_1pris_y_0_7pitch_z_0_4roll_z_0_7roll_y_0_4pris_z_0_4,"[False, False, False, False]","[-1, -1, -1, -1]",False,-1,-1,-1
102,"07/04/20, 23:11",roll_z_0_1pris_y_0_7pris_y_0_1roll_z_0_7pris_y_0_7pitch_x_0_1,"[False, False, False, False]","[-1, -1, -1, -1]",False,-1,-1,-1
103,"07/04/20, 23:11",roll_z_0_1pitch_y_0_7pitch_z_0_7roll_z_0_4pitch_y_0_4roll_x_0_4,"[True, True, True, True]","[2.256, 2.502, 1.845, 2.688]",True,2.32,0.176,0.005
104,"07/04/20, 23:11",roll_z_0_1roll_y_0_4pitch_y_0_4pitch_y_0_4pitch_z_0_7roll_y_0_1,"[True, True, True, True]","[2.244, 1.703, 2.486, 2.187]",True,2.15,0.173,0.008
105,"07/04/20, 23:11",roll_z_0_1pris_y_0_1pitch_z_0_7pitch_z_0_7pitch_z_0_4pitch_x_0_7,"[False, False, False, False]","[-1, -1, -1, -1]",False,-1,-1,-1
106,"07/04/20, 23:12",roll_z_0_1pris_y_0_4pris_y_0_7roll_z_0_7pris_y_0_4pitch_y_0_7,"[False, False, False, False]","[-1, -1, -1, -1]",False,-1,-1,-1
107,"07/04/20, 23:12",roll_z_0_1pitch_y_0_1roll_z_0_7roll_y_0_7pris_y_0_1pitch_x_0_1,"[False, False, False, False]","[-1, -1, -1, -1]",False,-1,-1,-1
108,"07/04/20, 23:12",roll_z_0_1roll_y_0_1pitch_y_0_7roll_y_0_7pris_y_0_4roll_y_0_4,"[False, False, False, False]","[-1, -1, -1, -1]",False,-1,-1,-1
1,"07/04/20, 23:14",roll_z_0_1pitch_y_0_7pitch_y_0_4pitch_y_0_4pris_y_0_7pitch_x_0_1,"[False, False, False, False]","[-1, -1, -1, -1]",False,-1,-1,-1
2,"07/04/20, 23:14",roll_z_0_1pris_y_0_4roll_z_0_7roll_y_0_1roll_y_0_7roll_y_0_4,"[False, False, False, True]","[-1, -1, -1, -1]",False,-1,-1,-1
3,"07/04/20, 23:14",roll_z_0_1pris_z_0_4pris_y_0_7pris_x_0_1pitch_y_0_4pitch_y_0_1,"[False, False, False, False]","[-1, -1, -1, -1]",False,-1,-1,-1
4,"07/04/20, 23:15",roll_z_0_1pris_y_0_7pris_x_0_7pitch_y_0_1pris_y_0_7roll_y_0_7,"[False, False, False, False]","[-1, -1, -1, -1]",False,-1,-1,-1
5,"07/04/20, 23:15",roll_z_0_1pitch_y_0_1pitch_z_0_4pris_z_0_1pitch_y_0_1pitch_y_0_7,"[False, False, False, False]","[-1, -1, -1, -1]",False,-1,-1,-1
6,"07/04/20, 23:15",roll_z_0_1pris_y_0_7roll_z_0_4roll_y_0_1pris_y_0_4roll_x_0_7,"[False, False, False, False]","[-1, -1, -1, -1]",False,-1,-1,-1
7,"07/04/20, 23:15",roll_z_0_1pitch_y_0_1roll_x_0_7roll_y_0_7pris_y_0_1pitch_x_0_1,"[False, False, False, False]","[-1, -1, -1, -1]",False,-1,-1,-1
8,"07/04/20, 23:16",roll_z_0_1roll_y_0_7pitch_y_0_7pitch_x_0_1pitch_z_0_1pitch_x_0_7,"[True, True, True, False]","[-1, -1, -1, -1]",False,-1,-1,-1
9,"07/04/20, 23:16",roll_z_0_1roll_y_0_4roll_y_0_4roll_y_0_4pitch_y_0_1pris_z_0_4,"[False, False, False, False]","[-1, -1, -1, -1]",False,-1,-1,-1
10,"07/04/20, 23:16",roll_z_0_1pris_z_0_7pitch_y_0_4pitch_y_0_1pitch_y_0_7roll_z_0_7,"[False, False, False, False]","[-1, -1, -1, -1]",False,-1,-1,-1
11,"07/04/20, 23:16",roll_z_0_1roll_y_0_4pitch_y_0_4pitch_y_0_4pris_x_0_7pitch_z_0_7,"[False, False, False, False]","[-1, -1, -1, -1]",False,-1,-1,-1
12,"07/04/20, 23:16",roll_z_0_1pitch_y_0_4pitch_z_0_4pitch_x_0_7roll_x_0_4pitch_y_0_7,"[False, False, True, True]","[-1, -1, -1, -1]",False,-1,-1,-1
13,"07/04/20, 23:17",roll_z_0_1pitch_y_0_7pris_y_0_1pitch_z_0_4pitch_z_0_1pitch_x_0_1,"[False, False, False, False]","[-1, -1, -1, -1]",False,-1,-1,-1
14,"07/04/20, 23:17",roll_z_0_1pitch_y_0_4pitch_y_0_1pris_y_0_1pitch_y_0_1pris_x_0_7,"[False, False, False, False]","[-1, -1, -1, -1]",False,-1,-1,-1
15,"07/04/20, 23:17",roll_z_0_1pitch_y_0_7roll_z_0_7pitch_y_0_1pitch_z_0_1roll_z_0_1,"[True, True, True, True]","[1.672, 1.88, 2.544, 2.729]",True,2.21,0.19,0.005
16,"07/04/20, 23:17",roll_z_0_1pitch_y_0_4pitch_z_0_4pris_y_0_4pitch_z_0_1roll_x_0_1,"[False, False, False, False]","[-1, -1, -1, -1]",False,-1,-1,-1
17,"07/04/20, 23:18",roll_z_0_1pitch_y_0_4pitch_y_0_7pitch_z_0_4roll_z_0_4roll_y_0_4,"[True, True, True, True]","[2.363, 2.445, 2.634, 1.932]",True,2.34,0.164,0.012
18,"07/04/20, 23:18",roll_z_0_1pris_y_0_1pris_x_0_1roll_y_0_1pris_y_0_1roll_z_0_7,"[False, False, False, False]","[-1, -1, -1, -1]",False,-1,-1,-1
19,"07/04/20, 23:18",roll_z_0_1pris_y_0_4pris_y_0_7roll_x_0_7pris_y_0_4pitch_y_0_7,"[False, False, False, False]","[-1, -1, -1, -1]",False,-1,-1,-1
20,"07/04/20, 23:18",roll_z_0_1pitch_y_0_7pitch_z_0_7roll_y_0_4roll_y_0_7roll_y_0_1,"[True, True, False, False]","[-1, -1, -1, -1]",False,-1,-1,-1
21,"07/04/20, 23:19",roll_z_0_1pitch_y_0_4pitch_y_0_4pris_z_0_7roll_x_0_7pris_y_0_4,"[False, False, False, False]","[-1, -1, -1, -1]",False,-1,-1,-1
22,"07/04/20, 23:19",roll_z_0_1roll_y_0_4pitch_y_0_7roll_x_0_1pris_y_0_1roll_x_0_1,"[False, False, False, False]","[-1, -1, -1, -1]",False,-1,-1,-1
23,"07/04/20, 23:19",roll_z_0_1pitch_y_0_7pitch_z_0_4roll_z_0_1pitch_y_0_1roll_y_0_1,"[True, True, True, True]","[1.897, 2.209, 3.166, 2.9]",True,2.54,0.197,0.005
24,"07/04/20, 23:19",roll_z_0_1pitch_y_0_1pitch_x_0_7pitch_x_0_4pitch_y_0_1roll_z_0_1,"[True, True, True, True]","[1.863, 3.015, 3.207, 1.871]",True,2.49,0.184,0.006
25,"07/04/20, 23:19",roll_z_0_1roll_y_0_4pris_y_0_4pris_y_0_7roll_z_0_4pris_y_0_7,"[False, False, False, False]","[-1, -1, -1, -1]",False,-1,-1,-1
26,"07/04/20, 23:20",roll_z_0_1pris_z_0_1roll_y_0_1roll_y_0_1pris_y_0_7roll_z_0_1,"[False, False, False, False]","[-1, -1, -1, -1]",False,-1,-1,-1
27,"07/04/20, 23:20",roll_z_0_1pris_y_0_7roll_y_0_7pitch_y_0_7pitch_x_0_7pris_y_0_7,"[False, False, False, False]","[-1, -1, -1, -1]",False,-1,-1,-1
28,"07/04/20, 23:20",roll_z_0_1pitch_y_0_4pitch_z_0_4pitch_z_0_1pris_x_0_7pris_y_0_4,"[False, False, False, False]","[-1, -1, -1, -1]",False,-1,-1,-1
29,"07/04/20, 23:20",roll_z_0_1pris_y_0_4roll_x_0_7pitch_y_0_7pris_z_0_4roll_z_0_1,"[False, False, False, False]","[-1, -1, -1, -1]",False,-1,-1,-1
30,"07/04/20, 23:21",roll_z_0_1pris_z_0_7pris_y_0_1pris_x_0_4pitch_y_0_4pitch_y_0_4,"[False, False, False, False]","[-1, -1, -1, -1]",False,-1,-1,-1
31,"07/04/20, 23:21",roll_z_0_1pitch_y_0_4roll_z_0_1pris_y_0_1roll_y_0_1pris_y_0_4,"[False, False, False, False]","[-1, -1, -1, -1]",False,-1,-1,-1
32,"07/04/20, 23:21",roll_z_0_1pitch_y_0_4roll_x_0_7roll_y_0_4pitch_y_0_4roll_z_0_1,"[True, True, True, True]","[2.264, 2.473, 2.673, 2.687]",True,2.52,0.199,0.005
33,"07/04/20, 23:21",roll_z_0_1roll_y_0_1pris_y_0_1pris_x_0_7roll_y_0_7pris_z_0_7,"[False, False, False, False]","[-1, -1, -1, -1]",False,-1,-1,-1
34,"07/04/20, 23:22",roll_z_0_1pitch_y_0_4pitch_y_0_4pitch_z_0_7pris_y_0_4pitch_z_0_1,"[False, False, False, False]","[-1, -1, -1, -1]",False,-1,-1,-1
35,"07/04/20, 23:22",roll_z_0_1pitch_y_0_7pitch_z_0_4pitch_y_0_4pitch_x_0_7pitch_y_0_7,"[True, False, False, False]","[-1, -1, -1, -1]",False,-1,-1,-1
36,"07/04/20, 23:22",roll_z_0_1pris_y_0_7pitch_x_0_1pitch_x_0_1roll_z_0_7roll_y_0_7,"[False, False, False, False]","[-1, -1, -1, -1]",False,-1,-1,-1
37,"07/04/20, 23:22",roll_z_0_1pitch_y_0_4pitch_y_0_7pris_z_0_7pris_y_0_1pitch_x_0_1,"[False, False, False, False]","[-1, -1, -1, -1]",False,-1,-1,-1
38,"07/04/20, 23:23",roll_z_0_1pitch_y_0_4roll_y_0_1pitch_y_0_4pitch_z_0_4pitch_y_0_7,"[True, True, True, True]","[2.299, 2.299, 2.666, 3.121]",True,2.6,0.176,0.012
39,"07/04/20, 23:23",roll_z_0_1pitch_y_0_7pris_z_0_4roll_z_0_1pris_y_0_1pitch_z_0_7,"[False, False, False, False]","[-1, -1, -1, -1]",False,-1,-1,-1
40,"07/04/20, 23:23",roll_z_0_1pris_y_0_7pris_x_0_7pitch_x_0_1pris_x_0_7pitch_y_0_7,"[False, False, False, False]","[-1, -1, -1, -1]",False,-1,-1,-1
41,"07/04/20, 23:23",roll_z_0_1pitch_y_0_4pitch_y_0_7pris_z_0_4pris_x_0_4pitch_x_0_7,"[False, False, False, False]","[-1, -1, -1, -1]",False,-1,-1,-1
42,"07/04/20, 23:23",roll_z_0_1pitch_y_0_4pitch_x_0_4pitch_y_0_4pitch_x_0_7pitch_x_0_4,"[True, True, True, True]","[2.401, 1.895, 2.778, 2.65]",True,2.43,0.197,0.012
43,"07/04/20, 23:24",roll_z_0_1pitch_y_0_7pitch_z_0_7pris_x_0_1roll_z_0_7roll_y_0_7,"[False, False, False, False]","[-1, -1, -1, -1]",False,-1,-1,-1
44,"07/04/20, 23:24",roll_z_0_1pris_z_0_1pitch_y_0_7pitch_y_0_1pitch_z_0_4roll_z_0_4,"[False, False, False, False]","[-1, -1, -1, -1]",False,-1,-1,-1
45,"07/04/20, 23:24",roll_z_0_1pris_z_0_7pitch_y_0_1pris_y_0_7pitch_x_0_7roll_y_0_1,"[False, False, False, False]","[-1, -1, -1, -1]",False,-1,-1,-1
46,"07/04/20, 23:24",roll_z_0_1pris_y_0_1pitch_z_0_7pitch_z_0_7pitch_z_0_4pitch_y_0_7,"[False, False, False, False]","[-1, -1, -1, -1]",False,-1,-1,-1
47,"07/04/20, 23:25",roll_z_0_1pris_y_0_4pris_y_0_4roll_y_0_4pitch_y_0_1roll_z_0_7,"[False, False, False, False]","[-1, -1, -1, -1]",False,-1,-1,-1
48,"07/04/20, 23:25",roll_z_0_1pitch_y_0_1pris_z_0_7pris_x_0_4pitch_y_0_4roll_y_0_4,"[False, False, False, False]","[-1, -1, -1, -1]",False,-1,-1,-1
49,"07/04/20, 23:25",roll_z_0_1roll_y_0_4pris_y_0_1roll_y_0_1pitch_y_0_4roll_y_0_1,"[False, False, False, False]","[-1, -1, -1, -1]",False,-1,-1,-1
50,"07/04/20, 23:25",roll_z_0_1pris_y_0_1roll_y_0_7pitch_y_0_1pitch_y_0_7pris_z_0_7,"[False, False, False, False]","[-1, -1, -1, -1]",False,-1,-1,-1
51,"07/04/20, 23:26",roll_z_0_1pitch_y_0_4pitch_y_0_4roll_z_0_1pitch_y_0_1pitch_z_0_4,"[True, False, False, True]","[-1, -1, -1, -1]",False,-1,-1,-1
52,"07/04/20, 23:26",roll_z_0_1pris_y_0_4roll_x_0_4pris_y_0_1pris_y_0_7roll_z_0_1,"[False, False, False, False]","[-1, -1, -1, -1]",False,-1,-1,-1
53,"07/04/20, 23:26",roll_z_0_1pris_y_0_1roll_x_0_7pitch_y_0_1pris_z_0_7pitch_y_0_1,"[False, False, False, False]","[-1, -1, -1, -1]",False,-1,-1,-1
54,"07/04/20, 23:26",roll_z_0_1roll_y_0_7pitch_y_0_1pitch_x_0_1pris_z_0_1pitch_x_0_4,"[False, False, True, False]","[-1, -1, -1, -1]",False,-1,-1,-1
55,"07/04/20, 23:26",roll_z_0_1pris_z_0_7pitch_y_0_7pris_x_0_1pitch_y_0_7pitch_y_0_1,"[False, False, False, False]","[-1, -1, -1, -1]",False,-1,-1,-1
56,"07/04/20, 23:27",roll_z_0_1pris_z_0_4pitch_y_0_1pitch_z_0_4pris_z_0_4pris_y_0_7,"[False, False, False, False]","[-1, -1, -1, -1]",False,-1,-1,-1
57,"07/04/20, 23:27",roll_z_0_1pitch_y_0_4pris_y_0_4pitch_x_0_1pitch_x_0_4pitch_x_0_1,"[False, False, False, False]","[-1, -1, -1, -1]",False,-1,-1,-1
58,"07/04/20, 23:27",roll_z_0_1pitch_y_0_1pitch_y_0_4roll_y_0_4pris_y_0_4roll_y_0_1,"[False, False, False, False]","[-1, -1, -1, -1]",False,-1,-1,-1
59,"07/04/20, 23:27",roll_z_0_1pitch_y_0_1pris_z_0_7pitch_z_0_4pitch_z_0_4roll_y_0_4,"[False, False, False, False]","[-1, -1, -1, -1]",False,-1,-1,-1
60,"07/04/20, 23:27",roll_z_0_1pitch_y_0_1pris_y_0_7roll_y_0_7pitch_y_0_7pitch_y_0_1,"[False, False, False, False]","[-1, -1, -1, -1]",False,-1,-1,-1
61,"07/04/20, 23:28",roll_z_0_1pris_z_0_1pris_y_0_7roll_y_0_7pris_y_0_1roll_x_0_1,"[False, False, False, False]","[-1, -1, -1, -1]",False,-1,-1,-1
62,"07/04/20, 23:28",roll_z_0_1pitch_y_0_7pris_y_0_7pitch_x_0_7roll_x_0_4roll_y_0_1,"[False, False, False, False]","[-1, -1, -1, -1]",False,-1,-1,-1
63,"07/04/20, 23:28",roll_z_0_1pris_y_0_4roll_y_0_7pitch_y_0_7pitch_y_0_7pris_y_0_4,"[False, False, False, False]","[-1, -1, -1, -1]",False,-1,-1,-1
64,"07/04/20, 23:28",roll_z_0_1pris_y_0_7pitch_x_0_1pris_y_0_7pris_y_0_1roll_x_0_1,"[False, False, False, False]","[-1, -1, -1, -1]",False,-1,-1,-1
65,"07/04/20, 23:28",roll_z_0_1pitch_y_0_7pitch_x_0_4pris_z_0_1pitch_y_0_7pitch_z_0_1,"[False, False, False, False]","[-1, -1, -1, -1]",False,-1,-1,-1
66,"07/04/20, 23:29",roll_z_0_1pitch_y_0_7pitch_y_0_1pris_y_0_4roll_y_0_1roll_y_0_1,"[False, False, False, False]","[-1, -1, -1, -1]",False,-1,-1,-1
67,"07/04/20, 23:29",roll_z_0_1pitch_y_0_7pitch_y_0_7roll_x_0_1pitch_y_0_4roll_y_0_7,"[True, True, False, False]","[-1, -1, -1, -1]",False,-1,-1,-1
68,"07/04/20, 23:29",roll_z_0_1pitch_y_0_7pris_z_0_4pitch_x_0_7pitch_y_0_4pitch_y_0_4,"[False, False, False, False]","[-1, -1, -1, -1]",False,-1,-1,-1
69,"07/04/20, 23:29",roll_z_0_1pitch_y_0_1roll_x_0_4pitch_y_0_7roll_z_0_1roll_y_0_1,"[True, True, True, True]","[2.528, 2.617, 2.612, 2.105]",True,2.47,0.168,0.005
70,"07/04/20, 23:30",roll_z_0_1pitch_y_0_7pitch_y_0_1roll_y_0_1pris_y_0_1pitch_x_0_4,"[False, False, False, False]","[-1, -1, -1, -1]",False,-1,-1,-1
71,"07/04/20, 23:30",roll_z_0_1pitch_y_0_1pris_z_0_7pitch_x_0_1pitch_y_0_7pitch_z_0_7,"[False, False, False, False]","[-1, -1, -1, -1]",False,-1,-1,-1
72,"07/04/20, 23:30",roll_z_0_1pitch_y_0_7pitch_y_0_1pitch_z_0_7roll_y_0_4pris_y_0_4,"[False, False, False, False]","[-1, -1, -1, -1]",False,-1,-1,-1
73,"07/04/20, 23:30",roll_z_0_1pris_y_0_7pitch_x_0_7pris_x_0_7pitch_z_0_1pitch_z_0_7,"[False, False, False, False]","[-1, -1, -1, -1]",False,-1,-1,-1
74,"07/04/20, 23:31",roll_z_0_1pitch_y_0_1pitch_x_0_4pris_x_0_4pitch_z_0_7pris_z_0_7,"[False, False, False, False]","[-1, -1, -1, -1]",False,-1,-1,-1
75,"07/04/20, 23:31",roll_z_0_1pitch_y_0_7pris_y_0_1pitch_x_0_7pitch_z_0_7pitch_x_0_7,"[False, False, False, False]","[-1, -1, -1, -1]",False,-1,-1,-1
76,"07/04/20, 23:31",roll_z_0_1pris_y_0_1pitch_x_0_4pris_z_0_1roll_x_0_7pris_y_0_4,"[False, False, False, False]","[-1, -1, -1, -1]",False,-1,-1,-1
77,"07/04/20, 23:31",roll_z_0_1pitch_y_0_4pitch_y_0_1pris_y_0_4pitch_x_0_4roll_x_0_1,"[False, False, False, False]","[-1, -1, -1, -1]",False,-1,-1,-1
78,"07/04/20, 23:32",roll_z_0_1pris_z_0_7pris_y_0_1roll_z_0_7pris_y_0_7pitch_x_0_1,"[False, False, False, False]","[-1, -1, -1, -1]",False,-1,-1,-1
79,"07/04/20, 23:32",roll_z_0_1pitch_y_0_7pitch_x_0_4pris_y_0_4pitch_y_0_4pitch_z_0_7,"[False, False, False, False]","[-1, -1, -1, -1]",False,-1,-1,-1
80,"07/04/20, 23:32",roll_z_0_1pitch_y_0_1pitch_y_0_4pitch_x_0_4pitch_y_0_1pris_x_0_4,"[False, False, False, True]","[-1, -1, -1, -1]",False,-1,-1,-1
81,"07/04/20, 23:32",roll_z_0_1pitch_y_0_1pitch_x_0_7pitch_y_0_1pitch_x_0_7roll_y_0_1,"[True, False, False, True]","[-1, -1, -1, -1]",False,-1,-1,-1
82,"07/04/20, 23:33",roll_z_0_1pitch_y_0_7pitch_y_0_4pitch_x_0_4roll_z_0_7pitch_y_0_7,"[True, True, True, True]","[2.235, 2.25, 1.851, 2.468]",True,2.2,0.215,0.004
83,"07/04/20, 23:33",roll_z_0_1pitch_y_0_1pris_x_0_1pitch_y_0_1pitch_x_0_4pris_y_0_7,"[False, False, False, False]","[-1, -1, -1, -1]",False,-1,-1,-1
84,"07/04/20, 23:33",roll_z_0_1pitch_y_0_7roll_z_0_4pris_y_0_4pitch_y_0_1roll_y_0_7,"[False, False, False, False]","[-1, -1, -1, -1]",False,-1,-1,-1
85,"07/04/20, 23:33",roll_z_0_1pris_y_0_4pris_y_0_1pitch_y_0_4pitch_z_0_7roll_x_0_1,"[False, False, False, False]","[-1, -1, -1, -1]",False,-1,-1,-1
86,"07/04/20, 23:33",roll_z_0_1pitch_y_0_1pitch_y_0_7pris_y_0_7pitch_z_0_1pitch_x_0_7,"[False, False, False, False]","[-1, -1, -1, -1]",False,-1,-1,-1
87,"07/04/20, 23:34",roll_z_0_1pris_y_0_1roll_y_0_4pris_y_0_1pitch_z_0_7pris_z_0_1,"[False, False, False, False]","[-1, -1, -1, -1]",False,-1,-1,-1
88,"07/04/20, 23:34",roll_z_0_1roll_y_0_7pitch_y_0_1roll_x_0_7pris_y_0_1roll_x_0_1,"[False, False, False, False]","[-1, -1, -1, -1]",False,-1,-1,-1
89,"07/04/20, 23:34",roll_z_0_1pris_y_0_1roll_z_0_1pitch_y_0_7pris_y_0_4roll_z_0_1,"[False, False, False, False]","[-1, -1, -1, -1]",False,-1,-1,-1
90,"07/04/20, 23:34",roll_z_0_1pitch_y_0_4pitch_y_0_1pris_y_0_4pris_y_0_1roll_z_0_7,"[False, False, False, False]","[-1, -1, -1, -1]",False,-1,-1,-1
91,"07/04/20, 23:34",roll_z_0_1pitch_y_0_4pris_x_0_1roll_y_0_4pitch_y_0_4pitch_y_0_4,"[False, False, False, False]","[-1, -1, -1, -1]",False,-1,-1,-1
92,"07/04/20, 23:35",roll_z_0_1pris_y_0_7pris_x_0_7pitch_y_0_1pitch_y_0_1pitch_z_0_1,"[False, False, False, False]","[-1, -1, -1, -1]",False,-1,-1,-1
93,"07/04/20, 23:35",roll_z_0_1roll_y_0_4pitch_y_0_1pitch_y_0_4pitch_z_0_7pitch_y_0_1,"[True, True, True, True]","[2.571, 2.425, 2.737, 2.743]",True,2.62,0.193,0.01
94,"07/04/20, 23:35",roll_z_0_1roll_y_0_1pitch_y_0_1pitch_y_0_7pitch_z_0_4roll_y_0_4,"[True, True, True, False]","[-1, -1, -1, -1]",False,-1,-1,-1
95,"07/04/20, 23:35",roll_z_0_1pris_y_0_4pitch_x_0_1pitch_x_0_7pitch_x_0_1pris_y_0_4,"[False, False, False, False]","[-1, -1, -1, -1]",False,-1,-1,-1
96,"07/04/20, 23:36",roll_z_0_1roll_y_0_4pris_z_0_4pitch_y_0_4pris_x_0_4pitch_x_0_4,"[False, False, False, False]","[-1, -1, -1, -1]",False,-1,-1,-1
97,"07/04/20, 23:36",roll_z_0_1pris_y_0_4pris_y_0_4pitch_x_0_4roll_x_0_4pris_z_0_1,"[False, False, False, False]","[-1, -1, -1, -1]",False,-1,-1,-1
98,"07/04/20, 23:36",roll_z_0_1pitch_y_0_4pris_z_0_4pris_y_0_1pris_x_0_1pitch_z_0_4,"[False, False, False, False]","[-1, -1, -1, -1]",False,-1,-1,-1
99,"07/04/20, 23:36",roll_z_0_1roll_y_0_7pitch_y_0_4roll_z_0_1pitch_y_0_7pitch_y_0_1,"[True, True, True, True]","[1.958, 2.848, 3.191, 2.657]",True,2.66,0.196,0.006
100,"07/04/20, 23:37",roll_z_0_1roll_y_0_7pitch_y_0_7pitch_y_0_7pris_z_0_4roll_y_0_4,"[False, False, False, False]","[-1, -1, -1, -1]",False,-1,-1,-1
1,"07/04/20, 23:40",roll_z_0_1pitch_y_0_1pitch_z_0_7pitch_x_0_4pitch_y_0_4pitch_x_0_1,"[True, True, True, True]","[1.651, 2.274, 2.473, 1.845]",True,2.06,0.184,0.013
2,"07/04/20, 23:40",roll_z_0_1roll_y_0_4pris_y_0_4pris_y_0_7roll_y_0_4pris_y_0_7,"[False, False, False, False]","[-1, -1, -1, -1]",False,-1,-1,-1
3,"07/04/20, 23:40",roll_z_0_1pris_y_0_7pitch_y_0_7roll_z_0_7pitch_y_0_7pris_y_0_7,"[False, False, False, False]","[-1, -1, -1, -1]",False,-1,-1,-1
4,"07/04/20, 23:40",roll_z_0_1roll_y_0_7pitch_y_0_4pitch_y_0_7pitch_y_0_4pris_x_0_7,"[False, False, False, True]","[-1, -1, -1, -1]",False,-1,-1,-1
5,"07/04/20, 23:41",roll_z_0_1pris_y_0_4roll_x_0_1pitch_y_0_7pitch_y_0_4pitch_y_0_1,"[False, False, False, False]","[-1, -1, -1, -1]",False,-1,-1,-1
6,"07/04/20, 23:41",roll_z_0_1pitch_y_0_4pitch_z_0_7pitch_y_0_4pitch_x_0_4pitch_y_0_4,"[True, True, True, True]","[2.256, 2.474, 2.308, 2.48]",True,2.38,0.158,0.006
7,"07/04/20, 23:41",roll_z_0_1roll_y_0_4pitch_y_0_7roll_x_0_4pris_y_0_1roll_x_0_1,"[False, False, False, False]","[-1, -1, -1, -1]",False,-1,-1,-1
8,"07/04/20, 23:41",roll_z_0_1pitch_y_0_1pris_x_0_4pitch_y_0_1roll_y_0_7pris_z_0_1,"[False, False, False, False]","[-1, -1, -1, -1]",False,-1,-1,-1
9,"07/04/20, 23:42",roll_z_0_1pris_y_0_1roll_z_0_1pitch_y_0_1pitch_y_0_4pris_z_0_4,"[False, False, False, False]","[-1, -1, -1, -1]",False,-1,-1,-1
10,"07/04/20, 23:42",roll_z_0_1pitch_y_0_1pitch_x_0_7pitch_x_0_4pitch_y_0_1roll_y_0_1,"[True, True, True, True]","[1.572, 2.573, 2.786, 1.979]",True,2.23,0.14,0.004
11,"07/04/20, 23:42",roll_z_0_1pris_y_0_1roll_y_0_7pitch_y_0_1pitch_y_0_7pris_y_0_7,"[False, False, False, False]","[-1, -1, -1, -1]",False,-1,-1,-1
12,"07/04/20, 23:42",roll_z_0_1roll_y_0_1roll_y_0_4roll_y_0_7roll_y_0_7pris_z_0_4,"[False, False, False, True]","[-1, -1, -1, -1]",False,-1,-1,-1
13,"07/04/20, 23:42",roll_z_0_1pitch_y_0_4pris_y_0_7pitch_z_0_4pitch_y_0_4pitch_x_0_1,"[False, False, False, False]","[-1, -1, -1, -1]",False,-1,-1,-1
14,"07/04/20, 23:43",roll_z_0_1pitch_y_0_4roll_z_0_7roll_y_0_1pitch_y_0_4pitch_y_0_7,"[True, False, False, True]","[-1, -1, -1, -1]",False,-1,-1,-1
15,"07/04/20, 23:43",roll_z_0_1roll_y_0_4pris_z_0_1roll_y_0_1pitch_y_0_4roll_y_0_1,"[False, False, False, False]","[-1, -1, -1, -1]",False,-1,-1,-1
16,"07/04/20, 23:43",roll_z_0_1pris_y_0_7pris_x_0_7pitch_x_0_1pris_x_0_7pitch_z_0_7,"[False, False, False, False]","[-1, -1, -1, -1]",False,-1,-1,-1
17,"07/04/20, 23:43",roll_z_0_1pitch_y_0_4roll_z_0_4pris_y_0_4pris_y_0_1pitch_y_0_1,"[False, False, False, False]","[-1, -1, -1, -1]",False,-1,-1,-1
18,"07/04/20, 23:44",roll_z_0_1pitch_y_0_1pitch_y_0_4pitch_x_0_4pitch_y_0_1pris_x_0_1,"[False, False, False, True]","[-1, -1, -1, -1]",False,-1,-1,-1
19,"07/04/20, 23:44",roll_z_0_1pris_z_0_7pitch_y_0_1pris_y_0_7pitch_x_0_7roll_x_0_1,"[False, False, False, False]","[-1, -1, -1, -1]",False,-1,-1,-1
20,"07/04/20, 23:44",roll_z_0_1pris_y_0_4roll_y_0_4roll_y_0_4pris_y_0_4roll_y_0_7,"[False, False, False, False]","[-1, -1, -1, -1]",False,-1,-1,-1
21,"07/04/20, 23:44",roll_z_0_1pris_z_0_4pris_y_0_1pitch_y_0_4pitch_z_0_7roll_x_0_1,"[False, False, False, False]","[-1, -1, -1, -1]",False,-1,-1,-1
22,"07/04/20, 23:45",roll_z_0_1pris_y_0_1roll_y_0_7pitch_y_0_1pris_z_0_7pitch_y_0_1,"[False, False, False, False]","[-1, -1, -1, -1]",False,-1,-1,-1
23,"07/04/20, 23:45",roll_z_0_1pitch_y_0_1pris_x_0_7roll_y_0_7pitch_y_0_7pitch_y_0_1,"[False, False, False, False]","[-1, -1, -1, -1]",False,-1,-1,-1
24,"07/04/20, 23:45",roll_z_0_1pris_y_0_7pitch_z_0_4pitch_z_0_1pitch_x_0_4pitch_y_0_1,"[False, False, False, False]","[-1, -1, -1, -1]",False,-1,-1,-1
25,"07/04/20, 23:45",roll_z_0_1pitch_y_0_1pris_y_0_4roll_y_0_4pitch_y_0_1pris_y_0_4,"[False, False, False, False]","[-1, -1, -1, -1]",False,-1,-1,-1
26,"07/04/20, 23:46",roll_z_0_1pris_y_0_4roll_z_0_7pitch_y_0_7pitch_y_0_7pris_y_0_4,"[False, False, False, False]","[-1, -1, -1, -1]",False,-1,-1,-1
27,"07/04/20, 23:46",roll_z_0_1pitch_y_0_7pitch_x_0_7pitch_y_0_1pitch_z_0_1roll_z_0_1,"[True, True, True, True]","[1.644, 1.69, 2.667, 2.65]",True,2.16,0.201,0.006
28,"07/04/20, 23:46",roll_z_0_1pitch_y_0_7pitch_x_0_4pris_z_0_1pitch_z_0_7pitch_z_0_1,"[False, False, False, False]","[-1, -1, -1, -1]",False,-1,-1,-1
29,"07/04/20, 23:46",roll_z_0_1pitch_y_0_4pitch_z_0_4pris_y_0_4pitch_z_0_4roll_x_0_1,"[False, False, False, False]","[-1, -1, -1, -1]",False,-1,-1,-1
30,"07/04/20, 23:46",roll_z_0_1pitch_y_0_4pitch_y_0_1pris_x_0_1pitch_y_0_1pris_x_0_7,"[False, False, False, False]","[-1, -1, -1, -1]",False,-1,-1,-1
31,"07/04/20, 23:47",roll_z_0_1pitch_y_0_4pitch_x_0_4roll_y_0_1roll_y_0_1roll_y_0_1,"[True, True, True, True]","[1.675, 1.847, 1.864, 2.484]",True,1.97,0.173,0.004
32,"07/04/20, 23:47",roll_z_0_1pris_y_0_4pris_y_0_4roll_y_0_4pitch_y_0_1roll_y_0_7,"[False, False, False, False]","[-1, -1, -1, -1]",False,-1,-1,-1
33,"07/04/20, 23:47",roll_z_0_1pris_y_0_7pitch_x_0_7pris_y_0_7pitch_z_0_1pitch_z_0_7,"[False, False, False, False]","[-1, -1, -1, -1]",False,-1,-1,-1
34,"07/04/20, 23:47",roll_z_0_1pitch_y_0_4roll_y_0_4roll_y_0_7roll_y_0_7pris_z_0_4,"[False, False, False, False]","[-1, -1, -1, -1]",False,-1,-1,-1
35,"07/04/20, 23:48",roll_z_0_1pris_y_0_7pitch_z_0_7pris_y_0_4pitch_x_0_7roll_x_0_7,"[False, False, False, False]","[-1, -1, -1, -1]",False,-1,-1,-1
36,"07/04/20, 23:48",roll_z_0_1roll_y_0_4roll_y_0_1pitch_y_0_4pris_z_0_7roll_z_0_4,"[False, False, False, False]","[-1, -1, -1, -1]",False,-1,-1,-1
37,"07/04/20, 23:48",roll_z_0_1pris_y_0_1pitch_y_0_7pris_x_0_7pitch_z_0_4pitch_y_0_7,"[False, False, False, False]","[-1, -1, -1, -1]",False,-1,-1,-1
38,"07/04/20, 23:48",roll_z_0_1pitch_y_0_4pitch_y_0_1pris_z_0_4pitch_x_0_4roll_x_0_1,"[False, False, False, False]","[-1, -1, -1, -1]",False,-1,-1,-1
39,"07/04/20, 23:48",roll_z_0_1pitch_y_0_7pris_y_0_1pitch_z_0_4pitch_z_0_1pitch_y_0_1,"[False, False, False, False]","[-1, -1, -1, -1]",False,-1,-1,-1
40,"07/04/20, 23:49",roll_z_0_1pris_y_0_7pitch_x_0_1pitch_z_0_1roll_z_0_7roll_y_0_7,"[False, False, False, False]","[-1, -1, -1, -1]",False,-1,-1,-1
41,"07/04/20, 23:49",roll_z_0_1roll_y_0_1pitch_y_0_7roll_y_0_7pris_y_0_4roll_z_0_4,"[False, False, False, False]","[-1, -1, -1, -1]",False,-1,-1,-1
42,"07/04/20, 23:49",roll_z_0_1pris_y_0_1pitch_y_0_7pitch_y_0_4pris_y_0_4roll_y_0_4,"[False, False, False, False]","[-1, -1, -1, -1]",False,-1,-1,-1
43,"07/04/20, 23:49",roll_z_0_1pris_y_0_7pris_x_0_7pitch_y_0_1pris_x_0_7roll_y_0_7,"[False, False, False, False]","[-1, -1, -1, -1]",False,-1,-1,-1
44,"07/04/20, 23:49",roll_z_0_1pris_y_0_4roll_x_0_4pris_z_0_1pris_y_0_7roll_z_0_1,"[False, False, False, False]","[-1, -1, -1, -1]",False,-1,-1,-1
45,"07/04/20, 23:50",roll_z_0_1roll_y_0_7pris_y_0_1pitch_x_0_1pris_x_0_7pris_y_0_4,"[False, False, False, False]","[-1, -1, -1, -1]",False,-1,-1,-1
46,"07/04/20, 23:50",roll_z_0_1pitch_y_0_4pitch_y_0_7pitch_x_0_4pitch_x_0_7pitch_z_0_1,"[True, True, True, True]","[2.69, 2.941, 2.203, 2.364]",True,2.55,0.166,0.005
47,"07/04/20, 23:50",roll_z_0_1pitch_y_0_4roll_x_0_7pris_y_0_1pitch_y_0_4pitch_y_0_4,"[False, False, False, False]","[-1, -1, -1, -1]",False,-1,-1,-1
48,"07/04/20, 23:50",roll_z_0_1roll_y_0_1pris_y_0_1pris_x_0_7roll_x_0_7pris_z_0_7,"[False, False, False, False]","[-1, -1, -1, -1]",False,-1,-1,-1
49,"07/04/20, 23:51",roll_z_0_1pitch_y_0_4pitch_y_0_7pris_x_0_7pitch_x_0_4pitch_x_0_4,"[False, False, False, False]","[-1, -1, -1, -1]",False,-1,-1,-1
50,"07/04/20, 23:51",roll_z_0_1pris_z_0_7pitch_y_0_4pris_y_0_7pitch_z_0_4pitch_y_0_4,"[False, False, False, False]","[-1, -1, -1, -1]",False,-1,-1,-1
51,"07/04/20, 23:51",roll_z_0_1pitch_y_0_7pitch_z_0_7pris_x_0_1roll_x_0_7roll_y_0_7,"[False, False, False, False]","[-1, -1, -1, -1]",False,-1,-1,-1
52,"07/04/20, 23:51",roll_z_0_1pris_y_0_7pitch_x_0_1pris_z_0_7pris_y_0_1roll_x_0_1,"[False, False, False, False]","[-1, -1, -1, -1]",False,-1,-1,-1
53,"07/04/20, 23:51",roll_z_0_1pitch_y_0_7pitch_y_0_1pris_y_0_1roll_y_0_1roll_y_0_1,"[False, False, False, False]","[-1, -1, -1, -1]",False,-1,-1,-1
54,"07/04/20, 23:52",roll_z_0_1pris_y_0_7pitch_x_0_7pitch_z_0_7pitch_x_0_4pitch_x_0_7,"[False, False, False, False]","[-1, -1, -1, -1]",False,-1,-1,-1
55,"07/04/20, 23:52",roll_z_0_1pitch_y_0_4pris_y_0_4pris_x_0_4pitch_z_0_4pitch_y_0_1,"[False, False, False, False]","[-1, -1, -1, -1]",False,-1,-1,-1
56,"07/04/20, 23:52",roll_z_0_1pris_z_0_7pris_y_0_1pris_x_0_7pitch_x_0_4pitch_z_0_7,"[False, False, False, False]","[-1, -1, -1, -1]",False,-1,-1,-1
57,"07/04/20, 23:52",roll_z_0_1pitch_y_0_4roll_z_0_4pitch_y_0_7roll_z_0_1roll_y_0_1,"[True, True, True, True]","[1.652, 1.863, 2.682, 2.672]",True,2.22,0.19,0.005
58,"07/04/20, 23:52",roll_z_0_1pris_y_0_1pris_x_0_4roll_y_0_1pris_y_0_1roll_z_0_7,"[False, False, False, False]","[-1, -1, -1, -1]",False,-1,-1,-1
59,"07/04/20, 23:53",roll_z_0_1pris_y_0_1roll_z_0_7pris_y_0_1pitch_y_0_1pitch_y_0_4,"[False, False, False, False]","[-1, -1, -1, -1]",False,-1,-1,-1
60,"07/04/20, 23:53",roll_z_0_1roll_y_0_7pris_y_0_7pitch_y_0_7pris_y_0_1roll_x_0_4,"[False, False, False, False]","[-1, -1, -1, -1]",False,-1,-1,-1
61,"07/04/20, 23:53",roll_z_0_1pris_y_0_4roll_z_0_7pitch_y_0_7pris_z_0_4roll_z_0_1,"[False, False, False, False]","[-1, -1, -1, -1]",False,-1,-1,-1
62,"07/04/20, 23:53",roll_z_0_1pris_y_0_1pitch_x_0_1pitch_z_0_7pitch_y_0_7pitch_y_0_7,"[False, False, False, False]","[-1, -1, -1, -1]",False,-1,-1,-1
63,"07/04/20, 23:53",roll_z_0_1pitch_y_0_1pris_y_0_1pris_y_0_1pitch_x_0_4pitch_y_0_4,"[False, False, False, False]","[-1, -1, -1, -1]",False,-1,-1,-1
64,"07/04/20, 23:54",roll_z_0_1roll_y_0_4pitch_y_0_4pitch_y_0_4pris_x_0_7pitch_y_0_7,"[False, False, False, False]","[-1, -1, -1, -1]",False,-1,-1,-1
65,"07/04/20, 23:54",roll_z_0_1pitch_y_0_7pris_z_0_7pitch_z_0_7pitch_x_0_7roll_x_0_4,"[False, False, False, False]","[-1, -1, -1, -1]",False,-1,-1,-1
66,"07/04/20, 23:54",roll_z_0_1pitch_y_0_1pris_x_0_7pitch_z_0_1pris_z_0_7pris_y_0_1,"[False, False, False, False]","[-1, -1, -1, -1]",False,-1,-1,-1
67,"07/04/20, 23:54",roll_z_0_1pris_y_0_1pitch_x_0_4pris_y_0_1roll_x_0_7pris_y_0_4,"[False, False, False, False]","[-1, -1, -1, -1]",False,-1,-1,-1
68,"07/04/20, 23:54",roll_z_0_1pitch_y_0_1roll_x_0_7roll_y_0_7pris_y_0_1pitch_z_0_1,"[False, False, False, False]","[-1, -1, -1, -1]",False,-1,-1,-1
69,"07/04/20, 23:55",roll_z_0_1pris_y_0_1roll_z_0_1pitch_y_0_7pris_y_0_1roll_z_0_1,"[False, False, False, False]","[-1, -1, -1, -1]",False,-1,-1,-1
70,"07/04/20, 23:55",roll_z_0_1pris_y_0_4pris_y_0_4roll_z_0_4roll_y_0_7pris_z_0_1,"[False, False, False, False]","[-1, -1, -1, -1]",False,-1,-1,-1
71,"07/04/20, 23:55",roll_z_0_1pitch_y_0_4pitch_y_0_7roll_x_0_7pitch_y_0_4roll_z_0_7,"[True, True, True, True]","[2.899, 2.919, 2.596, 3.303]",True,2.93,0.176,0.005
72,"07/04/20, 23:55",roll_z_0_1pitch_y_0_4pris_y_0_4pitch_z_0_7roll_x_0_7pris_y_0_4,"[False, False, False, False]","[-1, -1, -1, -1]",False,-1,-1,-1
73,"07/04/20, 23:56",roll_z_0_1pitch_y_0_7pitch_y_0_1roll_x_0_1pris_y_0_1pitch_x_0_4,"[False, False, False, False]","[-1, -1, -1, -1]",False,-1,-1,-1
74,"07/04/20, 23:56",roll_z_0_1pitch_y_0_7roll_z_0_4pris_y_0_1pitch_y_0_1roll_y_0_7,"[False, False, False, False]","[-1, -1, -1, -1]",False,-1,-1,-1
75,"07/04/20, 23:56",roll_z_0_1roll_y_0_4pris_y_0_1pris_x_0_4roll_x_0_1pris_z_0_4,"[False, False, False, False]","[-1, -1, -1, -1]",False,-1,-1,-1
76,"07/04/20, 23:56",roll_z_0_1pitch_y_0_4pitch_z_0_4pitch_z_0_4pris_x_0_7pris_y_0_4,"[False, False, False, False]","[-1, -1, -1, -1]",False,-1,-1,-1
77,"07/04/20, 23:57",roll_z_0_1roll_y_0_4pitch_y_0_4pitch_y_0_1roll_y_0_7pris_z_0_1,"[False, False, False, False]","[-1, -1, -1, -1]",False,-1,-1,-1
78,"07/04/20, 23:57",roll_z_0_1pitch_y_0_1roll_z_0_4roll_y_0_7pitch_y_0_4roll_z_0_4,"[True, True, True, True]","[2.271, 2.248, 2.694, 2.667]",True,2.47,0.157,0.011
79,"07/04/20, 23:57",roll_z_0_1pris_y_0_7pris_x_0_1pitch_y_0_4pitch_y_0_4pris_x_0_4,"[False, False, False, False]","[-1, -1, -1, -1]",False,-1,-1,-1
80,"07/04/20, 23:57",roll_z_0_1pitch_y_0_1pitch_y_0_4pitch_x_0_1pitch_y_0_4roll_z_0_4,"[True, True, True, True]","[2.243, 1.924, 2.669, 1.859]",True,2.17,0.186,0.006
81,"07/04/20, 23:58",roll_z_0_1pitch_y_0_1pris_z_0_1pitch_x_0_1pitch_y_0_7pris_z_0_7,"[False, False, False, False]","[-1, -1, -1, -1]",False,-1,-1,-1
82,"07/04/20, 23:58",roll_z_0_1pris_z_0_7pitch_y_0_1pitch_y_0_7pris_z_0_7pris_y_0_4,"[False, False, False, False]","[-1, -1, -1, -1]",False,-1,-1,-1
83,"07/04/20, 23:58",roll_z_0_1pitch_y_0_1pitch_x_0_7pitch_y_0_1pitch_y_0_1roll_z_0_1,"[True, True, True, True]","[1.676, 1.864, 1.893, 2.051]",True,1.87,0.21,0.005
84,"07/04/20, 23:58",roll_z_0_1pris_z_0_1pris_y_0_7roll_z_0_7pris_y_0_1roll_x_0_1,"[False, False, False, False]","[-1, -1, -1, -1]",False,-1,-1,-1
85,"07/04/20, 23:58",roll_z_0_1pitch_y_0_4pris_z_0_7pitch_z_0_4pitch_z_0_4roll_y_0_4,"[False, False, False, False]","[-1, -1, -1, -1]",False,-1,-1,-1
86,"07/04/20, 23:59",roll_z_0_1pitch_y_0_1pris_z_0_7pitch_z_0_1pris_y_0_7pitch_x_0_7,"[False, False, False, False]","[-1, -1, -1, -1]",False,-1,-1,-1
87,"07/04/20, 23:59",roll_z_0_1pitch_y_0_1pitch_z_0_7pitch_x_0_7pitch_z_0_7pitch_z_0_4,"[True, False, False, False]","[-1, -1, -1, -1]",False,-1,-1,-1
88,"07/04/20, 23:59",roll_z_0_1pitch_y_0_1pris_x_0_7pris_y_0_4pitch_y_0_1pris_y_0_7,"[False, False, False, False]","[-1, -1, -1, -1]",False,-1,-1,-1
89,"07/04/20, 23:59",roll_z_0_1pitch_y_0_7pitch_y_0_4pitch_y_0_4pris_y_0_7pitch_z_0_1,"[False, False, False, False]","[-1, -1, -1, -1]",False,-1,-1,-1
90,"08/04/20, 00:00",roll_z_0_1pitch_y_0_4pitch_y_0_4pitch_x_0_4roll_y_0_7pitch_y_0_4,"[True, True, True, True]","[2.432, 2.665, 2.234, 2.907]",True,2.56,0.161,0.005
91,"08/04/20, 00:00",roll_z_0_1pris_z_0_1pitch_y_0_7pitch_z_0_1roll_x_0_7pris_y_0_1,"[False, False, False, False]","[-1, -1, -1, -1]",False,-1,-1,-1
92,"08/04/20, 00:00",roll_z_0_1pitch_y_0_4roll_z_0_1pris_y_0_1roll_y_0_4pris_y_0_4,"[False, False, False, False]","[-1, -1, -1, -1]",False,-1,-1,-1
93,"08/04/20, 00:00",roll_z_0_1pitch_y_0_4pitch_y_0_7roll_x_0_4pitch_y_0_4roll_y_0_4,"[True, True, False, False]","[-1, -1, -1, -1]",False,-1,-1,-1
94,"08/04/20, 00:01",roll_z_0_1pitch_y_0_1pitch_z_0_7pitch_x_0_1pitch_y_0_7pitch_x_0_4,"[True, True, True, True]","[3.486, 3.572, 3.481, 5.092]",True,3.91,0.211,0.004
95,"08/04/20, 00:01",roll_z_0_1pris_z_0_7pris_y_0_1roll_x_0_7pris_y_0_7pitch_x_0_1,"[False, False, False, False]","[-1, -1, -1, -1]",False,-1,-1,-1
96,"08/04/20, 00:01",roll_z_0_1pris_y_0_7pris_y_0_4pitch_y_0_1pitch_y_0_1pris_z_0_1,"[False, False, False, False]","[-1, -1, -1, -1]",False,-1,-1,-1
97,"08/04/20, 00:01",roll_z_0_1pitch_y_0_1pitch_x_0_4pris_x_0_4pitch_y_0_7pris_z_0_7,"[False, False, False, False]","[-1, -1, -1, -1]",False,-1,-1,-1
98,"08/04/20, 00:02",roll_z_0_1pitch_y_0_1pitch_y_0_4roll_x_0_4pris_y_0_4roll_y_0_1,"[False, False, False, False]","[-1, -1, -1, -1]",False,-1,-1,-1
99,"08/04/20, 00:02",roll_z_0_1pris_y_0_4roll_x_0_1pitch_y_0_7pitch_x_0_4pitch_y_0_1,"[False, False, False, False]","[-1, -1, -1, -1]",False,-1,-1,-1
100,"08/04/20, 00:02",roll_z_0_1pitch_y_0_4roll_x_0_1pris_y_0_7roll_y_0_4pris_y_0_1,"[False, False, False, False]","[-1, -1, -1, -1]",False,-1,-1,-1
