1,"02/04/20, 09:44",roll_z_0_1pitch_y_0_7pitch_y_0_4roll_y_0_1pitch_y_0_1pitch_y_0_7,"[True, True, True, True]","[2.25, 2.264, 2.443, 2.645]",True,2.4,0.178,0.012
1,"02/04/20, 09:46",roll_z_0_1pitch_y_0_4pitch_y_0_7roll_y_0_1pitch_y_0_1pitch_y_0_7,"[True, True, True, True]","[2.247, 2.244, 2.644, 2.464]",True,2.4,0.173,0.012
1,"02/04/20, 09:46",roll_z_0_1pitch_y_0_4roll_x_0_7pitch_y_0_1pitch_y_0_1pitch_x_0_7,"[True, False, False, False]","[-1, -1, -1, -1]",False,-1,-1,-1
1,"02/04/20, 09:48",roll_z_0_1pitch_y_0_4pitch_x_0_1pitch_y_0_7roll_y_0_7pitch_y_0_7,"[True, True, True, True]","[2.257, 2.444, 2.443, 2.645]",True,2.45,0.157,0.005
1,"02/04/20, 09:48",roll_z_0_1pitch_y_0_7pitch_y_0_7roll_x_0_1pitch_y_0_4pitch_y_0_1,"[True, True, False, False]","[-1, -1, -1, -1]",False,-1,-1,-1
1,"02/04/20, 09:49",roll_z_0_1pitch_y_0_7pitch_x_0_7roll_z_0_7pitch_y_0_4pitch_z_0_1,"[True, True, False, False]","[-1, -1, -1, -1]",False,-1,-1,-1
1,"02/04/20, 09:49",roll_z_0_1pitch_y_0_4pitch_y_0_1roll_x_0_7pitch_y_0_4pitch_x_0_7,"[True, True, False, False]","[-1, -1, -1, -1]",False,-1,-1,-1
1,"02/04/20, 09:50",roll_z_0_1pitch_y_0_7pitch_x_0_1pitch_x_0_7pitch_y_0_7roll_z_0_4,"[True, False, True, True]","[3.474, 3.261, 3.871, 3.447]",True,3.51,0.133,0.003
1,"02/04/20, 09:50",roll_z_0_1pitch_y_0_7pitch_y_0_7roll_x_0_1pitch_y_0_1pitch_x_0_4,"[True, False, False, False]","[-1, -1, -1, -1]",False,-1,-1,-1
1,"02/04/20, 09:50",roll_z_0_1pitch_y_0_4roll_y_0_7pitch_y_0_7pitch_y_0_1pitch_x_0_4,"[True, True, True, True]","[1.826, 1.643, 3.248, 2.844]",True,2.39,0.101,0.001
1,"02/04/20, 09:51",roll_z_0_1pitch_y_0_7pitch_x_0_1pitch_y_0_7pitch_x_0_4roll_z_0_7,"[True, True, True, False]","[-1, -1, -1, -1]",False,-1,-1,-1
1,"02/04/20, 09:51",roll_z_0_1pitch_y_0_4pitch_x_0_1pitch_y_0_7pitch_y_0_4roll_y_0_7,"[True, True, True, True]","[2.227, 2.242, 2.662, 1.839]",True,2.24,0.175,0.012
1,"02/04/20, 09:51",roll_z_0_1pitch_y_0_1roll_z_0_7pitch_y_0_7pitch_y_0_4pitch_x_0_4,"[True, True, True, True]","[1.628, 1.662, 2.442, 2.643]",True,2.09,0.16,0.012
1,"02/04/20, 09:52",roll_z_0_1pitch_y_0_1pitch_x_0_4roll_z_0_7pitch_y_0_4pitch_y_0_7,"[True, True, True, True]","[2.258, 2.442, 2.642, 2.036]",True,2.34,0.19,0.005
2,"02/04/20, 09:52",roll_z_0_1roll_y_0_7pitch_y_0_7pitch_z_0_4pitch_y_0_7pitch_z_0_1,"[True, True, True, True]","[1.846, 1.834, 1.834, 2.036]",True,1.89,0.189,0.005
1,"02/04/20, 09:53",roll_z_0_1pitch_y_0_1roll_z_0_7pitch_y_0_4roll_z_0_7pitch_y_0_7,"[True, True, True, True]","[1.64, 2.464, 3.464, 11.682]",True,4.81,0.118,0.004
2,"02/04/20, 09:53",roll_z_0_1pitch_y_0_7pitch_z_0_7pitch_z_0_7pitch_y_0_1roll_y_0_4,"[True, True, True, True]","[2.249, 2.463, 1.854, 2.443]",True,2.25,0.218,0.004
3,"02/04/20, 09:53",roll_z_0_1pitch_y_0_7pitch_y_0_7roll_z_0_1pitch_y_0_4pitch_x_0_1,"[True, True, True, True]","[2.225, 2.462, 1.846, 2.444]",True,2.24,0.185,0.004
1,"02/04/20, 09:54",roll_z_0_1pitch_y_0_1pitch_y_0_4pitch_z_0_4roll_x_0_7pitch_y_0_7,"[True, True, True, True]","[3.047, 2.242, 2.234, 5.446]",True,3.24,0.083,0.006
1,"02/04/20, 09:54",roll_z_0_1pitch_y_0_4pitch_z_0_4pitch_y_0_7pitch_z_0_7roll_x_0_7,"[True, True, True, True]","[2.231, 2.442, 2.441, 2.442]",True,2.39,0.221,0.004
1,"02/04/20, 09:54",roll_z_0_1pitch_y_0_4pitch_z_0_4pitch_y_0_7pitch_x_0_7roll_x_0_7,"[True, False, False, False]","[-1, -1, -1, -1]",False,-1,-1,-1
1,"02/04/20, 09:55",roll_z_0_1pitch_y_0_4pitch_x_0_4pitch_z_0_7roll_z_0_7roll_y_0_7,"[True, True, True, True]","[2.423, 2.242, 2.662, 2.443]",True,2.44,0.197,0.012
2,"02/04/20, 09:55",roll_z_0_1pitch_y_0_7pitch_x_0_7pitch_x_0_4pitch_y_0_7roll_x_0_1,"[True, True, True, True]","[2.225, 1.837, 2.445, 2.642]",True,2.29,0.165,0.005
1,"02/04/20, 09:55",roll_z_0_1pitch_y_0_4pitch_y_0_1pitch_z_0_7pitch_y_0_4roll_y_0_7,"[True, True, True, True]","[2.241, 2.241, 2.644, 2.442]",True,2.39,0.198,0.008
1,"02/04/20, 09:56",roll_z_0_1roll_y_0_7pitch_y_0_7pitch_x_0_1pitch_y_0_7pitch_z_0_4,"[True, True, True, False]","[-1, -1, -1, -1]",False,-1,-1,-1
1,"02/04/20, 09:56",roll_z_0_1pitch_y_0_7pitch_y_0_7pitch_z_0_1roll_x_0_4pitch_y_0_1,"[True, True, True, True]","[2.242, 2.262, 1.839, 2.663]",True,2.25,0.177,0.011
2,"02/04/20, 09:56",roll_z_0_1roll_y_0_4pitch_y_0_7pitch_z_0_7pitch_x_0_7pitch_z_0_1,"[True, True, True, True]","[2.258, 2.462, 2.445, 2.662]",True,2.46,0.173,0.004
1,"02/04/20, 09:57",roll_z_0_1pitch_y_0_7pitch_x_0_7pitch_y_0_4roll_z_0_7roll_y_0_4,"[True, True, True, False]","[-1, -1, -1, -1]",False,-1,-1,-1
1,"02/04/20, 09:57",roll_z_0_1pitch_y_0_7pitch_y_0_1pitch_x_0_1roll_z_0_7pitch_y_0_4,"[True, True, True, True]","[2.256, 2.464, 2.462, 2.642]",True,2.46,0.16,0.005
1,"02/04/20, 09:57",roll_z_0_1pitch_y_0_1pitch_z_0_4roll_x_0_7pitch_y_0_4pitch_y_0_7,"[True, True, True, True]","[1.622, 1.64, 2.642, 2.623]",True,2.13,0.166,0.01
1,"02/04/20, 09:58",roll_z_0_1pitch_y_0_7pitch_z_0_4pitch_y_0_7roll_y_0_1pitch_y_0_7,"[True, True, True, True]","[2.275, 2.465, 2.441, 2.623]",True,2.45,0.167,0.005
2,"02/04/20, 09:58",roll_z_0_1roll_y_0_7pitch_y_0_1pitch_x_0_7pitch_x_0_7roll_z_0_4,"[True, True, False, True]","[2.84, 2.041, 6.341, 4.07]",True,3.82,0.091,0.003
1,"02/04/20, 09:59",roll_z_0_1pitch_y_0_7pitch_y_0_1pitch_x_0_7pitch_z_0_1roll_z_0_4,"[True, True, True, True]","[2.244, 2.242, 2.442, 2.662]",True,2.4,0.172,0.012
1,"02/04/20, 09:59",roll_z_0_1pitch_y_0_4roll_y_0_1pitch_y_0_7pitch_x_0_7pitch_x_0_7,"[True, True, True, False]","[-1, -1, -1, -1]",False,-1,-1,-1
1,"02/04/20, 09:59",roll_z_0_1pitch_y_0_7pitch_z_0_4pitch_z_0_1pitch_x_0_7roll_z_0_7,"[True, True, True, True]","[2.237, 2.443, 2.443, 2.642]",True,2.44,0.155,0.004
1,"02/04/20, 10:00",roll_z_0_1roll_y_0_7pitch_y_0_4pitch_x_0_7pitch_x_0_7pitch_x_0_4,"[True, True, True, False]","[-1, -1, -1, -1]",False,-1,-1,-1
1,"02/04/20, 10:00",roll_z_0_1pitch_y_0_4roll_y_0_1pitch_y_0_7pitch_x_0_7roll_z_0_7,"[True, True, True, False]","[-1, -1, -1, -1]",False,-1,-1,-1
2,"02/04/20, 10:00",roll_z_0_1pitch_y_0_7roll_y_0_7pitch_y_0_4pitch_x_0_4pitch_x_0_7,"[True, True, False, False]","[-1, -1, -1, -1]",False,-1,-1,-1
1,"02/04/20, 10:01",roll_z_0_1pitch_y_0_7pitch_y_0_1pitch_x_0_4roll_x_0_7pitch_y_0_4,"[True, True, True, True]","[3.453, 2.643, 2.663, 2.858]",True,2.9,0.023,0.007
1,"02/04/20, 10:01",roll_z_0_1pitch_y_0_7pitch_z_0_4pitch_y_0_4pitch_y_0_7roll_y_0_1,"[True, True, True, True]","[1.637, 1.84, 2.462, 2.664]",True,2.15,0.164,0.005
1,"02/04/20, 10:02",roll_z_0_1pitch_y_0_7pitch_z_0_4roll_y_0_7roll_y_0_4pitch_y_0_7,"[True, True, True, True]","[2.234, 2.442, 2.642, 2.644]",True,2.49,0.165,0.005
1,"02/04/20, 10:02",roll_z_0_1pitch_y_0_7pitch_y_0_7pitch_x_0_1pitch_y_0_4roll_z_0_4,"[True, True, True, True]","[2.271, 2.242, 2.462, 2.643]",True,2.4,0.204,0.004
2,"02/04/20, 10:02",roll_z_0_1pitch_y_0_7roll_z_0_7pitch_y_0_7pitch_x_0_4pitch_z_0_4,"[True, True, True, True]","[2.231, 1.635, 2.623, 2.663]",True,2.29,0.186,0.004
1,"02/04/20, 10:03",roll_z_0_1roll_y_0_1pitch_y_0_7pitch_z_0_7pitch_z_0_4roll_z_0_7,"[True, True, True, True]","[2.256, 2.442, 2.461, 2.422]",True,2.4,0.213,0.004
2,"02/04/20, 10:03",roll_z_0_1pitch_y_0_7roll_y_0_7pitch_y_0_1pitch_x_0_4pitch_x_0_7,"[True, True, True, True]","[3.662, 2.641, 3.483, 2.461]",True,3.06,0.141,0.01
1,"02/04/20, 10:03",roll_z_0_1roll_y_0_4pitch_y_0_7pitch_y_0_7pitch_x_0_1pitch_y_0_1,"[True, True, True, True]","[1.623, 1.618, 2.422, 2.037]",True,1.92,0.177,0.005
1,"02/04/20, 10:04",roll_z_0_1pitch_y_0_1roll_x_0_7pitch_y_0_1pitch_y_0_7pitch_z_0_4,"[True, False, False, True]","[-1, -1, -1, -1]",False,-1,-1,-1
1,"02/04/20, 10:04",roll_z_0_1pitch_y_0_1pitch_y_0_7pitch_x_0_7pitch_x_0_4roll_z_0_1,"[True, True, True, True]","[2.255, 2.422, 2.422, 1.849]",True,2.24,0.178,0.005
1,"02/04/20, 10:04",roll_z_0_1roll_y_0_7pitch_y_0_7pitch_z_0_4pitch_y_0_1pitch_z_0_7,"[True, True, True, True]","[1.835, 1.621, 2.422, 2.622]",True,2.12,0.162,0.012
1,"02/04/20, 10:05",roll_z_0_1pitch_y_0_7roll_y_0_7pitch_y_0_7pitch_z_0_4pitch_z_0_1,"[True, True, True, True]","[1.632, 1.644, 2.422, 2.622]",True,2.08,0.162,0.012
1,"02/04/20, 10:05",roll_z_0_1pitch_y_0_1pitch_x_0_7roll_y_0_7roll_y_0_4pitch_y_0_7,"[True, True, True, True]","[2.249, 2.442, 2.442, 2.052]",True,2.3,0.173,0.005
1,"02/04/20, 10:06",roll_z_0_1roll_y_0_4pitch_y_0_7pitch_y_0_1pitch_z_0_4pitch_x_0_7,"[True, True, True, True]","[2.228, 2.443, 2.641, 2.462]",True,2.44,0.19,0.006
2,"02/04/20, 10:06",roll_z_0_1pitch_y_0_4pitch_x_0_7pitch_z_0_7pitch_z_0_7roll_y_0_1,"[True, True, True, True]","[2.237, 1.635, 2.642, 2.443]",True,2.24,0.209,0.008
1,"02/04/20, 10:06",roll_z_0_1pitch_y_0_1pitch_y_0_7pitch_x_0_7pitch_y_0_1roll_y_0_4,"[True, True, True, True]","[2.229, 2.242, 2.443, 1.836]",True,2.19,0.221,0.014
1,"02/04/20, 10:07",roll_z_0_1pitch_y_0_7roll_z_0_7roll_y_0_4pitch_y_0_7pitch_x_0_1,"[True, True, True, False]","[-1, -1, -1, -1]",False,-1,-1,-1
1,"02/04/20, 10:07",roll_z_0_1pitch_y_0_7pitch_y_0_4pitch_z_0_1pitch_z_0_7roll_y_0_4,"[True, True, True, True]","[2.229, 2.442, 2.642, 2.462]",True,2.44,0.202,0.005
1,"02/04/20, 10:07",roll_z_0_1pitch_y_0_7roll_z_0_7pitch_y_0_4pitch_z_0_4pitch_z_0_7,"[True, True, True, False]","[-1, -1, -1, -1]",False,-1,-1,-1
1,"02/04/20, 10:08",roll_z_0_1roll_y_0_4pitch_y_0_7pitch_x_0_7pitch_x_0_1pitch_x_0_7,"[True, True, False, True]","[2.454, 2.241, 3.864, 2.641]",True,2.8,0.456,0.003
2,"02/04/20, 10:08",roll_z_0_1pitch_y_0_7pitch_z_0_1pitch_x_0_7roll_z_0_4roll_y_0_7,"[True, True, False, False]","[-1, -1, -1, -1]",False,-1,-1,-1
1,"02/04/20, 10:08",roll_z_0_1roll_y_0_7pitch_y_0_7pitch_z_0_1roll_y_0_4pitch_y_0_7,"[False, False, False, False]","[-1, -1, -1, -1]",False,-1,-1,-1
1,"02/04/20, 10:09",roll_z_0_1roll_y_0_4pitch_y_0_7pitch_x_0_7pitch_y_0_1pitch_x_0_7,"[True, True, True, True]","[1.84, 2.242, 2.643, 1.836]",True,2.14,0.188,0.008
1,"02/04/20, 10:09",roll_z_0_1pitch_y_0_1pitch_y_0_7roll_x_0_4pitch_y_0_7pitch_z_0_4,"[True, True, True, True]","[3.481, 2.644, 5.089, 2.461]",True,3.42,0.2,0.004
1,"02/04/20, 10:10",roll_z_0_1pitch_y_0_7pitch_x_0_7roll_y_0_4pitch_y_0_4roll_y_0_7,"[True, True, True, True]","[1.636, 2.442, 2.443, 2.441]",True,2.24,0.18,0.006
1,"02/04/20, 10:10",roll_z_0_1pitch_y_0_7pitch_z_0_7pitch_y_0_7pitch_x_0_1roll_x_0_4,"[True, True, True, True]","[2.241, 2.243, 2.042, 2.443]",True,2.24,0.189,0.011
1,"02/04/20, 10:10",roll_z_0_1pitch_y_0_4pitch_z_0_7roll_y_0_7pitch_y_0_4pitch_z_0_7,"[True, True, True, True]","[2.24, 2.263, 2.048, 2.446]",True,2.25,0.189,0.012
1,"02/04/20, 10:11",roll_z_0_1pitch_y_0_7pitch_x_0_7roll_x_0_1roll_y_0_4pitch_y_0_7,"[True, True, False, False]","[-1, -1, -1, -1]",False,-1,-1,-1
2,"02/04/20, 10:11",roll_z_0_1pitch_y_0_4roll_z_0_1pitch_y_0_7pitch_y_0_7pitch_x_0_1,"[True, True, True, True]","[2.249, 2.243, 2.441, 2.624]",True,2.39,0.169,0.012
1,"02/04/20, 10:11",roll_z_0_1pitch_y_0_1roll_z_0_7pitch_y_0_4pitch_x_0_7pitch_y_0_7,"[True, True, False, True]","[2.255, 1.639, 3.663, 2.232]",True,2.45,0.427,0.011
1,"02/04/20, 10:12",roll_z_0_1pitch_y_0_1pitch_y_0_7pitch_z_0_4pitch_x_0_1roll_y_0_7,"[True, True, True, True]","[2.26, 2.444, 2.644, 2.446]",True,2.45,0.183,0.005
1,"02/04/20, 10:12",roll_z_0_1pitch_y_0_1pitch_y_0_7roll_z_0_4pitch_y_0_1pitch_y_0_7,"[True, True, True, True]","[2.24, 2.466, 2.644, 2.443]",True,2.45,0.205,0.006
1,"02/04/20, 10:13",roll_z_0_1pitch_y_0_4roll_y_0_7pitch_y_0_1roll_x_0_7pitch_y_0_7,"[True, True, True, True]","[2.838, 1.448, 2.246, 4.487]",True,2.75,0.165,0.009
1,"02/04/20, 10:13",roll_z_0_1roll_y_0_7pitch_y_0_7roll_x_0_4pitch_y_0_7pitch_z_0_4,"[True, True, False, True]","[1.628, 1.638, 1.488, 2.06]",True,1.7,0.301,0.014
1,"02/04/20, 10:13",roll_z_0_1pitch_y_0_7pitch_y_0_4pitch_z_0_7pitch_x_0_1roll_z_0_4,"[True, True, True, True]","[2.239, 2.244, 2.644, 2.667]",True,2.45,0.168,0.011
1,"02/04/20, 10:14",roll_z_0_1pitch_y_0_7pitch_z_0_4pitch_y_0_1pitch_x_0_7roll_y_0_7,"[True, True, True, True]","[3.672, 2.444, 2.644, 2.845]",True,2.9,0.033,0.001
1,"02/04/20, 10:14",roll_z_0_1pitch_y_0_1pitch_y_0_1pitch_x_0_7pitch_y_0_4roll_x_0_7,"[False, False, False, False]","[-1, -1, -1, -1]",False,-1,-1,-1
1,"02/04/20, 10:15",roll_z_0_1roll_y_0_1pitch_y_0_7pitch_x_0_7pitch_y_0_4pitch_y_0_1,"[True, True, False, True]","[2.24, 2.244, 2.194, 5.681]",True,3.09,0.242,0.009
2,"02/04/20, 10:15",roll_z_0_1pitch_y_0_7pitch_x_0_7pitch_y_0_7roll_y_0_1roll_y_0_4,"[True, True, True, True]","[2.232, 1.638, 2.444, 2.645]",True,2.24,0.169,0.011
1,"02/04/20, 10:15",roll_z_0_1pitch_y_0_4pitch_z_0_7roll_z_0_1pitch_y_0_7pitch_z_0_7,"[True, True, True, True]","[2.226, 2.464, 2.645, 2.644]",True,2.49,0.193,0.005
2,"02/04/20, 10:15",roll_z_0_1pitch_y_0_7pitch_x_0_1pitch_y_0_1pitch_y_0_4roll_z_0_7,"[True, True, True, True]","[2.236, 2.243, 2.645, 2.466]",True,2.4,0.193,0.01
1,"02/04/20, 10:16",roll_z_0_1roll_y_0_7pitch_y_0_1pitch_y_0_1pitch_x_0_7pitch_y_0_4,"[True, True, True, False]","[-1, -1, -1, -1]",False,-1,-1,-1
1,"02/04/20, 10:16",roll_z_0_1roll_y_0_1pitch_y_0_4roll_z_0_7pitch_y_0_7pitch_x_0_7,"[True, True, True, True]","[2.228, 2.444, 2.645, 2.666]",True,2.5,0.174,0.005
1,"02/04/20, 10:17",roll_z_0_1pitch_y_0_7roll_z_0_7pitch_y_0_4pitch_z_0_7roll_z_0_1,"[True, True, True, False]","[-1, -1, -1, -1]",False,-1,-1,-1
1,"02/04/20, 10:17",roll_z_0_1pitch_y_0_7pitch_x_0_4pitch_y_0_7pitch_x_0_1roll_y_0_7,"[True, True, True, True]","[2.239, 1.639, 2.664, 2.444]",True,2.25,0.177,0.013
1,"02/04/20, 10:17",roll_z_0_1pitch_y_0_7pitch_x_0_7pitch_z_0_7roll_z_0_1roll_y_0_4,"[True, True, True, True]","[2.429, 2.243, 2.444, 2.443]",True,2.39,0.159,0.011
1,"02/04/20, 10:18",roll_z_0_1pitch_y_0_7roll_y_0_1pitch_y_0_4roll_z_0_7pitch_y_0_7,"[True, True, True, False]","[-1, -1, -1, -1]",False,-1,-1,-1
1,"02/04/20, 10:18",roll_z_0_1pitch_y_0_7pitch_x_0_1pitch_y_0_4pitch_y_0_7roll_z_0_1,"[True, True, True, True]","[2.283, 2.244, 2.444, 2.644]",True,2.4,0.146,0.011
1,"02/04/20, 10:19",roll_z_0_1pitch_y_0_7pitch_z_0_7pitch_y_0_1pitch_y_0_1roll_x_0_4,"[True, True, True, True]","[2.225, 2.244, 2.644, 2.645]",True,2.44,0.185,0.011
1,"02/04/20, 10:19",roll_z_0_1pitch_y_0_7roll_x_0_4pitch_y_0_7pitch_x_0_7roll_x_0_1,"[True, True, True, True]","[2.227, 2.464, 2.644, 2.645]",True,2.5,0.174,0.005
2,"02/04/20, 10:19",roll_z_0_1pitch_y_0_7pitch_x_0_1pitch_y_0_7roll_x_0_7pitch_y_0_4,"[True, True, True, False]","[-1, -1, -1, -1]",False,-1,-1,-1
1,"02/04/20, 10:20",roll_z_0_1pitch_y_0_1roll_y_0_7pitch_y_0_7pitch_z_0_4roll_y_0_7,"[True, True, True, True]","[1.632, 2.445, 1.841, 2.044]",True,1.99,0.157,0.005
2,"02/04/20, 10:20",roll_z_0_1pitch_y_0_7pitch_y_0_4pitch_z_0_7pitch_y_0_4roll_z_0_1,"[True, True, True, True]","[2.239, 2.443, 2.644, 2.644]",True,2.49,0.19,0.004
1,"02/04/20, 10:20",roll_z_0_1pitch_y_0_7pitch_z_0_7pitch_x_0_4roll_z_0_7pitch_y_0_4,"[True, True, True, True]","[2.458, 2.444, 1.84, 2.625]",True,2.34,0.157,0.005
2,"02/04/20, 10:20",roll_z_0_1pitch_y_0_1pitch_y_0_4pitch_z_0_1pitch_z_0_7roll_y_0_7,"[True, True, True, True]","[2.237, 2.244, 2.444, 2.291]",True,2.3,0.209,0.013
1,"02/04/20, 10:21",roll_z_0_1pitch_y_0_7pitch_z_0_7pitch_y_0_7pitch_z_0_4roll_x_0_1,"[True, True, True, True]","[2.438, 2.243, 2.036, 2.444]",True,2.29,0.169,0.011
1,"02/04/20, 10:21",roll_z_0_1pitch_y_0_4pitch_x_0_7roll_y_0_1pitch_y_0_7roll_z_0_7,"[True, False, False, True]","[-1, -1, -1, -1]",False,-1,-1,-1
1,"02/04/20, 10:22",roll_z_0_1pitch_y_0_1pitch_z_0_7pitch_z_0_7roll_z_0_7pitch_y_0_4,"[True, True, True, True]","[2.233, 2.444, 2.667, 2.643]",True,2.5,0.162,0.006
1,"02/04/20, 10:22",roll_z_0_1pitch_y_0_4pitch_x_0_7pitch_z_0_7pitch_y_0_1roll_z_0_7,"[True, True, True, True]","[2.223, 2.445, 2.466, 2.444]",True,2.39,0.178,0.004
1,"02/04/20, 10:22",roll_z_0_1roll_y_0_7pitch_y_0_7pitch_x_0_1pitch_z_0_7roll_z_0_4,"[True, True, False, True]","[3.453, 3.044, 3.281, 6.456]",True,4.06,0.158,0.004
1,"02/04/20, 10:23",roll_z_0_1pitch_y_0_4pitch_z_0_4pitch_y_0_1pitch_y_0_7roll_z_0_7,"[True, True, True, True]","[1.624, 1.638, 2.625, 2.444]",True,2.08,0.191,0.013
1,"02/04/20, 10:23",roll_z_0_1pitch_y_0_1pitch_y_0_1roll_z_0_7pitch_y_0_7pitch_z_0_4,"[True, True, False, True]","[2.238, 2.465, 3.08, 2.631]",True,2.6,0.267,0.002
1,"02/04/20, 10:24",roll_z_0_1roll_y_0_7pitch_y_0_4pitch_y_0_1pitch_x_0_7pitch_x_0_1,"[True, False, True, True]","[1.837, 3.659, 3.854, 4.271]",True,3.41,0.031,0.012
1,"02/04/20, 10:24",roll_z_0_1pitch_y_0_4roll_z_0_4pitch_y_0_7pitch_z_0_7pitch_y_0_7,"[True, True, True, True]","[2.223, 2.263, 2.644, 2.644]",True,2.44,0.202,0.006
1,"02/04/20, 10:24",roll_z_0_1pitch_y_0_7pitch_z_0_7roll_x_0_4pitch_y_0_7pitch_z_0_4,"[True, True, False, False]","[-1, -1, -1, -1]",False,-1,-1,-1
1,"02/04/20, 10:25",roll_z_0_1pitch_y_0_7pitch_y_0_1roll_y_0_4pitch_y_0_7pitch_x_0_1,"[True, True, True, True]","[2.227, 2.444, 4.267, 2.243]",True,2.8,0.054,0.009
1,"02/04/20, 10:25",roll_z_0_1pitch_y_0_7pitch_x_0_4pitch_y_0_7pitch_y_0_1roll_z_0_4,"[True, True, True, True]","[1.638, 1.648, 2.644, 2.446]",True,2.09,0.187,0.013
1,"02/04/20, 10:26",roll_z_0_1pitch_y_0_1pitch_y_0_7roll_x_0_7pitch_y_0_1pitch_y_0_4,"[True, True, True, True]","[3.46, 2.043, 3.044, 2.865]",True,2.85,0.162,0.007
1,"02/04/20, 10:26",roll_z_0_1pitch_y_0_4roll_y_0_7pitch_y_0_1pitch_y_0_1pitch_z_0_7,"[True, True, True, True]","[2.246, 2.243, 2.466, 2.644]",True,2.4,0.16,0.012
2,"02/04/20, 10:26",roll_z_0_1pitch_y_0_7pitch_x_0_7roll_y_0_4pitch_y_0_1pitch_z_0_7,"[True, False, False, False]","[-1, -1, -1, -1]",False,-1,-1,-1
1,"02/04/20, 10:27",roll_z_0_1pitch_y_0_7pitch_x_0_1roll_z_0_7pitch_y_0_4pitch_y_0_4,"[True, False, True, True]","[3.075, 1.657, 2.661, 5.89]",True,3.32,0.128,0.007
1,"02/04/20, 10:27",roll_z_0_1pitch_y_0_7pitch_z_0_4pitch_x_0_7roll_y_0_7roll_y_0_4,"[True, True, True, True]","[2.241, 2.043, 2.644, 2.644]",True,2.39,0.166,0.011
1,"02/04/20, 10:27",roll_z_0_1pitch_y_0_7pitch_x_0_4roll_z_0_1pitch_y_0_4pitch_y_0_7,"[True, True, True, True]","[2.226, 2.465, 2.664, 2.644]",True,2.5,0.178,0.006
1,"02/04/20, 10:28",roll_z_0_1pitch_y_0_7pitch_z_0_4roll_y_0_7pitch_y_0_1pitch_x_0_7,"[True, True, True, True]","[2.223, 2.264, 2.664, 2.444]",True,2.4,0.186,0.013
2,"02/04/20, 10:28",roll_z_0_1pitch_y_0_7pitch_x_0_4pitch_z_0_7roll_y_0_4roll_y_0_7,"[True, True, True, True]","[2.252, 2.243, 2.444, 2.665]",True,2.4,0.183,0.013
1,"02/04/20, 10:28",roll_z_0_1pitch_y_0_7pitch_x_0_7pitch_y_0_1pitch_y_0_1roll_z_0_4,"[True, True, True, True]","[2.225, 1.843, 2.645, 2.445]",True,2.29,0.208,0.006
1,"02/04/20, 10:29",roll_z_0_1roll_y_0_4roll_y_0_7pitch_y_0_7pitch_x_0_4pitch_x_0_7,"[True, True, True, True]","[1.625, 1.838, 2.467, 2.645]",True,2.14,0.159,0.005
1,"02/04/20, 10:29",roll_z_0_1pitch_y_0_1pitch_y_0_7roll_z_0_7pitch_y_0_4pitch_x_0_4,"[True, True, True, True]","[2.242, 2.244, 2.665, 2.645]",True,2.45,0.187,0.011
1,"02/04/20, 10:30",roll_z_0_1roll_y_0_7pitch_y_0_7pitch_x_0_7pitch_x_0_4roll_x_0_1,"[True, True, True, True]","[1.835, 2.444, 2.446, 2.645]",True,2.34,0.154,0.005
1,"02/04/20, 10:30",roll_z_0_1roll_y_0_1pitch_y_0_7pitch_z_0_4pitch_y_0_7pitch_z_0_7,"[True, True, True, True]","[2.226, 2.447, 2.443, 2.644]",True,2.44,0.163,0.005
1,"02/04/20, 10:30",roll_z_0_1roll_y_0_7pitch_y_0_1pitch_y_0_4pitch_x_0_1pitch_z_0_7,"[True, False, False, False]","[-1, -1, -1, -1]",False,-1,-1,-1
1,"02/04/20, 10:31",roll_z_0_1pitch_y_0_7pitch_y_0_1pitch_z_0_1pitch_x_0_4roll_x_0_7,"[False, False, False, False]","[-1, -1, -1, -1]",False,-1,-1,-1
1,"02/04/20, 10:31",roll_z_0_1pitch_y_0_4pitch_z_0_7pitch_z_0_7pitch_x_0_7roll_y_0_1,"[True, True, True, True]","[2.234, 2.444, 2.056, 2.644]",True,2.34,0.175,0.006
1,"02/04/20, 10:31",roll_z_0_1pitch_y_0_1pitch_y_0_7roll_y_0_4pitch_y_0_4pitch_y_0_7,"[True, False, True, True]","[2.226, 3.461, 2.652, 2.644]",True,2.75,0.167,0.005
1,"02/04/20, 10:32",roll_z_0_1roll_y_0_7roll_y_0_7pitch_y_0_4pitch_x_0_1pitch_x_0_7,"[True, False, False, False]","[-1, -1, -1, -1]",False,-1,-1,-1
1,"02/04/20, 10:32",roll_z_0_1pitch_y_0_1pitch_y_0_4pitch_z_0_7pitch_x_0_4roll_y_0_7,"[True, True, True, True]","[1.633, 1.637, 2.444, 1.642]",True,1.84,0.158,0.011
1,"02/04/20, 10:32",roll_z_0_1roll_y_0_1pitch_y_0_1pitch_x_0_4pitch_y_0_7pitch_y_0_7,"[True, False, False, False]","[-1, -1, -1, -1]",False,-1,-1,-1
1,"02/04/20, 10:33",roll_z_0_1pitch_y_0_1pitch_y_0_4pitch_z_0_7roll_x_0_4pitch_y_0_7,"[True, True, False, False]","[-1, -1, -1, -1]",False,-1,-1,-1
1,"02/04/20, 10:33",roll_z_0_1pitch_y_0_4pitch_x_0_1pitch_y_0_7roll_x_0_7roll_y_0_7,"[True, True, True, True]","[2.23, 2.246, 2.644, 2.446]",True,2.39,0.194,0.006
1,"02/04/20, 10:34",roll_z_0_1pitch_y_0_1pitch_y_0_7pitch_x_0_7pitch_x_0_1roll_y_0_4,"[True, True, True, True]","[2.241, 2.243, 2.464, 1.838]",True,2.2,0.183,0.014
1,"02/04/20, 10:34",roll_z_0_1roll_y_0_1pitch_y_0_4pitch_z_0_7pitch_y_0_7roll_y_0_7,"[True, True, True, True]","[2.237, 2.465, 2.035, 2.444]",True,2.3,0.195,0.006
1,"02/04/20, 10:35",roll_z_0_1pitch_y_0_7pitch_z_0_7pitch_z_0_4pitch_y_0_7roll_z_0_4,"[True, True, True, True]","[2.226, 2.244, 2.644, 2.646]",True,2.44,0.189,0.011
2,"02/04/20, 10:35",roll_z_0_1pitch_y_0_1pitch_x_0_7roll_z_0_7pitch_y_0_7roll_z_0_4,"[True, True, True, True]","[2.243, 2.444, 2.644, 2.644]",True,2.49,0.186,0.005
1,"02/04/20, 10:35",roll_z_0_1roll_y_0_7pitch_y_0_4pitch_x_0_1pitch_z_0_7roll_x_0_7,"[True, True, True, True]","[1.822, 2.444, 2.644, 2.464]",True,2.34,0.192,0.006
1,"02/04/20, 10:36",roll_z_0_1pitch_y_0_1pitch_x_0_7roll_x_0_7pitch_y_0_7pitch_z_0_4,"[True, True, True, True]","[4.878, 2.662, 2.665, 3.649]",True,3.46,0.027,0.003
1,"02/04/20, 10:36",roll_z_0_1pitch_y_0_4roll_x_0_7pitch_y_0_4pitch_z_0_7pitch_z_0_7,"[True, True, True, True]","[7.09, 2.463, 2.464, 2.443]",True,3.62,0.164,0.012
1,"02/04/20, 10:37",roll_z_0_1pitch_y_0_1roll_x_0_7pitch_y_0_7roll_y_0_4pitch_y_0_7,"[True, False, True, True]","[4.049, 3.262, 2.229, 6.113]",True,3.91,0.029,0.002
1,"02/04/20, 10:37",roll_z_0_1pitch_y_0_7pitch_z_0_1roll_y_0_7pitch_y_0_7pitch_z_0_4,"[True, True, True, False]","[-1, -1, -1, -1]",False,-1,-1,-1
1,"02/04/20, 10:37",roll_z_0_1pitch_y_0_4roll_z_0_7pitch_y_0_4roll_z_0_7pitch_y_0_7,"[True, True, True, False]","[-1, -1, -1, -1]",False,-1,-1,-1
1,"02/04/20, 10:38",roll_z_0_1pitch_y_0_7pitch_z_0_7pitch_y_0_4pitch_x_0_7roll_y_0_1,"[True, True, True, True]","[2.439, 2.246, 1.839, 2.667]",True,2.3,0.169,0.012
1,"02/04/20, 10:38",roll_z_0_1roll_y_0_7pitch_y_0_4roll_y_0_7pitch_y_0_1pitch_x_0_7,"[True, False, False, True]","[-1, -1, -1, -1]",False,-1,-1,-1
1,"02/04/20, 10:38",roll_z_0_1roll_y_0_7pitch_y_0_4pitch_x_0_7pitch_z_0_7pitch_x_0_4,"[True, True, True, False]","[-1, -1, -1, -1]",False,-1,-1,-1
1,"02/04/20, 10:39",roll_z_0_1roll_y_0_7pitch_y_0_4pitch_y_0_4pitch_z_0_7pitch_x_0_1,"[True, True, True, True]","[2.256, 1.836, 2.667, 2.645]",True,2.35,0.19,0.005
1,"02/04/20, 10:39",roll_z_0_1pitch_y_0_1pitch_x_0_7pitch_x_0_7pitch_x_0_4roll_y_0_7,"[True, True, True, True]","[2.225, 2.245, 2.463, 2.053]",True,2.25,0.171,0.012
1,"02/04/20, 10:40",roll_z_0_1pitch_y_0_7pitch_x_0_4pitch_z_0_7pitch_y_0_7roll_x_0_1,"[True, True, True, True]","[2.225, 1.84, 2.464, 2.464]",True,2.25,0.176,0.004
1,"02/04/20, 10:40",roll_z_0_1pitch_y_0_7pitch_x_0_7pitch_x_0_4pitch_z_0_4roll_y_0_7,"[True, True, True, False]","[-1, -1, -1, -1]",False,-1,-1,-1
2,"02/04/20, 10:40",roll_z_0_1pitch_y_0_1pitch_z_0_4pitch_y_0_7pitch_y_0_4roll_z_0_7,"[True, True, True, True]","[1.626, 2.244, 2.644, 2.444]",True,2.24,0.186,0.013
1,"02/04/20, 10:41",roll_z_0_1pitch_y_0_7pitch_z_0_4roll_z_0_7pitch_y_0_7pitch_z_0_4,"[True, True, True, True]","[2.256, 2.244, 2.05, 2.647]",True,2.3,0.172,0.011
1,"02/04/20, 10:41",roll_z_0_1roll_y_0_7pitch_y_0_7pitch_z_0_4pitch_x_0_7pitch_x_0_1,"[True, True, True, True]","[1.634, 2.261, 2.445, 2.444]",True,2.2,0.199,0.005
1,"02/04/20, 10:41",roll_z_0_1roll_y_0_1pitch_y_0_1pitch_z_0_7pitch_y_0_4pitch_y_0_7,"[True, True, True, False]","[-1, -1, -1, -1]",False,-1,-1,-1
2,"02/04/20, 10:42",roll_z_0_1roll_y_0_4pitch_y_0_7pitch_z_0_7roll_z_0_4pitch_y_0_7,"[True, True, True, True]","[2.244, 2.244, 2.443, 2.644]",True,2.39,0.161,0.012
1,"02/04/20, 10:42",roll_z_0_1pitch_y_0_7pitch_x_0_7pitch_z_0_7pitch_y_0_4roll_y_0_1,"[True, True, True, True]","[2.228, 1.846, 2.444, 2.464]",True,2.25,0.18,0.006
1,"02/04/20, 10:42",roll_z_0_1roll_y_0_4pitch_y_0_7pitch_y_0_1pitch_z_0_4pitch_y_0_7,"[True, True, True, True]","[2.254, 2.445, 2.644, 2.647]",True,2.5,0.163,0.005
1,"02/04/20, 10:43",roll_z_0_1pitch_y_0_1roll_y_0_7pitch_y_0_1pitch_y_0_7pitch_x_0_4,"[True, True, True, True]","[2.245, 2.244, 2.663, 1.838]",True,2.25,0.177,0.008
1,"02/04/20, 10:43",roll_z_0_1pitch_y_0_7pitch_x_0_4roll_y_0_4pitch_y_0_7roll_z_0_7,"[True, True, True, True]","[4.885, 1.845, 2.665, 2.644]",True,3.01,0.164,0.005
1,"02/04/20, 10:44",roll_z_0_1pitch_y_0_7pitch_z_0_1roll_x_0_7pitch_y_0_7pitch_z_0_4,"[True, True, True, True]","[3.65, 2.264, 3.045, 3.065]",True,3.01,0.15,0.008
1,"02/04/20, 10:44",roll_z_0_1pitch_y_0_4roll_z_0_7pitch_y_0_7pitch_z_0_4pitch_z_0_7,"[True, True, True, False]","[-1, -1, -1, -1]",False,-1,-1,-1
1,"02/04/20, 10:44",roll_z_0_1pitch_y_0_7roll_y_0_4pitch_y_0_1pitch_z_0_7pitch_y_0_7,"[True, True, True, True]","[2.241, 2.243, 2.444, 2.664]",True,2.4,0.172,0.014
1,"02/04/20, 10:45",roll_z_0_1pitch_y_0_4roll_z_0_1pitch_y_0_7pitch_y_0_1pitch_z_0_7,"[True, False, False, False]","[-1, -1, -1, -1]",False,-1,-1,-1
1,"02/04/20, 10:45",roll_z_0_1pitch_y_0_4roll_z_0_7pitch_y_0_7pitch_z_0_7pitch_z_0_4,"[True, True, True, False]","[-1, -1, -1, -1]",False,-1,-1,-1
1,"02/04/20, 10:46",roll_z_0_1pitch_y_0_7pitch_z_0_7pitch_z_0_1pitch_z_0_4roll_y_0_7,"[True, True, True, True]","[2.432, 2.243, 2.444, 2.644]",True,2.44,0.184,0.011
2,"02/04/20, 10:46",roll_z_0_1pitch_y_0_7pitch_z_0_4pitch_y_0_4pitch_y_0_1roll_z_0_7,"[True, True, True, True]","[1.642, 1.636, 2.444, 2.648]",True,2.09,0.146,0.012
1,"02/04/20, 10:46",roll_z_0_1pitch_y_0_7roll_x_0_7pitch_y_0_7pitch_x_0_1roll_x_0_4,"[True, True, True, False]","[-1, -1, -1, -1]",False,-1,-1,-1
1,"02/04/20, 10:47",roll_z_0_1roll_y_0_7pitch_y_0_7pitch_z_0_4pitch_z_0_7roll_y_0_1,"[True, True, True, True]","[2.226, 1.842, 2.644, 2.447]",True,2.29,0.189,0.005
1,"02/04/20, 10:47",roll_z_0_1pitch_y_0_1pitch_z_0_7roll_y_0_7pitch_y_0_4pitch_z_0_7,"[False, True, True, True]","[3.245, 2.229, 2.663, 2.643]",True,2.7,0.157,0.011
1,"02/04/20, 10:47",roll_z_0_1pitch_y_0_7pitch_y_0_7pitch_x_0_1pitch_z_0_1roll_x_0_4,"[True, True, True, True]","[2.229, 2.243, 2.644, 2.644]",True,2.44,0.17,0.01
1,"02/04/20, 10:48",roll_z_0_1roll_y_0_4roll_y_0_4pitch_y_0_7pitch_z_0_7pitch_x_0_7,"[True, True, True, True]","[2.231, 2.444, 2.645, 2.664]",True,2.5,0.178,0.005
1,"02/04/20, 10:48",roll_z_0_1pitch_y_0_4pitch_z_0_1pitch_y_0_7pitch_y_0_7roll_z_0_1,"[True, True, True, True]","[2.24, 1.836, 3.468, 3.466]",True,2.75,0.139,0.006
1,"02/04/20, 10:49",roll_z_0_1pitch_y_0_4roll_z_0_4pitch_y_0_7roll_y_0_7pitch_y_0_7,"[True, True, True, False]","[-1, -1, -1, -1]",False,-1,-1,-1
1,"02/04/20, 10:49",roll_z_0_1roll_y_0_4pitch_y_0_4pitch_z_0_7pitch_y_0_7pitch_z_0_7,"[True, True, True, True]","[2.226, 2.245, 2.465, 2.444]",True,2.34,0.181,0.011
2,"02/04/20, 10:49",roll_z_0_1pitch_y_0_7pitch_z_0_4roll_y_0_7pitch_y_0_1pitch_y_0_1,"[True, True, True, True]","[2.237, 2.443, 2.467, 2.444]",True,2.4,0.231,0.004
1,"02/04/20, 10:50",roll_z_0_1pitch_y_0_7pitch_z_0_1pitch_z_0_7pitch_z_0_4roll_y_0_7,"[True, True, True, True]","[2.238, 2.265, 2.443, 2.645]",True,2.4,0.177,0.011
1,"02/04/20, 10:50",roll_z_0_1roll_y_0_1pitch_y_0_1pitch_y_0_7pitch_x_0_7pitch_y_0_4,"[True, True, True, False]","[-1, -1, -1, -1]",False,-1,-1,-1
1,"02/04/20, 10:50",roll_z_0_1pitch_y_0_4roll_y_0_7pitch_y_0_4roll_y_0_7pitch_y_0_7,"[True, True, True, True]","[2.256, 2.264, 2.04, 2.444]",True,2.25,0.191,0.012
2,"02/04/20, 10:51",roll_z_0_1pitch_y_0_4pitch_z_0_7pitch_z_0_7pitch_z_0_7roll_y_0_1,"[True, True, True, True]","[2.227, 2.443, 3.466, 3.445]",True,2.9,0.115,0.005
1,"02/04/20, 10:51",roll_z_0_1roll_y_0_7pitch_y_0_4pitch_x_0_7pitch_y_0_4roll_z_0_7,"[True, True, True, True]","[1.84, 1.83, 2.645, 2.464]",True,2.19,0.192,0.006
1,"02/04/20, 10:51",roll_z_0_1pitch_y_0_7pitch_x_0_7roll_y_0_4pitch_y_0_7pitch_x_0_1,"[True, True, False, False]","[-1, -1, -1, -1]",False,-1,-1,-1
1,"02/04/20, 10:52",roll_z_0_1pitch_y_0_4pitch_x_0_4pitch_y_0_7pitch_y_0_7roll_x_0_1,"[True, True, True, True]","[1.621, 1.827, 2.447, 2.048]",True,1.99,0.161,0.005
1,"02/04/20, 10:52",roll_z_0_1roll_y_0_4pitch_y_0_7roll_x_0_4pitch_y_0_7pitch_x_0_7,"[True, True, False, False]","[-1, -1, -1, -1]",False,-1,-1,-1
1,"02/04/20, 10:52",roll_z_0_1roll_y_0_7pitch_y_0_4pitch_x_0_4pitch_x_0_7pitch_x_0_7,"[True, True, True, True]","[2.229, 1.648, 1.836, 2.665]",True,2.09,0.18,0.011
1,"02/04/20, 10:53",roll_z_0_1pitch_y_0_1pitch_y_0_7pitch_z_0_7pitch_x_0_4roll_x_0_4,"[True, True, True, True]","[2.226, 2.244, 2.466, 1.64]",True,2.14,0.189,0.008
1,"02/04/20, 10:53",roll_z_0_1pitch_y_0_7pitch_y_0_4pitch_z_0_7pitch_x_0_1roll_y_0_4,"[True, True, True, True]","[2.232, 2.264, 2.643, 2.645]",True,2.45,0.172,0.01
2,"02/04/20, 10:54",roll_z_0_1pitch_y_0_7pitch_z_0_1pitch_x_0_7roll_x_0_4roll_y_0_7,"[True, False, False, True]","[-1, -1, -1, -1]",False,-1,-1,-1
1,"02/04/20, 10:54",roll_z_0_1roll_y_0_7pitch_y_0_1pitch_z_0_7pitch_y_0_7roll_y_0_4,"[True, True, True, False]","[-1, -1, -1, -1]",False,-1,-1,-1
1,"02/04/20, 10:54",roll_z_0_1pitch_y_0_7pitch_x_0_1roll_z_0_7pitch_y_0_7pitch_z_0_4,"[True, True, False, True]","[3.657, 2.045, 4.886, 3.84]",True,3.61,0.101,0.004
1,"02/04/20, 10:55",roll_z_0_1roll_y_0_4pitch_y_0_1pitch_x_0_7pitch_y_0_7pitch_x_0_7,"[True, True, True, True]","[2.456, 1.837, 2.424, 2.645]",True,2.34,0.172,0.005
1,"02/04/20, 10:55",roll_z_0_1pitch_y_0_7pitch_x_0_4roll_y_0_1pitch_y_0_7roll_x_0_7,"[True, False, False, False]","[-1, -1, -1, -1]",False,-1,-1,-1
1,"02/04/20, 10:56",roll_z_0_1pitch_y_0_4roll_y_0_7pitch_y_0_7pitch_y_0_1pitch_x_0_1,"[True, False, False, False]","[-1, -1, -1, -1]",False,-1,-1,-1
1,"02/04/20, 10:56",roll_z_0_1pitch_y_0_7pitch_y_0_4roll_z_0_1pitch_y_0_4pitch_y_0_7,"[True, True, True, True]","[2.23, 2.244, 2.444, 2.443]",True,2.34,0.188,0.012
1,"02/04/20, 10:56",roll_z_0_1pitch_y_0_7pitch_z_0_7pitch_y_0_4pitch_x_0_7roll_y_0_4,"[True, True, True, True]","[2.426, 2.243, 2.047, 1.843]",True,2.14,0.223,0.004
1,"02/04/20, 10:57",roll_z_0_1roll_y_0_7pitch_y_0_7roll_y_0_4pitch_y_0_7pitch_x_0_4,"[True, True, True, False]","[-1, -1, -1, -1]",False,-1,-1,-1
1,"02/04/20, 10:57",roll_z_0_1pitch_y_0_4roll_y_0_7pitch_y_0_7pitch_x_0_1roll_x_0_7,"[True, True, True, True]","[1.634, 1.656, 2.238, 2.645]",True,2.04,0.179,0.012
1,"02/04/20, 10:57",roll_z_0_1roll_y_0_4pitch_y_0_4pitch_x_0_7roll_x_0_7pitch_y_0_7,"[True, True, True, True]","[1.827, 2.444, 2.644, 2.444]",True,2.34,0.205,0.005
1,"02/04/20, 10:58",roll_z_0_1pitch_y_0_1pitch_z_0_7roll_y_0_7roll_y_0_7pitch_y_0_4,"[True, True, True, True]","[2.236, 2.264, 2.444, 2.644]",True,2.4,0.155,0.012
1,"02/04/20, 10:58",roll_z_0_1pitch_y_0_4pitch_y_0_4pitch_x_0_7roll_y_0_7pitch_y_0_1,"[True, True, True, True]","[2.248, 2.264, 2.036, 2.425]",True,2.24,0.183,0.011
1,"02/04/20, 10:59",roll_z_0_1pitch_y_0_4pitch_y_0_4pitch_z_0_7pitch_x_0_1roll_x_0_7,"[True, True, True, True]","[2.235, 2.444, 2.466, 1.837]",True,2.25,0.171,0.005
1,"02/04/20, 10:59",roll_z_0_1pitch_y_0_7pitch_y_0_1pitch_z_0_4roll_z_0_7pitch_y_0_1,"[True, True, True, True]","[2.224, 2.264, 2.643, 2.444]",True,2.39,0.172,0.011
1,"02/04/20, 10:59",roll_z_0_1roll_y_0_4pitch_y_0_7roll_x_0_7pitch_y_0_7pitch_z_0_1,"[True, True, True, True]","[1.826, 1.644, 2.03, 2.038]",True,1.88,0.189,0.01
1,"02/04/20, 11:00",roll_z_0_1pitch_y_0_7pitch_x_0_7pitch_x_0_4pitch_y_0_7roll_z_0_1,"[True, True, True, True]","[2.23, 1.837, 2.645, 2.464]",True,2.29,0.186,0.006
1,"02/04/20, 11:00",roll_z_0_1pitch_y_0_7pitch_x_0_7pitch_z_0_4roll_x_0_7roll_y_0_4,"[True, True, True, True]","[2.23, 1.84, 2.645, 2.466]",True,2.3,0.193,0.006
1,"02/04/20, 11:00",roll_z_0_1pitch_y_0_7pitch_x_0_7roll_x_0_4pitch_y_0_4pitch_y_0_1,"[True, True, False, False]","[-1, -1, -1, -1]",False,-1,-1,-1
1,"02/04/20, 11:01",roll_z_0_1pitch_y_0_7pitch_z_0_7pitch_x_0_4pitch_y_0_7roll_z_0_4,"[False, True, True, True]","[2.465, 2.232, 1.841, 2.644]",True,2.3,0.158,0.012
1,"02/04/20, 11:01",roll_z_0_1pitch_y_0_4pitch_x_0_7pitch_y_0_7pitch_x_0_7roll_y_0_4,"[True, True, True, True]","[2.227, 1.439, 2.444, 2.047]",True,2.04,0.196,0.01
1,"02/04/20, 11:02",roll_z_0_1roll_y_0_7roll_y_0_4pitch_y_0_7pitch_x_0_1pitch_y_0_7,"[True, True, True, True]","[2.243, 1.847, 2.446, 2.441]",True,2.24,0.17,0.005
1,"02/04/20, 11:02",roll_z_0_1pitch_y_0_4pitch_y_0_7roll_y_0_4pitch_y_0_1pitch_y_0_7,"[True, True, True, True]","[2.236, 2.244, 2.665, 2.644]",True,2.45,0.189,0.005
1,"02/04/20, 11:02",roll_z_0_1pitch_y_0_1pitch_x_0_7pitch_y_0_7roll_y_0_7pitch_y_0_4,"[True, True, True, True]","[2.258, 2.244, 2.443, 1.837]",True,2.2,0.196,0.014
2,"02/04/20, 11:03",roll_z_0_1pitch_y_0_1pitch_z_0_7pitch_y_0_1pitch_y_0_7roll_z_0_4,"[True, True, True, True]","[1.63, 1.838, 2.664, 2.644]",True,2.19,0.16,0.005
1,"02/04/20, 11:03",roll_z_0_1pitch_y_0_7pitch_y_0_7pitch_x_0_1roll_x_0_1pitch_y_0_4,"[True, True, False, False]","[-1, -1, -1, -1]",False,-1,-1,-1
1,"02/04/20, 11:03",roll_z_0_1roll_y_0_4pitch_y_0_7pitch_z_0_1pitch_x_0_7pitch_y_0_7,"[True, True, True, False]","[-1, -1, -1, -1]",False,-1,-1,-1
1,"02/04/20, 11:04",roll_z_0_1pitch_y_0_1roll_x_0_7pitch_y_0_7pitch_x_0_7pitch_x_0_4,"[False, False, False, False]","[-1, -1, -1, -1]",False,-1,-1,-1
1,"02/04/20, 11:04",roll_z_0_1pitch_y_0_1roll_z_0_4pitch_y_0_7pitch_y_0_4pitch_x_0_7,"[True, True, True, True]","[2.239, 1.84, 2.444, 2.644]",True,2.29,0.16,0.005
1,"02/04/20, 11:05",roll_z_0_1roll_y_0_4pitch_y_0_4pitch_x_0_7pitch_y_0_7pitch_z_0_7,"[True, True, False, False]","[-1, -1, -1, -1]",False,-1,-1,-1
1,"02/04/20, 11:05",roll_z_0_1pitch_y_0_7roll_z_0_7pitch_y_0_1roll_x_0_4pitch_y_0_7,"[True, True, True, False]","[-1, -1, -1, -1]",False,-1,-1,-1
1,"02/04/20, 11:05",roll_z_0_1pitch_y_0_7roll_y_0_1pitch_y_0_7pitch_x_0_7pitch_z_0_4,"[True, True, False, False]","[-1, -1, -1, -1]",False,-1,-1,-1
1,"02/04/20, 11:06",roll_z_0_1pitch_y_0_1pitch_y_0_7pitch_x_0_1roll_z_0_4pitch_y_0_7,"[True, True, False, True]","[2.632, 2.243, 4.881, 2.434]",True,3.05,0.198,0.007
1,"02/04/20, 11:06",roll_z_0_1roll_y_0_7pitch_y_0_1pitch_y_0_7pitch_z_0_4pitch_x_0_1,"[True, True, True, True]","[2.237, 1.636, 2.647, 2.443]",True,2.24,0.192,0.012
1,"02/04/20, 11:07",roll_z_0_1roll_y_0_4pitch_y_0_7pitch_z_0_7pitch_x_0_7pitch_z_0_4,"[True, True, True, False]","[-1, -1, -1, -1]",False,-1,-1,-1
1,"02/04/20, 11:07",roll_z_0_1pitch_y_0_1pitch_x_0_4pitch_y_0_7pitch_x_0_7roll_z_0_7,"[True, True, True, True]","[2.227, 2.243, 2.645, 1.84]",True,2.24,0.172,0.012
1,"02/04/20, 11:07",roll_z_0_1pitch_y_0_7pitch_z_0_1pitch_x_0_4roll_y_0_7pitch_y_0_7,"[True, True, True, True]","[3.652, 2.043, 3.668, 3.866]",True,3.31,0.042,0.007
1,"02/04/20, 11:08",roll_z_0_1roll_y_0_4pitch_y_0_1pitch_z_0_7pitch_y_0_7pitch_z_0_7,"[True, True, True, False]","[-1, -1, -1, -1]",False,-1,-1,-1
1,"02/04/20, 11:08",roll_z_0_1pitch_y_0_7roll_x_0_7pitch_y_0_4pitch_z_0_7roll_x_0_1,"[True, True, False, True]","[2.428, 2.443, 3.864, 2.648]",True,2.85,0.271,0.002
1,"02/04/20, 11:09",roll_z_0_1roll_y_0_1pitch_y_0_1pitch_y_0_7pitch_z_0_7pitch_y_0_4,"[True, True, True, False]","[-1, -1, -1, -1]",False,-1,-1,-1
1,"02/04/20, 11:09",roll_z_0_1pitch_y_0_7pitch_x_0_7roll_x_0_1pitch_y_0_4roll_x_0_7,"[True, True, False, False]","[-1, -1, -1, -1]",False,-1,-1,-1
1,"02/04/20, 11:09",roll_z_0_1roll_y_0_4pitch_y_0_7pitch_y_0_7pitch_z_0_1pitch_z_0_4,"[True, True, True, True]","[2.234, 1.826, 2.465, 2.444]",True,2.24,0.179,0.014
1,"02/04/20, 11:10",roll_z_0_1pitch_y_0_7pitch_z_0_4pitch_x_0_7pitch_y_0_7roll_x_0_4,"[True, True, False, False]","[-1, -1, -1, -1]",False,-1,-1,-1
1,"02/04/20, 11:10",roll_z_0_1pitch_y_0_7roll_y_0_4pitch_y_0_7pitch_z_0_7pitch_z_0_1,"[True, True, True, True]","[1.632, 2.264, 2.644, 2.664]",True,2.3,0.191,0.005
1,"02/04/20, 11:10",roll_z_0_1pitch_y_0_7pitch_y_0_7roll_z_0_4pitch_y_0_1pitch_y_0_1,"[True, True, True, False]","[-1, -1, -1, -1]",False,-1,-1,-1
1,"02/04/20, 11:11",roll_z_0_1pitch_y_0_7pitch_x_0_4pitch_y_0_7roll_x_0_1pitch_y_0_7,"[True, True, True, True]","[2.231, 2.444, 2.665, 2.444]",True,2.45,0.193,0.006
1,"02/04/20, 11:11",roll_z_0_1pitch_y_0_4roll_x_0_7pitch_y_0_1pitch_y_0_1pitch_z_0_7,"[True, True, True, True]","[6.688, 2.244, 3.869, 3.245]",True,4.01,0.147,0.007
1,"02/04/20, 11:12",roll_z_0_1pitch_y_0_4pitch_x_0_7pitch_y_0_7pitch_x_0_7roll_y_0_1,"[True, True, True, True]","[2.251, 1.836, 2.444, 2.041]",True,2.14,0.217,0.004
1,"02/04/20, 11:12",roll_z_0_1pitch_y_0_4pitch_y_0_1pitch_z_0_7pitch_y_0_7roll_y_0_1,"[True, True, True, False]","[-1, -1, -1, -1]",False,-1,-1,-1
1,"02/04/20, 11:13",roll_z_0_1roll_y_0_7pitch_y_0_1pitch_y_0_7pitch_x_0_1pitch_y_0_4,"[True, True, True, False]","[-1, -1, -1, -1]",False,-1,-1,-1
1,"02/04/20, 11:13",roll_z_0_1pitch_y_0_7pitch_y_0_1roll_z_0_1pitch_y_0_4pitch_z_0_7,"[True, True, True, True]","[2.258, 2.444, 2.644, 2.446]",True,2.45,0.181,0.005
1,"02/04/20, 11:13",roll_z_0_1pitch_y_0_4pitch_y_0_4pitch_z_0_1pitch_z_0_7roll_x_0_7,"[False, False, False, False]","[-1, -1, -1, -1]",False,-1,-1,-1
2,"02/04/20, 11:14",roll_z_0_1pitch_y_0_1pitch_z_0_7pitch_z_0_4roll_x_0_7pitch_y_0_7,"[True, True, True, True]","[3.46, 3.045, 3.065, 3.466]",True,3.26,0.029,0.008
1,"02/04/20, 11:14",roll_z_0_1pitch_y_0_4pitch_x_0_7roll_y_0_7roll_y_0_4pitch_y_0_7,"[True, True, True, True]","[1.614, 2.466, 2.446, 2.445]",True,2.24,0.175,0.005
1,"02/04/20, 11:14",roll_z_0_1pitch_y_0_4pitch_y_0_1pitch_z_0_7pitch_y_0_7roll_z_0_4,"[True, True, True, True]","[2.233, 1.832, 2.442, 1.819]",True,2.08,0.173,0.005
1,"02/04/20, 11:15",roll_z_0_1roll_y_0_1pitch_y_0_7pitch_x_0_7pitch_y_0_7roll_x_0_4,"[True, True, True, True]","[2.247, 2.243, 2.444, 2.444]",True,2.34,0.213,0.004
1,"02/04/20, 11:15",roll_z_0_1pitch_y_0_1pitch_y_0_7pitch_z_0_7roll_z_0_4pitch_y_0_1,"[True, True, True, True]","[2.225, 2.443, 2.444, 2.644]",True,2.44,0.171,0.005
2,"02/04/20, 11:15",roll_z_0_1pitch_y_0_4pitch_x_0_7pitch_y_0_4pitch_x_0_7roll_z_0_7,"[True, True, True, True]","[2.252, 1.838, 2.648, 2.444]",True,2.3,0.193,0.005
1,"02/04/20, 11:16",roll_z_0_1pitch_y_0_7roll_z_0_4pitch_y_0_7pitch_y_0_4pitch_z_0_1,"[True, True, True, True]","[1.638, 1.842, 2.664, 2.467]",True,2.15,0.18,0.005
1,"02/04/20, 11:16",roll_z_0_1pitch_y_0_4roll_z_0_4pitch_y_0_1pitch_y_0_7pitch_x_0_7,"[True, True, True, True]","[2.238, 2.243, 2.643, 2.444]",True,2.39,0.207,0.013
1,"02/04/20, 11:17",roll_z_0_1pitch_y_0_1roll_x_0_4pitch_y_0_7pitch_y_0_4pitch_x_0_7,"[True, True, True, True]","[6.287, 2.443, 2.444, 1.838]",True,3.25,0.191,0.004
1,"02/04/20, 11:17",roll_z_0_1pitch_y_0_7pitch_x_0_7pitch_y_0_4pitch_y_0_4roll_z_0_1,"[True, True, True, True]","[1.618, 1.644, 2.644, 2.446]",True,2.09,0.187,0.013
1,"02/04/20, 11:17",roll_z_0_1pitch_y_0_4pitch_x_0_7pitch_x_0_7pitch_z_0_1roll_z_0_7,"[True, True, True, True]","[2.265, 2.242, 2.644, 2.644]",True,2.45,0.176,0.011
1,"02/04/20, 11:18",roll_z_0_1pitch_y_0_7roll_y_0_7pitch_y_0_4roll_x_0_7pitch_y_0_1,"[True, True, False, False]","[-1, -1, -1, -1]",False,-1,-1,-1
1,"02/04/20, 11:18",roll_z_0_1pitch_y_0_1pitch_y_0_7roll_y_0_4pitch_y_0_7pitch_x_0_4,"[True, True, True, True]","[2.244, 2.425, 2.443, 2.647]",True,2.44,0.17,0.005
2,"02/04/20, 11:18",roll_z_0_1pitch_y_0_4roll_y_0_7pitch_y_0_7roll_x_0_4pitch_y_0_7,"[True, True, True, True]","[1.627, 2.443, 2.045, 2.038]",True,2.04,0.183,0.005
1,"02/04/20, 11:19",roll_z_0_1pitch_y_0_1roll_x_0_4pitch_y_0_7pitch_z_0_7pitch_y_0_7,"[True, True, True, True]","[6.671, 2.064, 2.437, 2.865]",True,3.51,0.211,0.007
1,"02/04/20, 11:19",roll_z_0_1pitch_y_0_4roll_z_0_7pitch_y_0_7pitch_y_0_1pitch_z_0_1,"[True, True, True, True]","[1.638, 1.641, 2.445, 2.643]",True,2.09,0.182,0.012
1,"02/04/20, 11:20",roll_z_0_1pitch_y_0_7pitch_x_0_7pitch_y_0_7roll_z_0_4roll_y_0_1,"[True, True, True, False]","[-1, -1, -1, -1]",False,-1,-1,-1
1,"02/04/20, 11:20",roll_z_0_1roll_y_0_7pitch_y_0_7pitch_z_0_1pitch_x_0_7pitch_y_0_4,"[True, True, False, True]","[2.235, 2.444, 3.899, 2.832]",True,2.85,0.108,0.001
1,"02/04/20, 11:20",roll_z_0_1pitch_y_0_7pitch_z_0_4pitch_z_0_7pitch_y_0_4roll_z_0_7,"[True, True, True, False]","[-1, -1, -1, -1]",False,-1,-1,-1
1,"02/04/20, 11:21",roll_z_0_1pitch_y_0_7pitch_z_0_4pitch_x_0_1pitch_x_0_7roll_y_0_7,"[True, True, True, True]","[3.663, 2.265, 3.065, 3.686]",True,3.17,0.151,0.009
1,"02/04/20, 11:21",roll_z_0_1pitch_y_0_1pitch_x_0_7pitch_y_0_4roll_z_0_7roll_y_0_7,"[True, True, True, True]","[2.236, 2.245, 2.445, 2.644]",True,2.39,0.156,0.01
1,"02/04/20, 11:22",roll_z_0_1pitch_y_0_1roll_x_0_1pitch_y_0_4pitch_y_0_7pitch_z_0_7,"[True, True, True, True]","[3.431, 2.042, 3.085, 2.642]",True,2.8,0.04,0.003
1,"02/04/20, 11:22",roll_z_0_1pitch_y_0_4pitch_z_0_7pitch_z_0_7pitch_y_0_1roll_z_0_7,"[True, True, True, True]","[2.227, 2.264, 1.828, 2.444]",True,2.19,0.17,0.013
1,"02/04/20, 11:22",roll_z_0_1pitch_y_0_7pitch_x_0_7roll_z_0_1pitch_y_0_4pitch_z_0_7,"[True, True, True, True]","[2.255, 2.243, 2.664, 2.445]",True,2.4,0.196,0.012
1,"02/04/20, 11:23",roll_z_0_1pitch_y_0_4pitch_x_0_7pitch_y_0_7roll_z_0_7roll_y_0_4,"[True, True, True, False]","[-1, -1, -1, -1]",False,-1,-1,-1
1,"02/04/20, 11:23",roll_z_0_1pitch_y_0_7pitch_x_0_4pitch_z_0_7roll_x_0_4roll_y_0_7,"[True, True, True, True]","[2.245, 2.444, 2.444, 2.446]",True,2.39,0.153,0.006
2,"02/04/20, 11:23",roll_z_0_1pitch_y_0_1pitch_z_0_7pitch_y_0_4pitch_y_0_7roll_z_0_1,"[True, True, True, True]","[1.627, 2.244, 2.446, 2.444]",True,2.19,0.202,0.013
1,"02/04/20, 11:24",roll_z_0_1pitch_y_0_4roll_x_0_7pitch_y_0_4pitch_x_0_7roll_z_0_7,"[False, True, False, False]","[-1, -1, -1, -1]",False,-1,-1,-1
1,"02/04/20, 11:24",roll_z_0_1roll_y_0_7pitch_y_0_7pitch_x_0_7pitch_x_0_4roll_z_0_4,"[True, True, True, True]","[2.229, 2.244, 2.443, 2.645]",True,2.39,0.162,0.011
1,"02/04/20, 11:25",roll_z_0_1roll_y_0_4pitch_y_0_7pitch_z_0_7pitch_z_0_7roll_z_0_1,"[True, True, True, True]","[2.259, 2.244, 2.645, 2.644]",True,2.45,0.172,0.011
1,"02/04/20, 11:25",roll_z_0_1pitch_y_0_4pitch_y_0_1pitch_z_0_1pitch_x_0_7roll_y_0_7,"[True, False, True, False]","[-1, -1, -1, -1]",False,-1,-1,-1
1,"02/04/20, 11:25",roll_z_0_1pitch_y_0_7pitch_z_0_7roll_y_0_7pitch_y_0_4roll_z_0_1,"[True, True, True, True]","[2.225, 2.445, 3.667, 2.844]",True,2.8,0.036,0.001
1,"02/04/20, 11:26",roll_z_0_1pitch_y_0_1pitch_y_0_7pitch_x_0_4pitch_x_0_7roll_x_0_4,"[True, True, False, True]","[2.226, 2.444, 2.859, 2.629]",True,2.54,0.259,0.002
2,"02/04/20, 11:26",roll_z_0_1pitch_y_0_7pitch_x_0_4pitch_x_0_7roll_x_0_7roll_y_0_1,"[True, True, True, True]","[2.246, 2.425, 2.663, 2.444]",True,2.44,0.192,0.005
1,"02/04/20, 11:27",roll_z_0_1pitch_y_0_7roll_z_0_4pitch_y_0_7roll_x_0_4pitch_y_0_7,"[True, True, True, True]","[1.622, 1.636, 2.425, 2.663]",True,2.09,0.181,0.012
1,"02/04/20, 11:27",roll_z_0_1pitch_y_0_4pitch_y_0_1pitch_x_0_7pitch_x_0_1roll_y_0_7,"[True, True, True, True]","[3.233, 2.043, 2.446, 2.867]",True,2.65,0.221,0.004
1,"02/04/20, 11:27",roll_z_0_1roll_y_0_4pitch_y_0_1pitch_y_0_7pitch_x_0_7pitch_y_0_1,"[True, True, True, False]","[-1, -1, -1, -1]",False,-1,-1,-1
1,"02/04/20, 11:28",roll_z_0_1pitch_y_0_1pitch_y_0_7roll_x_0_4pitch_y_0_4pitch_z_0_7,"[True, True, True, False]","[-1, -1, -1, -1]",False,-1,-1,-1
1,"02/04/20, 11:28",roll_z_0_1pitch_y_0_7roll_z_0_4pitch_y_0_1pitch_y_0_7pitch_x_0_4,"[True, True, True, True]","[2.226, 1.638, 2.645, 2.665]",True,2.29,0.16,0.011
1,"02/04/20, 11:29",roll_z_0_1roll_y_0_4pitch_y_0_7roll_y_0_1pitch_y_0_7pitch_z_0_7,"[True, True, True, False]","[-1, -1, -1, -1]",False,-1,-1,-1
1,"02/04/20, 11:29",roll_z_0_1pitch_y_0_4pitch_y_0_7pitch_z_0_7pitch_x_0_1roll_x_0_4,"[True, True, True, True]","[2.229, 2.043, 2.443, 1.845]",True,2.14,0.192,0.009
1,"02/04/20, 11:29",roll_z_0_1pitch_y_0_7pitch_y_0_7pitch_x_0_1pitch_z_0_4roll_y_0_4,"[True, True, True, True]","[2.226, 2.446, 2.445, 2.664]",True,2.45,0.162,0.005
1,"02/04/20, 11:30",roll_z_0_1roll_y_0_7pitch_y_0_1pitch_y_0_7pitch_x_0_1pitch_z_0_4,"[True, False, False, False]","[-1, -1, -1, -1]",False,-1,-1,-1
1,"02/04/20, 11:30",roll_z_0_1pitch_y_0_7pitch_y_0_1roll_z_0_1pitch_y_0_4pitch_y_0_7,"[True, True, True, True]","[2.241, 2.467, 2.664, 2.443]",True,2.45,0.194,0.006
1,"02/04/20, 11:30",roll_z_0_1roll_y_0_1pitch_y_0_7pitch_y_0_7pitch_z_0_4pitch_x_0_4,"[True, True, True, True]","[2.237, 2.244, 2.667, 3.887]",True,2.76,0.131,0.005
1,"02/04/20, 11:31",roll_z_0_1pitch_y_0_7roll_z_0_4pitch_y_0_7roll_y_0_4pitch_y_0_7,"[True, True, True, False]","[-1, -1, -1, -1]",False,-1,-1,-1
1,"02/04/20, 11:31",roll_z_0_1pitch_y_0_7roll_z_0_7pitch_y_0_1pitch_z_0_7roll_x_0_4,"[True, True, True, True]","[2.238, 2.444, 2.664, 2.444]",True,2.45,0.189,0.006
1,"02/04/20, 11:32",roll_z_0_1roll_y_0_7pitch_y_0_4pitch_z_0_1pitch_x_0_7roll_z_0_7,"[True, True, True, True]","[2.229, 2.244, 2.464, 2.644]",True,2.4,0.152,0.012
1,"02/04/20, 11:32",roll_z_0_1roll_y_0_1pitch_y_0_7pitch_x_0_7roll_x_0_4pitch_y_0_7,"[True, False, False, True]","[-1, -1, -1, -1]",False,-1,-1,-1
1,"02/04/20, 11:32",roll_z_0_1pitch_y_0_1pitch_z_0_7pitch_y_0_7pitch_y_0_4roll_x_0_1,"[True, True, True, True]","[2.459, 2.243, 2.447, 2.444]",True,2.4,0.181,0.012
1,"02/04/20, 11:33",roll_z_0_1pitch_y_0_4pitch_y_0_7pitch_z_0_1pitch_z_0_7roll_y_0_4,"[True, True, True, True]","[2.232, 2.264, 2.644, 2.464]",True,2.4,0.17,0.011
1,"02/04/20, 11:33",roll_z_0_1pitch_y_0_7pitch_x_0_7pitch_x_0_7roll_y_0_1roll_y_0_4,"[True, True, True, True]","[2.256, 1.642, 2.644, 2.644]",True,2.3,0.173,0.011
1,"02/04/20, 11:34",roll_z_0_1pitch_y_0_7roll_x_0_4pitch_y_0_1pitch_y_0_4pitch_x_0_7,"[False, True, False, False]","[-1, -1, -1, -1]",False,-1,-1,-1
1,"02/04/20, 11:34",roll_z_0_1pitch_y_0_7pitch_y_0_1pitch_z_0_7pitch_z_0_4roll_x_0_1,"[True, True, True, False]","[-1, -1, -1, -1]",False,-1,-1,-1
1,"02/04/20, 11:34",roll_z_0_1pitch_y_0_7pitch_x_0_1roll_x_0_7pitch_y_0_4pitch_y_0_4,"[True, False, False, False]","[-1, -1, -1, -1]",False,-1,-1,-1
1,"02/04/20, 11:35",roll_z_0_1pitch_y_0_1pitch_z_0_7roll_z_0_4pitch_y_0_7roll_y_0_7,"[True, True, True, True]","[2.441, 2.464, 2.444, 2.665]",True,2.5,0.151,0.004
1,"02/04/20, 11:35",roll_z_0_1roll_y_0_7pitch_y_0_7pitch_z_0_7pitch_x_0_4roll_x_0_1,"[True, True, True, True]","[1.824, 1.627, 2.644, 2.644]",True,2.18,0.174,0.012
1,"02/04/20, 11:36",roll_z_0_1roll_y_0_4roll_y_0_7pitch_y_0_7pitch_z_0_7pitch_x_0_1,"[True, True, True, True]","[1.621, 2.467, 2.464, 2.423]",True,2.24,0.182,0.005
1,"02/04/20, 11:36",roll_z_0_1pitch_y_0_1pitch_x_0_7pitch_y_0_1pitch_y_0_4roll_z_0_7,"[True, True, True, True]","[2.233, 2.264, 2.443, 2.665]",True,2.4,0.174,0.012
1,"02/04/20, 11:36",roll_z_0_1pitch_y_0_7pitch_y_0_4pitch_z_0_7pitch_z_0_1roll_z_0_4,"[True, True, True, True]","[2.233, 2.464, 2.645, 2.645]",True,2.5,0.198,0.005
1,"02/04/20, 11:37",roll_z_0_1pitch_y_0_7pitch_x_0_4pitch_y_0_4pitch_y_0_7roll_z_0_1,"[True, True, True, True]","[1.635, 1.842, 2.644, 2.444]",True,2.14,0.197,0.006
1,"02/04/20, 11:37",roll_z_0_1pitch_y_0_7pitch_y_0_4pitch_z_0_4pitch_x_0_1roll_z_0_7,"[True, True, True, False]","[-1, -1, -1, -1]",False,-1,-1,-1
1,"02/04/20, 11:37",roll_z_0_1roll_y_0_7pitch_y_0_4pitch_z_0_1pitch_y_0_7pitch_y_0_4,"[True, True, True, True]","[2.225, 1.642, 2.041, 2.645]",True,2.14,0.176,0.01
1,"02/04/20, 11:38",roll_z_0_1pitch_y_0_7pitch_y_0_1pitch_z_0_4pitch_z_0_7roll_z_0_4,"[True, True, True, False]","[-1, -1, -1, -1]",False,-1,-1,-1
1,"02/04/20, 11:38",roll_z_0_1pitch_y_0_4pitch_y_0_7roll_y_0_7pitch_y_0_4pitch_x_0_1,"[True, True, True, True]","[2.236, 2.244, 2.041, 1.838]",True,2.09,0.192,0.005
1,"02/04/20, 11:39",roll_z_0_1pitch_y_0_1pitch_y_0_4roll_z_0_1pitch_y_0_7pitch_x_0_7,"[True, True, True, True]","[2.242, 2.444, 2.644, 2.443]",True,2.44,0.2,0.006
1,"02/04/20, 11:39",roll_z_0_1roll_y_0_1pitch_y_0_7pitch_y_0_7pitch_x_0_4pitch_y_0_1,"[True, True, True, True]","[1.622, 2.244, 2.464, 2.647]",True,2.24,0.147,0.01
1,"02/04/20, 11:39",roll_z_0_1pitch_y_0_7pitch_y_0_4pitch_x_0_7pitch_y_0_1roll_y_0_1,"[True, True, True, True]","[2.224, 2.247, 2.444, 2.464]",True,2.34,0.207,0.013
1,"02/04/20, 11:40",roll_z_0_1pitch_y_0_1pitch_y_0_4pitch_z_0_7roll_z_0_7pitch_y_0_4,"[True, True, True, True]","[2.243, 2.444, 2.446, 2.464]",True,2.4,0.179,0.005
1,"02/04/20, 11:40",roll_z_0_1roll_y_0_7pitch_y_0_1roll_z_0_7pitch_y_0_7pitch_z_0_4,"[True, True, False, False]","[-1, -1, -1, -1]",False,-1,-1,-1
1,"02/04/20, 11:41",roll_z_0_1pitch_y_0_4pitch_y_0_4pitch_z_0_7pitch_y_0_7roll_x_0_1,"[True, True, True, True]","[2.247, 2.443, 2.644, 2.039]",True,2.34,0.183,0.006
1,"02/04/20, 11:41",roll_z_0_1pitch_y_0_7pitch_y_0_1pitch_x_0_1pitch_z_0_7roll_z_0_4,"[True, True, False, False]","[-1, -1, -1, -1]",False,-1,-1,-1
1,"02/04/20, 11:41",roll_z_0_1roll_y_0_7pitch_y_0_7pitch_x_0_7roll_y_0_4pitch_y_0_4,"[True, True, True, True]","[2.261, 2.464, 2.663, 2.645]",True,2.51,0.18,0.005
1,"02/04/20, 11:42",roll_z_0_1pitch_y_0_7pitch_y_0_1pitch_z_0_7roll_y_0_4pitch_y_0_1,"[True, True, True, True]","[2.233, 2.464, 2.648, 2.464]",True,2.45,0.186,0.006
1,"02/04/20, 11:42",roll_z_0_1roll_y_0_7pitch_y_0_4pitch_y_0_4pitch_z_0_1pitch_x_0_7,"[True, True, True, True]","[1.639, 1.845, 2.444, 2.645]",True,2.14,0.164,0.005
1,"02/04/20, 11:43",roll_z_0_1pitch_y_0_4pitch_y_0_7pitch_z_0_4pitch_y_0_7roll_z_0_1,"[True, True, True, True]","[2.242, 2.267, 2.038, 2.041]",True,2.15,0.182,0.011
1,"02/04/20, 11:43",roll_z_0_1roll_y_0_4pitch_y_0_7pitch_y_0_1pitch_x_0_7pitch_z_0_4,"[True, True, False, True]","[3.496, 2.043, 4.269, 4.489]",True,3.57,0.225,0.02
1,"02/04/20, 11:43",roll_z_0_1pitch_y_0_7pitch_y_0_7pitch_x_0_1pitch_x_0_1roll_x_0_4,"[True, False, False, False]","[-1, -1, -1, -1]",False,-1,-1,-1
1,"02/04/20, 11:44",roll_z_0_1roll_y_0_7pitch_y_0_7pitch_z_0_4pitch_x_0_7roll_x_0_4,"[True, True, True, True]","[1.834, 2.443, 1.836, 2.037]",True,2.04,0.154,0.005
1,"02/04/20, 11:44",roll_z_0_1pitch_y_0_1pitch_y_0_7pitch_z_0_1pitch_x_0_4roll_z_0_7,"[True, True, True, True]","[2.223, 2.244, 2.444, 2.644]",True,2.39,0.188,0.012
1,"02/04/20, 11:45",roll_z_0_1roll_y_0_1pitch_y_0_7pitch_z_0_4pitch_y_0_7pitch_y_0_1,"[True, True, True, True]","[2.244, 2.242, 2.444, 2.037]",True,2.24,0.186,0.011
1,"02/04/20, 11:45",roll_z_0_1pitch_y_0_4pitch_y_0_1roll_z_0_7pitch_y_0_4pitch_x_0_7,"[True, True, True, True]","[2.258, 2.243, 2.644, 2.44]",True,2.4,0.184,0.011
1,"02/04/20, 11:45",roll_z_0_1pitch_y_0_7pitch_z_0_7pitch_y_0_1pitch_y_0_4roll_y_0_1,"[True, True, True, True]","[2.238, 2.444, 2.043, 2.667]",True,2.35,0.187,0.005
1,"02/04/20, 11:46",roll_z_0_1roll_y_0_7pitch_y_0_7pitch_y_0_4pitch_z_0_1pitch_z_0_1,"[True, True, True, True]","[1.827, 1.638, 2.032, 1.842]",True,1.83,0.186,0.012
2,"02/04/20, 11:46",roll_z_0_1roll_y_0_7pitch_y_0_1pitch_z_0_7pitch_z_0_4roll_x_0_7,"[True, True, True, True]","[3.457, 2.439, 4.869, 10.978]",True,5.44,0.149,0.002
1,"02/04/20, 11:47",roll_z_0_1pitch_y_0_1pitch_y_0_7roll_z_0_1pitch_y_0_7pitch_z_0_4,"[True, True, True, True]","[2.257, 2.246, 2.444, 2.664]",True,2.4,0.148,0.012
1,"02/04/20, 11:47",roll_z_0_1pitch_y_0_7pitch_z_0_7roll_z_0_4roll_y_0_4pitch_y_0_7,"[False, False, True, True]","[-1, -1, -1, -1]",False,-1,-1,-1
1,"02/04/20, 11:47",roll_z_0_1roll_y_0_1pitch_y_0_4pitch_y_0_4pitch_z_0_7pitch_x_0_7,"[True, True, True, True]","[2.227, 2.445, 2.643, 2.446]",True,2.44,0.184,0.005
1,"02/04/20, 11:48",roll_z_0_1pitch_y_0_7pitch_x_0_1roll_z_0_4pitch_y_0_7roll_z_0_7,"[True, True, True, True]","[2.223, 2.445, 2.466, 2.443]",True,2.39,0.195,0.006
1,"02/04/20, 11:48",roll_z_0_1pitch_y_0_1pitch_y_0_1pitch_z_0_4roll_y_0_7pitch_y_0_7,"[True, True, True, False]","[-1, -1, -1, -1]",False,-1,-1,-1
1,"02/04/20, 11:49",roll_z_0_1pitch_y_0_7pitch_x_0_7roll_y_0_1roll_y_0_7pitch_y_0_4,"[False, False, False, False]","[-1, -1, -1, -1]",False,-1,-1,-1
1,"02/04/20, 11:49",roll_z_0_1pitch_y_0_4pitch_y_0_4roll_x_0_1pitch_y_0_7pitch_y_0_7,"[False, False, False, False]","[-1, -1, -1, -1]",False,-1,-1,-1
1,"02/04/20, 11:49",roll_z_0_1pitch_y_0_7pitch_y_0_4pitch_x_0_7pitch_z_0_4roll_y_0_1,"[True, True, True, True]","[2.238, 2.263, 1.84, 2.644]",True,2.25,0.171,0.011
1,"02/04/20, 11:50",roll_z_0_1pitch_y_0_7pitch_y_0_4pitch_z_0_4pitch_y_0_7roll_y_0_1,"[True, True, True, True]","[2.235, 2.246, 2.445, 2.445]",True,2.34,0.154,0.011
1,"02/04/20, 11:51",roll_z_0_1pitch_y_0_4pitch_x_0_7roll_z_0_7pitch_y_0_7roll_y_0_1,"[True, True, True, True]","[1.632, 2.243, 2.444, 2.244]",True,2.14,0.174,0.008
1,"02/04/20, 11:51",roll_z_0_1pitch_y_0_7pitch_z_0_1roll_y_0_7pitch_y_0_4pitch_y_0_4,"[True, True, True, True]","[2.226, 1.841, 2.445, 2.444]",True,2.24,0.178,0.005
1,"02/04/20, 11:51",roll_z_0_1roll_y_0_7pitch_y_0_4pitch_y_0_7pitch_z_0_1pitch_z_0_4,"[True, True, True, True]","[2.237, 1.665, 2.244, 2.041]",True,2.05,0.183,0.01
1,"02/04/20, 11:52",roll_z_0_1pitch_y_0_1pitch_y_0_1pitch_z_0_4pitch_x_0_7roll_z_0_7,"[True, True, False, False]","[-1, -1, -1, -1]",False,-1,-1,-1
1,"02/04/20, 11:52",roll_z_0_1pitch_y_0_7pitch_y_0_4pitch_z_0_1pitch_x_0_7roll_x_0_4,"[True, True, True, True]","[2.235, 2.464, 2.643, 2.444]",True,2.45,0.172,0.006
1,"02/04/20, 11:53",roll_z_0_1pitch_y_0_7pitch_y_0_7roll_y_0_4pitch_y_0_4pitch_x_0_1,"[True, True, True, True]","[2.453, 2.243, 2.04, 2.644]",True,2.34,0.184,0.01
1,"02/04/20, 11:53",roll_z_0_1pitch_y_0_7pitch_y_0_4roll_y_0_1pitch_y_0_7pitch_y_0_4,"[True, False, False, True]","[-1, -1, -1, -1]",False,-1,-1,-1
1,"02/04/20, 11:53",roll_z_0_1pitch_y_0_7pitch_z_0_1pitch_y_0_4pitch_y_0_7roll_z_0_1,"[True, True, True, True]","[2.246, 1.641, 2.645, 2.444]",True,2.24,0.193,0.011
1,"02/04/20, 11:54",roll_z_0_1pitch_y_0_4pitch_z_0_1pitch_y_0_1pitch_y_0_7roll_y_0_7,"[True, True, False, True]","[1.632, 2.465, 3.664, 2.427]",True,2.55,0.286,0.002
2,"02/04/20, 11:54",roll_z_0_1pitch_y_0_7pitch_x_0_7roll_x_0_4pitch_y_0_1roll_z_0_7,"[True, True, False, False]","[-1, -1, -1, -1]",False,-1,-1,-1
1,"02/04/20, 11:54",roll_z_0_1pitch_y_0_4pitch_y_0_7pitch_z_0_1roll_y_0_1pitch_y_0_7,"[True, True, True, True]","[2.236, 2.064, 2.443, 2.044]",True,2.2,0.168,0.012
1,"02/04/20, 11:55",roll_z_0_1pitch_y_0_1pitch_y_0_4pitch_z_0_7pitch_x_0_7roll_x_0_1,"[True, True, True, False]","[-1, -1, -1, -1]",False,-1,-1,-1
1,"02/04/20, 11:55",roll_z_0_1pitch_y_0_4roll_x_0_1pitch_y_0_7pitch_x_0_7roll_y_0_7,"[True, True, True, True]","[3.042, 1.451, 2.265, 5.693]",True,3.11,0.127,0.004
1,"02/04/20, 11:56",roll_z_0_1roll_y_0_7pitch_y_0_4pitch_x_0_7roll_y_0_7pitch_y_0_1,"[True, True, True, True]","[2.249, 2.263, 2.645, 2.443]",True,2.4,0.189,0.013
1,"02/04/20, 11:56",roll_z_0_1pitch_y_0_7pitch_x_0_4pitch_z_0_7roll_z_0_7roll_y_0_1,"[True, True, True, True]","[2.429, 2.243, 2.665, 2.644]",True,2.5,0.18,0.011
1,"02/04/20, 11:56",roll_z_0_1pitch_y_0_7pitch_z_0_7pitch_z_0_1roll_z_0_4roll_y_0_7,"[True, True, True, True]","[2.233, 2.243, 2.645, 2.443]",True,2.39,0.192,0.013
1,"02/04/20, 11:57",roll_z_0_1roll_y_0_4pitch_y_0_1pitch_z_0_7pitch_x_0_7roll_z_0_7,"[True, True, True, False]","[-1, -1, -1, -1]",False,-1,-1,-1
1,"02/04/20, 11:57",roll_z_0_1pitch_y_0_7roll_y_0_4pitch_y_0_1pitch_x_0_7roll_z_0_7,"[True, True, True, True]","[3.462, 2.063, 2.445, 4.267]",True,3.06,0.209,0.008
1,"02/04/20, 11:58",roll_z_0_1pitch_y_0_7roll_z_0_1pitch_y_0_7pitch_x_0_4roll_y_0_7,"[True, False, False, False]","[-1, -1, -1, -1]",False,-1,-1,-1
1,"02/04/20, 11:58",roll_z_0_1pitch_y_0_4pitch_y_0_7roll_x_0_7pitch_y_0_1pitch_x_0_4,"[True, False, False, True]","[-1, -1, -1, -1]",False,-1,-1,-1
1,"02/04/20, 11:58",roll_z_0_1pitch_y_0_4pitch_y_0_4roll_x_0_7pitch_y_0_7pitch_x_0_1,"[True, True, True, True]","[1.619, 1.839, 2.645, 2.644]",True,2.19,0.205,0.006
1,"02/04/20, 11:59",roll_z_0_1pitch_y_0_7pitch_y_0_1pitch_x_0_7pitch_x_0_4roll_z_0_4,"[True, True, True, True]","[2.243, 2.246, 2.645, 2.664]",True,2.45,0.167,0.01
1,"02/04/20, 11:59",roll_z_0_1pitch_y_0_7pitch_z_0_4pitch_x_0_7roll_z_0_7roll_y_0_1,"[True, True, True, True]","[2.238, 2.447, 1.839, 2.645]",True,2.29,0.172,0.004
1,"02/04/20, 12:00",roll_z_0_1pitch_y_0_7pitch_y_0_4roll_x_0_1pitch_y_0_1pitch_z_0_7,"[False, True, True, False]","[-1, -1, -1, -1]",False,-1,-1,-1
1,"02/04/20, 12:00",roll_z_0_1pitch_y_0_1pitch_x_0_1pitch_y_0_4pitch_y_0_7roll_x_0_7,"[True, True, True, True]","[5.556, 2.264, 3.665, 3.446]",True,3.73,0.119,0.004
1,"02/04/20, 12:01",roll_z_0_1roll_y_0_7pitch_y_0_7pitch_z_0_1pitch_x_0_7roll_x_0_4,"[True, False, True, True]","[2.242, 3.484, 2.626, 2.444]",True,2.7,0.188,0.006
2,"02/04/20, 12:01",roll_z_0_1roll_y_0_1pitch_y_0_4pitch_y_0_7pitch_z_0_1pitch_x_0_7,"[True, False, True, True]","[1.629, 3.663, 2.43, 2.646]",True,2.59,0.167,0.005
1,"02/04/20, 12:01",roll_z_0_1pitch_y_0_1pitch_y_0_7pitch_x_0_7roll_z_0_4pitch_y_0_1,"[True, True, True, True]","[2.239, 1.841, 2.444, 2.036]",True,2.14,0.166,0.011
1,"02/04/20, 12:02",roll_z_0_1roll_y_0_1pitch_y_0_7pitch_z_0_7pitch_x_0_4roll_z_0_7,"[True, True, True, False]","[-1, -1, -1, -1]",False,-1,-1,-1
1,"02/04/20, 12:02",roll_z_0_1pitch_y_0_4pitch_y_0_1pitch_x_0_7roll_x_0_7pitch_y_0_1,"[True, True, True, True]","[3.457, 2.444, 7.154, 2.266]",True,3.83,0.073,0.001
1,"02/04/20, 12:03",roll_z_0_1pitch_y_0_7pitch_y_0_4pitch_z_0_7roll_x_0_4pitch_y_0_1,"[True, True, True, True]","[2.235, 2.444, 2.443, 2.444]",True,2.39,0.168,0.005
2,"02/04/20, 12:03",roll_z_0_1pitch_y_0_7pitch_x_0_4pitch_z_0_7roll_y_0_1roll_y_0_7,"[True, True, True, True]","[2.438, 1.64, 2.645, 2.445]",True,2.29,0.185,0.013
1,"02/04/20, 12:03",roll_z_0_1pitch_y_0_4pitch_x_0_7roll_x_0_4pitch_y_0_7roll_z_0_7,"[True, True, False, False]","[-1, -1, -1, -1]",False,-1,-1,-1
1,"02/04/20, 12:04",roll_z_0_1pitch_y_0_7pitch_x_0_4roll_x_0_7roll_y_0_7pitch_y_0_4,"[True, True, True, True]","[2.259, 2.263, 2.444, 2.644]",True,2.4,0.207,0.012
1,"02/04/20, 12:04",roll_z_0_1roll_y_0_7pitch_y_0_1pitch_x_0_7pitch_y_0_7roll_y_0_4,"[True, True, True, True]","[2.437, 2.664, 3.245, 3.045]",True,2.85,0.096,0.001
1,"02/04/20, 12:05",roll_z_0_1roll_y_0_7pitch_y_0_7pitch_z_0_1pitch_y_0_4pitch_y_0_4,"[True, True, True, True]","[2.229, 1.638, 2.036, 1.847]",True,1.94,0.17,0.012
1,"02/04/20, 12:05",roll_z_0_1pitch_y_0_7roll_z_0_7roll_y_0_1pitch_y_0_7pitch_x_0_4,"[True, False, False, True]","[-1, -1, -1, -1]",False,-1,-1,-1
1,"02/04/20, 12:06",roll_z_0_1roll_y_0_1pitch_y_0_7pitch_y_0_1pitch_z_0_7pitch_z_0_4,"[True, True, True, True]","[2.229, 2.444, 2.464, 2.444]",True,2.4,0.204,0.006
1,"02/04/20, 12:06",roll_z_0_1pitch_y_0_7roll_z_0_4pitch_y_0_7pitch_z_0_7roll_x_0_4,"[True, True, True, True]","[1.629, 2.445, 2.443, 2.665]",True,2.3,0.162,0.005
1,"02/04/20, 12:06",roll_z_0_1pitch_y_0_7pitch_x_0_4pitch_z_0_7roll_x_0_1roll_y_0_7,"[True, True, True, True]","[2.236, 2.445, 2.644, 2.644]",True,2.49,0.191,0.006
1,"02/04/20, 12:07",roll_z_0_1pitch_y_0_7pitch_y_0_4pitch_x_0_1pitch_x_0_1roll_y_0_7,"[True, True, True, True]","[2.227, 1.839, 1.837, 2.444]",True,2.09,0.205,0.005
1,"02/04/20, 12:07",roll_z_0_1pitch_y_0_7roll_y_0_1pitch_y_0_7pitch_y_0_4pitch_z_0_4,"[True, True, False, True]","[2.225, 2.467, 1.856, 1.829]",True,2.09,0.281,0.001
1,"02/04/20, 12:07",roll_z_0_1pitch_y_0_7pitch_z_0_4roll_x_0_1pitch_y_0_7pitch_y_0_1,"[True, True, False, False]","[-1, -1, -1, -1]",False,-1,-1,-1
1,"02/04/20, 12:08",roll_z_0_1pitch_y_0_4pitch_z_0_7pitch_y_0_7roll_x_0_7roll_y_0_1,"[True, True, True, True]","[2.244, 2.264, 2.647, 2.444]",True,2.4,0.186,0.014
1,"02/04/20, 12:08",roll_z_0_1roll_y_0_4pitch_y_0_1pitch_z_0_7pitch_z_0_7roll_z_0_7,"[True, True, True, False]","[-1, -1, -1, -1]",False,-1,-1,-1
1,"02/04/20, 12:09",roll_z_0_1pitch_y_0_1pitch_y_0_7roll_x_0_1pitch_y_0_7pitch_y_0_4,"[True, True, False, False]","[-1, -1, -1, -1]",False,-1,-1,-1
1,"02/04/20, 12:09",roll_z_0_1pitch_y_0_4pitch_y_0_7pitch_x_0_1pitch_z_0_4roll_x_0_7,"[True, True, True, True]","[2.236, 2.443, 2.444, 2.464]",True,2.4,0.214,0.004
1,"02/04/20, 12:09",roll_z_0_1pitch_y_0_7pitch_y_0_1roll_z_0_7pitch_y_0_4pitch_z_0_4,"[False, True, False, True]","[-1, -1, -1, -1]",False,-1,-1,-1
1,"02/04/20, 12:10",roll_z_0_1pitch_y_0_1pitch_y_0_1roll_z_0_4pitch_y_0_7pitch_x_0_7,"[True, True, True, True]","[2.232, 2.244, 2.045, 2.445]",True,2.24,0.194,0.012
1,"02/04/20, 12:10",roll_z_0_1pitch_y_0_4pitch_y_0_1roll_x_0_4pitch_y_0_7pitch_x_0_7,"[True, False, False, False]","[-1, -1, -1, -1]",False,-1,-1,-1
1,"02/04/20, 12:11",roll_z_0_1pitch_y_0_4roll_x_0_7pitch_y_0_7pitch_z_0_1roll_z_0_7,"[True, True, True, True]","[4.461, 2.442, 2.664, 2.643]",True,3.05,0.187,0.006
1,"02/04/20, 12:11",roll_z_0_1pitch_y_0_4pitch_y_0_1roll_x_0_7pitch_y_0_7pitch_y_0_4,"[True, False, False, False]","[-1, -1, -1, -1]",False,-1,-1,-1
1,"02/04/20, 12:12",roll_z_0_1pitch_y_0_4pitch_y_0_7roll_x_0_4pitch_y_0_7pitch_z_0_1,"[True, True, False, False]","[-1, -1, -1, -1]",False,-1,-1,-1
1,"02/04/20, 12:12",roll_z_0_1pitch_y_0_7pitch_x_0_1roll_y_0_7pitch_y_0_7roll_z_0_4,"[True, True, True, True]","[5.026, 2.464, 2.444, 2.444]",True,3.09,0.18,0.004
2,"02/04/20, 12:12",roll_z_0_1pitch_y_0_7pitch_y_0_1pitch_z_0_7pitch_z_0_4roll_x_0_4,"[False, True, True, False]","[-1, -1, -1, -1]",False,-1,-1,-1
1,"02/04/20, 12:13",roll_z_0_1pitch_y_0_7roll_x_0_1pitch_y_0_7pitch_x_0_7roll_z_0_4,"[True, True, True, True]","[3.464, 2.043, 2.444, 2.865]",True,2.7,0.178,0.004
2,"02/04/20, 12:13",roll_z_0_1pitch_y_0_7pitch_y_0_7roll_y_0_4pitch_y_0_1pitch_z_0_1,"[True, False, False, True]","[-1, -1, -1, -1]",False,-1,-1,-1
1,"02/04/20, 12:13",roll_z_0_1pitch_y_0_7roll_z_0_4pitch_y_0_4pitch_y_0_1pitch_z_0_7,"[True, False, False, False]","[-1, -1, -1, -1]",False,-1,-1,-1
1,"02/04/20, 12:14",roll_z_0_1pitch_y_0_1roll_y_0_7roll_y_0_7pitch_y_0_4pitch_x_0_7,"[True, True, False, True]","[2.241, 2.443, 2.657, 2.036]",True,2.34,0.278,0.002
1,"02/04/20, 12:14",roll_z_0_1pitch_y_0_4pitch_z_0_1pitch_y_0_1pitch_y_0_7roll_x_0_7,"[True, True, True, True]","[2.433, 1.843, 2.644, 2.443]",True,2.34,0.214,0.005
1,"02/04/20, 12:15",roll_z_0_1pitch_y_0_7pitch_z_0_4roll_y_0_7pitch_y_0_1pitch_y_0_4,"[True, True, True, True]","[2.232, 2.244, 2.644, 2.464]",True,2.4,0.199,0.014
2,"02/04/20, 12:15",roll_z_0_1roll_y_0_1pitch_y_0_4pitch_z_0_7roll_y_0_7pitch_y_0_7,"[True, True, True, False]","[-1, -1, -1, -1]",False,-1,-1,-1
1,"02/04/20, 12:15",roll_z_0_1pitch_y_0_1roll_x_0_7roll_y_0_4pitch_y_0_7pitch_x_0_7,"[False, False, False, False]","[-1, -1, -1, -1]",False,-1,-1,-1
1,"02/04/20, 12:16",roll_z_0_1pitch_y_0_4roll_y_0_7pitch_y_0_1pitch_x_0_7roll_x_0_7,"[True, True, True, False]","[-1, -1, -1, -1]",False,-1,-1,-1
1,"02/04/20, 12:16",roll_z_0_1pitch_y_0_7pitch_z_0_4pitch_y_0_1roll_x_0_7roll_y_0_7,"[True, True, True, True]","[2.248, 1.841, 2.444, 2.644]",True,2.29,0.166,0.005
1,"02/04/20, 12:16",roll_z_0_1pitch_y_0_4pitch_x_0_7roll_y_0_4pitch_y_0_7pitch_y_0_1,"[True, True, True, True]","[1.618, 1.848, 2.444, 2.444]",True,2.09,0.211,0.004
1,"02/04/20, 12:17",roll_z_0_1pitch_y_0_7pitch_y_0_7pitch_z_0_1pitch_y_0_1roll_z_0_4,"[True, True, True, True]","[2.23, 2.465, 1.838, 2.644]",True,2.29,0.16,0.005
1,"02/04/20, 12:17",roll_z_0_1pitch_y_0_7pitch_y_0_1roll_z_0_7pitch_y_0_4pitch_y_0_1,"[True, True, True, True]","[2.23, 2.445, 2.667, 2.644]",True,2.5,0.191,0.005
1,"02/04/20, 12:18",roll_z_0_1pitch_y_0_1pitch_y_0_4pitch_x_0_4roll_x_0_7pitch_y_0_7,"[True, True, True, True]","[1.622, 2.464, 2.67, 4.468]",True,2.81,0.115,0.01
1,"02/04/20, 12:19",roll_z_0_1pitch_y_0_1pitch_z_0_7roll_y_0_4pitch_y_0_7roll_x_0_7,"[True, True, True, True]","[1.629, 2.247, 2.444, 2.644]",True,2.24,0.157,0.012
2,"02/04/20, 12:19",roll_z_0_1pitch_y_0_1pitch_y_0_1pitch_z_0_7roll_z_0_7pitch_y_0_4,"[True, True, False, False]","[-1, -1, -1, -1]",False,-1,-1,-1
1,"02/04/20, 12:19",roll_z_0_1pitch_y_0_1pitch_z_0_4roll_z_0_4pitch_y_0_7pitch_y_0_7,"[True, True, True, False]","[-1, -1, -1, -1]",False,-1,-1,-1
1,"02/04/20, 12:20",roll_z_0_1roll_y_0_7pitch_y_0_4pitch_y_0_7pitch_x_0_4pitch_y_0_1,"[True, True, True, False]","[-1, -1, -1, -1]",False,-1,-1,-1
1,"02/04/20, 12:20",roll_z_0_1pitch_y_0_1pitch_y_0_4pitch_z_0_7pitch_x_0_7roll_z_0_4,"[True, True, True, False]","[-1, -1, -1, -1]",False,-1,-1,-1
1,"02/04/20, 12:20",roll_z_0_1pitch_y_0_7pitch_x_0_7roll_x_0_7pitch_y_0_4roll_x_0_4,"[True, True, True, True]","[2.256, 1.642, 2.444, 2.446]",True,2.2,0.184,0.015
1,"02/04/20, 12:21",roll_z_0_1pitch_y_0_4roll_z_0_7pitch_y_0_7roll_x_0_4pitch_y_0_7,"[True, True, True, True]","[1.636, 1.637, 2.424, 2.644]",True,2.09,0.164,0.011
1,"02/04/20, 12:21",roll_z_0_1pitch_y_0_7pitch_x_0_7pitch_y_0_1pitch_y_0_1roll_x_0_4,"[True, True, True, True]","[1.63, 1.836, 2.645, 2.664]",True,2.19,0.198,0.006
1,"02/04/20, 12:21",roll_z_0_1pitch_y_0_7pitch_x_0_4pitch_y_0_7pitch_y_0_1roll_x_0_4,"[True, True, True, True]","[1.638, 1.641, 2.647, 2.464]",True,2.1,0.188,0.012
1,"02/04/20, 12:22",roll_z_0_1pitch_y_0_4roll_x_0_1roll_y_0_7pitch_y_0_7pitch_x_0_7,"[True, True, False, True]","[2.023, 1.648, 2.861, 2.651]",True,2.3,0.257,0.011
1,"02/04/20, 12:22",roll_z_0_1pitch_y_0_7roll_z_0_1pitch_y_0_7pitch_y_0_1pitch_x_0_4,"[True, False, False, False]","[-1, -1, -1, -1]",False,-1,-1,-1
2,"02/04/20, 12:23",roll_z_0_1pitch_y_0_4roll_z_0_1pitch_y_0_7roll_x_0_7pitch_y_0_7,"[False, False, True, False]","[-1, -1, -1, -1]",False,-1,-1,-1
1,"02/04/20, 12:23",roll_z_0_1pitch_y_0_7pitch_y_0_4roll_x_0_1pitch_y_0_7pitch_y_0_4,"[True, False, False, True]","[-1, -1, -1, -1]",False,-1,-1,-1
1,"02/04/20, 12:23",roll_z_0_1pitch_y_0_4pitch_y_0_1roll_y_0_7pitch_y_0_4pitch_z_0_7,"[True, True, True, True]","[2.249, 2.244, 2.443, 2.625]",True,2.39,0.168,0.011
2,"02/04/20, 12:24",roll_z_0_1roll_y_0_7pitch_y_0_7pitch_z_0_4roll_x_0_7pitch_y_0_4,"[True, True, True, False]","[-1, -1, -1, -1]",False,-1,-1,-1
1,"02/04/20, 12:24",roll_z_0_1pitch_y_0_7pitch_y_0_4pitch_x_0_4pitch_z_0_1roll_x_0_7,"[True, True, True, True]","[2.235, 2.444, 2.444, 2.644]",True,2.44,0.163,0.005
1,"02/04/20, 12:25",roll_z_0_1roll_y_0_7pitch_y_0_4pitch_y_0_7pitch_x_0_1pitch_y_0_4,"[True, True, True, True]","[1.838, 1.64, 2.464, 1.836]",True,1.94,0.192,0.005
1,"02/04/20, 12:25",roll_z_0_1pitch_y_0_7roll_y_0_7pitch_y_0_7pitch_x_0_1roll_y_0_4,"[True, True, False, False]","[-1, -1, -1, -1]",False,-1,-1,-1
1,"02/04/20, 12:25",roll_z_0_1pitch_y_0_7roll_z_0_7pitch_y_0_7roll_x_0_4pitch_y_0_1,"[True, True, True, True]","[1.637, 1.637, 2.464, 2.464]",True,2.05,0.21,0.015
1,"02/04/20, 12:26",roll_z_0_1pitch_y_0_4roll_x_0_7pitch_y_0_7pitch_x_0_7roll_z_0_4,"[False, True, True, False]","[-1, -1, -1, -1]",False,-1,-1,-1
1,"02/04/20, 12:26",roll_z_0_1pitch_y_0_1pitch_y_0_7pitch_x_0_7pitch_z_0_4roll_y_0_4,"[True, True, True, True]","[2.256, 1.839, 2.644, 2.042]",True,2.2,0.196,0.006
2,"02/04/20, 12:26",roll_z_0_1roll_y_0_4pitch_y_0_1pitch_z_0_7pitch_x_0_7roll_y_0_7,"[True, True, True, False]","[-1, -1, -1, -1]",False,-1,-1,-1
1,"02/04/20, 12:27",roll_z_0_1pitch_y_0_7pitch_y_0_1pitch_z_0_4pitch_z_0_4roll_z_0_7,"[True, True, True, False]","[-1, -1, -1, -1]",False,-1,-1,-1
1,"02/04/20, 12:27",roll_z_0_1pitch_y_0_4pitch_x_0_4roll_y_0_7pitch_y_0_7roll_y_0_7,"[True, True, False, True]","[3.047, 2.484, 1.709, 6.065]",True,3.33,0.129,0.002
1,"02/04/20, 12:28",roll_z_0_1roll_y_0_7roll_y_0_7pitch_y_0_7pitch_x_0_4pitch_z_0_1,"[True, True, True, True]","[1.637, 1.837, 3.666, 2.642]",True,2.45,0.027,0.002
1,"02/04/20, 12:28",roll_z_0_1pitch_y_0_7pitch_x_0_7roll_x_0_4roll_y_0_1pitch_y_0_7,"[True, True, True, True]","[2.24, 2.444, 2.664, 2.443]",True,2.45,0.185,0.006
1,"02/04/20, 12:29",roll_z_0_1pitch_y_0_4roll_x_0_7pitch_y_0_7pitch_x_0_1roll_y_0_7,"[True, True, False, True]","[4.886, 2.444, 9.32, 4.464]",True,5.28,0.295,0.002
1,"02/04/20, 12:29",roll_z_0_1pitch_y_0_4roll_y_0_7pitch_y_0_7pitch_z_0_4roll_y_0_7,"[True, True, True, True]","[1.621, 2.445, 2.032, 2.037]",True,2.03,0.154,0.005
1,"02/04/20, 12:30",roll_z_0_1roll_y_0_4pitch_y_0_7roll_x_0_7pitch_y_0_7pitch_z_0_4,"[True, True, False, False]","[-1, -1, -1, -1]",False,-1,-1,-1
1,"02/04/20, 12:30",roll_z_0_1roll_y_0_1roll_y_0_7pitch_y_0_4pitch_x_0_7pitch_x_0_7,"[True, True, True, True]","[1.619, 1.843, 2.444, 2.644]",True,2.14,0.152,0.005
1,"02/04/20, 12:30",roll_z_0_1pitch_y_0_7pitch_x_0_7roll_x_0_4pitch_y_0_4roll_x_0_7,"[True, True, False, False]","[-1, -1, -1, -1]",False,-1,-1,-1
1,"02/04/20, 12:31",roll_z_0_1pitch_y_0_7pitch_x_0_1pitch_x_0_7roll_z_0_4roll_y_0_7,"[True, True, True, False]","[-1, -1, -1, -1]",False,-1,-1,-1
1,"02/04/20, 12:31",roll_z_0_1roll_y_0_7pitch_y_0_7pitch_z_0_1pitch_z_0_7roll_z_0_4,"[True, True, True, True]","[2.241, 2.466, 2.645, 2.644]",True,2.5,0.168,0.005
1,"02/04/20, 12:32",roll_z_0_1roll_y_0_7roll_y_0_4pitch_y_0_7pitch_z_0_4pitch_x_0_7,"[True, True, True, True]","[2.241, 2.465, 2.645, 2.046]",True,2.35,0.185,0.006
1,"02/04/20, 12:32",roll_z_0_1pitch_y_0_7pitch_x_0_4roll_z_0_1pitch_y_0_7roll_z_0_7,"[True, True, True, True]","[2.263, 2.464, 2.644, 2.444]",True,2.45,0.201,0.006
1,"02/04/20, 12:32",roll_z_0_1pitch_y_0_7pitch_z_0_4roll_x_0_7roll_y_0_7pitch_y_0_1,"[True, True, True, True]","[2.258, 2.444, 2.665, 2.464]",True,2.46,0.183,0.005
1,"02/04/20, 12:33",roll_z_0_1pitch_y_0_7pitch_x_0_7roll_x_0_4pitch_y_0_7roll_x_0_1,"[True, True, False, False]","[-1, -1, -1, -1]",False,-1,-1,-1
1,"02/04/20, 12:33",roll_z_0_1roll_y_0_7pitch_y_0_4pitch_x_0_7pitch_y_0_4roll_y_0_7,"[True, True, False, True]","[1.834, 2.464, 3.861, 2.449]",True,2.65,0.272,0.002
1,"02/04/20, 12:34",roll_z_0_1pitch_y_0_1pitch_x_0_4pitch_z_0_7roll_x_0_7roll_y_0_7,"[True, True, False, True]","[2.627, 2.043, 2.276, 2.232]",True,2.29,0.23,0.001
1,"02/04/20, 12:34",roll_z_0_1pitch_y_0_7pitch_z_0_1roll_z_0_4roll_y_0_7pitch_y_0_7,"[True, True, True, True]","[2.227, 2.445, 2.444, 2.645]",True,2.44,0.166,0.005
1,"02/04/20, 12:34",roll_z_0_1pitch_y_0_1roll_y_0_7roll_y_0_7pitch_y_0_4pitch_z_0_7,"[True, False, False, True]","[-1, -1, -1, -1]",False,-1,-1,-1
1,"02/04/20, 12:35",roll_z_0_1pitch_y_0_7roll_y_0_7roll_y_0_7pitch_y_0_1pitch_x_0_4,"[True, True, True, True]","[2.263, 2.045, 2.664, 2.443]",True,2.35,0.203,0.013
1,"02/04/20, 12:35",roll_z_0_1roll_y_0_7pitch_y_0_4pitch_x_0_7roll_x_0_1pitch_y_0_7,"[True, True, True, True]","[1.825, 1.635, 2.444, 2.644]",True,2.14,0.181,0.013
1,"02/04/20, 12:36",roll_z_0_1pitch_y_0_4pitch_x_0_7pitch_x_0_7roll_y_0_7roll_y_0_1,"[True, True, True, True]","[2.237, 2.244, 2.463, 2.443]",True,2.35,0.174,0.012
1,"02/04/20, 12:36",roll_z_0_1roll_y_0_4pitch_y_0_7pitch_z_0_7roll_z_0_1pitch_y_0_7,"[True, True, True, True]","[2.24, 2.444, 2.444, 2.664]",True,2.45,0.16,0.005
1,"02/04/20, 12:37",roll_z_0_1pitch_y_0_7roll_x_0_4roll_y_0_4pitch_y_0_7pitch_x_0_7,"[False, True, True, True]","[2.924, 3.665, 3.265, 4.708]",True,3.64,0.111,0.004
1,"02/04/20, 12:37",roll_z_0_1roll_y_0_4pitch_y_0_7pitch_z_0_7pitch_y_0_7roll_y_0_4,"[True, True, True, True]","[2.254, 2.243, 2.445, 2.644]",True,2.4,0.177,0.012
1,"02/04/20, 12:37",roll_z_0_1pitch_y_0_7pitch_z_0_7roll_z_0_7pitch_y_0_1roll_y_0_4,"[True, True, True, True]","[2.238, 2.445, 1.846, 2.645]",True,2.29,0.155,0.005
1,"02/04/20, 12:38",roll_z_0_1pitch_y_0_4pitch_x_0_4pitch_y_0_7roll_x_0_7roll_y_0_7,"[True, True, True, True]","[2.248, 1.64, 2.644, 2.644]",True,2.29,0.176,0.011
1,"02/04/20, 12:38",roll_z_0_1pitch_y_0_7pitch_z_0_7roll_y_0_1roll_y_0_7pitch_y_0_4,"[True, True, True, True]","[2.462, 2.443, 1.843, 2.664]",True,2.35,0.157,0.005
1,"02/04/20, 12:39",roll_z_0_1roll_y_0_7pitch_y_0_4pitch_x_0_7pitch_x_0_1roll_x_0_7,"[True, True, True, True]","[1.848, 1.836, 2.444, 2.053]",True,2.05,0.16,0.005
1,"02/04/20, 12:39",roll_z_0_1pitch_y_0_7pitch_x_0_1roll_z_0_7pitch_y_0_7roll_y_0_4,"[True, False, False, False]","[-1, -1, -1, -1]",False,-1,-1,-1
1,"02/04/20, 12:39",roll_z_0_1pitch_y_0_1pitch_x_0_7roll_x_0_7pitch_y_0_4roll_x_0_7,"[False, False, True, False]","[-1, -1, -1, -1]",False,-1,-1,-1
1,"02/04/20, 12:40",roll_z_0_1pitch_y_0_1pitch_x_0_7roll_y_0_7pitch_y_0_4roll_z_0_7,"[True, True, True, True]","[3.956, 2.466, 2.443, 2.445]",True,2.83,0.173,0.005
1,"02/04/20, 12:40",roll_z_0_1roll_y_0_4pitch_y_0_7pitch_x_0_7pitch_y_0_7roll_y_0_4,"[True, True, True, True]","[2.243, 2.244, 2.644, 1.839]",True,2.24,0.208,0.004
1,"02/04/20, 12:41",roll_z_0_1roll_y_0_4pitch_y_0_7pitch_z_0_1pitch_x_0_7roll_y_0_7,"[True, False, False, False]","[-1, -1, -1, -1]",False,-1,-1,-1
1,"02/04/20, 12:41",roll_z_0_1pitch_y_0_4pitch_x_0_7roll_z_0_7roll_y_0_4pitch_y_0_7,"[True, False, True, True]","[2.261, 3.478, 2.654, 2.647]",True,2.76,0.195,0.006
1,"02/04/20, 12:41",roll_z_0_1roll_y_0_7roll_y_0_1pitch_y_0_7pitch_z_0_4pitch_y_0_7,"[True, True, True, True]","[2.442, 2.264, 2.645, 1.838]",True,2.3,0.206,0.013
1,"02/04/20, 12:42",roll_z_0_1roll_y_0_4pitch_y_0_7pitch_x_0_1pitch_x_0_7roll_x_0_7,"[True, True, True, False]","[-1, -1, -1, -1]",False,-1,-1,-1
1,"02/04/20, 12:42",roll_z_0_1roll_y_0_7roll_y_0_7pitch_y_0_1pitch_x_0_4pitch_y_0_7,"[True, False, True, True]","[2.234, 3.264, 2.426, 2.643]",True,2.64,0.171,0.013
1,"02/04/20, 12:43",roll_z_0_1pitch_y_0_7roll_z_0_7pitch_y_0_4roll_y_0_4pitch_y_0_7,"[True, True, True, True]","[1.629, 2.444, 2.467, 2.645]",True,2.3,0.163,0.005
1,"02/04/20, 12:43",roll_z_0_1pitch_y_0_7pitch_z_0_1pitch_y_0_4roll_y_0_7roll_y_0_7,"[True, True, True, True]","[2.228, 1.842, 2.445, 2.643]",True,2.29,0.167,0.005
1,"02/04/20, 12:44",roll_z_0_1pitch_y_0_1pitch_z_0_7pitch_y_0_4roll_z_0_7roll_y_0_7,"[True, True, False, True]","[2.442, 2.244, 3.861, 2.652]",True,2.8,0.245,0.01
1,"02/04/20, 12:44",roll_z_0_1pitch_y_0_7roll_y_0_7pitch_y_0_7pitch_z_0_1roll_z_0_4,"[True, True, True, True]","[1.632, 1.653, 2.667, 2.665]",True,2.15,0.176,0.011
1,"02/04/20, 12:45",roll_z_0_1roll_y_0_7pitch_y_0_7pitch_x_0_4pitch_y_0_1roll_z_0_7,"[True, True, True, True]","[5.67, 4.267, 3.887, 2.648]",True,4.12,0.137,0.006
1,"02/04/20, 12:45",roll_z_0_1pitch_y_0_7roll_x_0_1pitch_y_0_7roll_y_0_4pitch_y_0_7,"[True, True, False, False]","[-1, -1, -1, -1]",False,-1,-1,-1
1,"02/04/20, 12:45",roll_z_0_1roll_y_0_7pitch_y_0_7pitch_z_0_7pitch_x_0_4roll_z_0_1,"[True, True, True, True]","[1.83, 1.636, 2.647, 2.447]",True,2.14,0.21,0.012
1,"02/04/20, 12:46",roll_z_0_1pitch_y_0_7pitch_x_0_1roll_y_0_4pitch_y_0_7roll_z_0_7,"[True, True, True, True]","[6.639, 2.263, 2.644, 2.644]",True,3.55,0.167,0.01
1,"02/04/20, 12:46",roll_z_0_1pitch_y_0_7pitch_x_0_4roll_x_0_7roll_y_0_7pitch_y_0_1,"[True, True, True, False]","[-1, -1, -1, -1]",False,-1,-1,-1
1,"02/04/20, 12:47",roll_z_0_1pitch_y_0_7pitch_x_0_7roll_z_0_4pitch_y_0_1roll_z_0_7,"[True, True, True, True]","[1.625, 1.637, 2.444, 2.664]",True,2.09,0.164,0.011
1,"02/04/20, 12:47",roll_z_0_1roll_y_0_4pitch_y_0_7pitch_z_0_7pitch_y_0_7roll_x_0_4,"[True, True, True, True]","[2.223, 2.445, 2.443, 2.464]",True,2.39,0.19,0.006
