1,"02/04/20, 19:19",roll_z_0_1pris_z_0_7pitch_y_0_1roll_y_0_1pris_z_0_7roll_y_0_1,"[False, False, False, False]","[-1, -1, -1, -1]",False,-1,-1,-1
2,"02/04/20, 19:19",roll_z_0_1pitch_y_0_7pitch_z_0_7pitch_y_0_7roll_x_0_1pitch_y_0_1,"[True, True, True, True]","[2.479, 2.248, 2.054, 2.267]",True,2.26,0.171,0.011
3,"02/04/20, 19:20",roll_z_0_1pris_z_0_1pris_y_0_7pitch_y_0_4pitch_y_0_4pris_y_0_1,"[False, False, False, False]","[-1, -1, -1, -1]",False,-1,-1,-1
4,"02/04/20, 19:20",roll_z_0_1pris_y_0_7pris_x_0_1pitch_x_0_7roll_x_0_1pris_y_0_1,"[False, False, False, False]","[-1, -1, -1, -1]",False,-1,-1,-1
5,"02/04/20, 19:20",roll_z_0_1pitch_y_0_1pitch_z_0_4roll_x_0_1pitch_y_0_7roll_y_0_4,"[True, True, False, False]","[-1, -1, -1, -1]",False,-1,-1,-1
6,"02/04/20, 19:20",roll_z_0_1pitch_y_0_7pitch_z_0_7pitch_y_0_1pitch_z_0_1pris_x_0_4,"[False, False, False, False]","[-1, -1, -1, -1]",False,-1,-1,-1
7,"02/04/20, 19:20",roll_z_0_1pitch_y_0_4roll_y_0_7pris_y_0_4roll_y_0_7pitch_y_0_7,"[False, False, False, False]","[-1, -1, -1, -1]",False,-1,-1,-1
8,"02/04/20, 19:21",roll_z_0_1pitch_y_0_4pitch_x_0_1pitch_x_0_1pitch_x_0_4roll_x_0_4,"[True, False, False, False]","[-1, -1, -1, -1]",False,-1,-1,-1
9,"02/04/20, 19:21",roll_z_0_1pitch_y_0_4pitch_y_0_7pitch_z_0_7pitch_z_0_1pitch_y_0_4,"[True, True, False, True]","[2.27, 2.266, 4.44, 2.89]",True,2.97,0.282,0.001
10,"02/04/20, 19:21",roll_z_0_1pris_z_0_7pitch_y_0_4pitch_y_0_1pitch_z_0_7pris_z_0_4,"[False, False, False, False]","[-1, -1, -1, -1]",False,-1,-1,-1
11,"02/04/20, 19:21",roll_z_0_1pitch_y_0_4pitch_y_0_4pitch_x_0_7pitch_x_0_7pris_y_0_4,"[False, False, False, False]","[-1, -1, -1, -1]",False,-1,-1,-1
12,"02/04/20, 19:22",roll_z_0_1pris_z_0_4pris_y_0_1pitch_x_0_7pris_x_0_4pitch_x_0_4,"[False, False, False, False]","[-1, -1, -1, -1]",False,-1,-1,-1
13,"02/04/20, 19:22",roll_z_0_1pris_y_0_7pitch_z_0_1pitch_y_0_4pris_z_0_4pitch_z_0_4,"[False, False, False, False]","[-1, -1, -1, -1]",False,-1,-1,-1
14,"02/04/20, 19:22",roll_z_0_1roll_y_0_4pris_y_0_7pris_y_0_7roll_x_0_7pitch_y_0_7,"[False, False, False, False]","[-1, -1, -1, -1]",False,-1,-1,-1
15,"02/04/20, 19:22",roll_z_0_1roll_y_0_7pris_y_0_1pitch_x_0_7pris_x_0_7roll_z_0_7,"[False, False, False, False]","[-1, -1, -1, -1]",False,-1,-1,-1
16,"02/04/20, 19:22",roll_z_0_1pitch_y_0_1roll_y_0_7pitch_y_0_1pris_x_0_1pitch_x_0_7,"[False, False, False, False]","[-1, -1, -1, -1]",False,-1,-1,-1
17,"02/04/20, 19:23",roll_z_0_1pris_y_0_1pris_y_0_4roll_y_0_1pitch_y_0_4roll_y_0_4,"[False, False, False, False]","[-1, -1, -1, -1]",False,-1,-1,-1
18,"02/04/20, 19:23",roll_z_0_1pris_y_0_4pitch_x_0_7pitch_y_0_4pitch_y_0_4pitch_z_0_4,"[False, False, False, False]","[-1, -1, -1, -1]",False,-1,-1,-1
19,"02/04/20, 19:23",roll_z_0_1pris_y_0_4pris_x_0_4pris_x_0_1roll_z_0_4pitch_y_0_4,"[False, False, False, False]","[-1, -1, -1, -1]",False,-1,-1,-1
20,"02/04/20, 19:23",roll_z_0_1pitch_y_0_7pitch_z_0_4pris_z_0_7pitch_z_0_4pitch_x_0_7,"[False, False, False, False]","[-1, -1, -1, -1]",False,-1,-1,-1
21,"02/04/20, 19:23",roll_z_0_1roll_y_0_1roll_y_0_7pris_y_0_1roll_z_0_4roll_y_0_7,"[False, False, False, False]","[-1, -1, -1, -1]",False,-1,-1,-1
22,"02/04/20, 19:24",roll_z_0_1pris_z_0_1pris_y_0_1roll_x_0_4pitch_y_0_7pris_y_0_1,"[False, False, False, False]","[-1, -1, -1, -1]",False,-1,-1,-1
23,"02/04/20, 19:24",roll_z_0_1pitch_y_0_1pris_z_0_1pitch_y_0_4pitch_x_0_4roll_y_0_4,"[False, False, False, False]","[-1, -1, -1, -1]",False,-1,-1,-1
24,"02/04/20, 19:24",roll_z_0_1pitch_y_0_7pris_x_0_1pris_x_0_7pris_x_0_7roll_x_0_1,"[False, False, False, False]","[-1, -1, -1, -1]",False,-1,-1,-1
25,"02/04/20, 19:24",roll_z_0_1pris_y_0_1pitch_z_0_1pitch_x_0_4pris_z_0_4pitch_x_0_7,"[False, False, False, False]","[-1, -1, -1, -1]",False,-1,-1,-1
26,"02/04/20, 19:25",roll_z_0_1roll_y_0_4pitch_y_0_4pris_y_0_4pitch_y_0_4pris_z_0_1,"[False, False, False, False]","[-1, -1, -1, -1]",False,-1,-1,-1
27,"02/04/20, 19:25",roll_z_0_1pitch_y_0_1pitch_y_0_1pitch_x_0_4pris_z_0_4pitch_z_0_4,"[False, False, False, False]","[-1, -1, -1, -1]",False,-1,-1,-1
28,"02/04/20, 19:25",roll_z_0_1pitch_y_0_1pitch_y_0_7pris_y_0_1pitch_z_0_7pitch_y_0_7,"[False, False, False, False]","[-1, -1, -1, -1]",False,-1,-1,-1
29,"02/04/20, 19:25",roll_z_0_1pris_y_0_7pitch_z_0_7pris_x_0_7pris_x_0_4roll_z_0_7,"[False, False, False, False]","[-1, -1, -1, -1]",False,-1,-1,-1
30,"02/04/20, 19:25",roll_z_0_1pitch_y_0_4pitch_y_0_4pris_z_0_7roll_y_0_7pitch_y_0_1,"[False, False, False, False]","[-1, -1, -1, -1]",False,-1,-1,-1
31,"02/04/20, 19:25",roll_z_0_1pris_y_0_7pitch_z_0_1pris_z_0_1pitch_x_0_4pris_x_0_1,"[False, False, False, False]","[-1, -1, -1, -1]",False,-1,-1,-1
32,"02/04/20, 19:26",roll_z_0_1pris_y_0_4pris_x_0_4pitch_x_0_1pitch_y_0_4pris_y_0_4,"[False, False, False, False]","[-1, -1, -1, -1]",False,-1,-1,-1
33,"02/04/20, 19:26",roll_z_0_1pitch_y_0_7pitch_z_0_1roll_z_0_7pitch_y_0_1roll_y_0_1,"[True, True, True, True]","[2.258, 2.527, 2.049, 2.466]",True,2.33,0.185,0.005
34,"02/04/20, 19:26",roll_z_0_1pitch_y_0_7pitch_x_0_7pris_y_0_4roll_y_0_7roll_y_0_7,"[False, False, False, False]","[-1, -1, -1, -1]",False,-1,-1,-1
35,"02/04/20, 19:26",roll_z_0_1pitch_y_0_4pitch_y_0_1pitch_z_0_7roll_z_0_4pitch_y_0_1,"[True, True, True, False]","[-1, -1, -1, -1]",False,-1,-1,-1
36,"02/04/20, 19:27",roll_z_0_1pitch_y_0_4pitch_y_0_4roll_x_0_1pris_y_0_7pris_x_0_1,"[False, False, False, False]","[-1, -1, -1, -1]",False,-1,-1,-1
37,"02/04/20, 19:27",roll_z_0_1pitch_y_0_4pitch_z_0_1roll_y_0_1pitch_y_0_1pitch_z_0_7,"[True, True, True, True]","[2.489, 2.291, 2.7, 2.762]",True,2.56,0.188,0.01
38,"02/04/20, 19:27",roll_z_0_1pitch_y_0_7pitch_x_0_7pris_z_0_7pitch_x_0_1pris_x_0_7,"[False, False, False, False]","[-1, -1, -1, -1]",False,-1,-1,-1
39,"02/04/20, 19:28",roll_z_0_1roll_y_0_7pitch_y_0_1pitch_x_0_1pitch_y_0_7roll_x_0_7,"[True, True, True, True]","[2.953, 2.495, 3.938, 3.547]",True,3.23,0.073,0.003
40,"02/04/20, 19:28",roll_z_0_1pris_y_0_7roll_z_0_1pitch_y_0_4pitch_z_0_1roll_y_0_4,"[False, False, True, False]","[-1, -1, -1, -1]",False,-1,-1,-1
41,"02/04/20, 19:28",roll_z_0_1pris_z_0_7pitch_y_0_7roll_z_0_7pitch_y_0_4pitch_y_0_1,"[False, False, False, False]","[-1, -1, -1, -1]",False,-1,-1,-1
42,"02/04/20, 19:28",roll_z_0_1pitch_y_0_1pitch_y_0_7pitch_x_0_1pris_z_0_7pris_x_0_1,"[False, False, False, False]","[-1, -1, -1, -1]",False,-1,-1,-1
43,"02/04/20, 19:28",roll_z_0_1pris_y_0_7pitch_z_0_7pitch_y_0_1pitch_y_0_4pitch_y_0_4,"[False, False, True, False]","[-1, -1, -1, -1]",False,-1,-1,-1
44,"02/04/20, 19:29",roll_z_0_1pris_y_0_1pris_y_0_7roll_x_0_4pris_z_0_1pitch_y_0_7,"[False, False, False, False]","[-1, -1, -1, -1]",False,-1,-1,-1
45,"02/04/20, 19:29",roll_z_0_1pitch_y_0_1pitch_z_0_1roll_z_0_7pitch_y_0_4pitch_y_0_1,"[True, True, True, True]","[2.264, 2.491, 3.364, 3.337]",True,2.86,0.032,0.001
46,"02/04/20, 19:29",roll_z_0_1pitch_y_0_1pitch_y_0_7pitch_x_0_7roll_x_0_1pris_z_0_1,"[False, False, False, True]","[-1, -1, -1, -1]",False,-1,-1,-1
47,"02/04/20, 19:29",roll_z_0_1pris_z_0_4pitch_y_0_7pitch_y_0_4pitch_z_0_4roll_y_0_7,"[False, False, False, False]","[-1, -1, -1, -1]",False,-1,-1,-1
48,"02/04/20, 19:30",roll_z_0_1pris_y_0_1pitch_y_0_4roll_y_0_7pris_y_0_1pitch_z_0_1,"[False, False, False, False]","[-1, -1, -1, -1]",False,-1,-1,-1
49,"02/04/20, 19:30",roll_z_0_1pitch_y_0_1pris_z_0_7pitch_y_0_4roll_z_0_7roll_y_0_1,"[False, False, False, False]","[-1, -1, -1, -1]",False,-1,-1,-1
50,"02/04/20, 19:30",roll_z_0_1pris_z_0_1pitch_y_0_1pris_y_0_7pitch_y_0_1pris_y_0_7,"[False, False, False, False]","[-1, -1, -1, -1]",False,-1,-1,-1
51,"02/04/20, 19:30",roll_z_0_1pitch_y_0_7pitch_y_0_1pitch_z_0_4pitch_z_0_1pris_x_0_7,"[False, False, False, False]","[-1, -1, -1, -1]",False,-1,-1,-1
52,"02/04/20, 19:31",roll_z_0_1pris_y_0_1pitch_y_0_1pitch_y_0_7pris_z_0_7pitch_x_0_7,"[False, False, False, False]","[-1, -1, -1, -1]",False,-1,-1,-1
53,"02/04/20, 19:31",roll_z_0_1pitch_y_0_4roll_y_0_4pitch_y_0_1pitch_x_0_4pris_y_0_4,"[False, False, False, False]","[-1, -1, -1, -1]",False,-1,-1,-1
54,"02/04/20, 19:31",roll_z_0_1pris_y_0_4pris_y_0_7pitch_y_0_4roll_x_0_7roll_y_0_4,"[False, False, False, False]","[-1, -1, -1, -1]",False,-1,-1,-1
55,"02/04/20, 19:31",roll_z_0_1pris_z_0_4roll_y_0_4pitch_y_0_4pitch_x_0_7pitch_z_0_4,"[False, False, False, False]","[-1, -1, -1, -1]",False,-1,-1,-1
56,"02/04/20, 19:31",roll_z_0_1pitch_y_0_1roll_x_0_7pitch_y_0_7pitch_y_0_4roll_x_0_7,"[False, False, False, False]","[-1, -1, -1, -1]",False,-1,-1,-1
57,"02/04/20, 19:32",roll_z_0_1pitch_y_0_4pitch_y_0_1pris_z_0_7roll_z_0_7pris_y_0_7,"[False, False, False, False]","[-1, -1, -1, -1]",False,-1,-1,-1
58,"02/04/20, 19:32",roll_z_0_1pitch_y_0_4pitch_x_0_4pris_z_0_7roll_z_0_4pris_y_0_7,"[False, False, False, False]","[-1, -1, -1, -1]",False,-1,-1,-1
59,"02/04/20, 19:32",roll_z_0_1pitch_y_0_1pitch_y_0_1roll_z_0_7pitch_y_0_4roll_x_0_7,"[True, True, True, True]","[2.302, 2.271, 2.477, 2.048]",True,2.27,0.172,0.012
60,"02/04/20, 19:32",roll_z_0_1roll_y_0_4pris_y_0_4pitch_y_0_1pitch_y_0_4roll_y_0_1,"[False, False, False, False]","[-1, -1, -1, -1]",False,-1,-1,-1
61,"02/04/20, 19:33",roll_z_0_1pris_z_0_7pitch_y_0_7pris_x_0_7pris_x_0_1roll_x_0_7,"[False, False, False, False]","[-1, -1, -1, -1]",False,-1,-1,-1
62,"02/04/20, 19:33",roll_z_0_1roll_y_0_1pitch_y_0_4pris_y_0_1pitch_x_0_7roll_y_0_1,"[False, False, False, False]","[-1, -1, -1, -1]",False,-1,-1,-1
63,"02/04/20, 19:33",roll_z_0_1pris_y_0_7roll_x_0_1pitch_y_0_1pitch_y_0_7pris_y_0_1,"[False, False, False, False]","[-1, -1, -1, -1]",False,-1,-1,-1
64,"02/04/20, 19:33",roll_z_0_1pris_z_0_7pris_y_0_4pitch_y_0_7pitch_y_0_1pris_y_0_7,"[False, False, False, False]","[-1, -1, -1, -1]",False,-1,-1,-1
65,"02/04/20, 19:33",roll_z_0_1pris_z_0_1pitch_y_0_7pitch_x_0_7pitch_y_0_7pitch_y_0_4,"[False, False, False, False]","[-1, -1, -1, -1]",False,-1,-1,-1
66,"02/04/20, 19:34",roll_z_0_1roll_y_0_1pris_y_0_4roll_x_0_4pris_y_0_4pris_x_0_4,"[False, False, False, False]","[-1, -1, -1, -1]",False,-1,-1,-1
67,"02/04/20, 19:34",roll_z_0_1roll_y_0_7pris_z_0_4roll_y_0_7pris_z_0_4roll_y_0_1,"[False, False, False, False]","[-1, -1, -1, -1]",False,-1,-1,-1
68,"02/04/20, 19:34",roll_z_0_1pris_y_0_4pitch_y_0_7pitch_x_0_4pitch_x_0_7pris_y_0_4,"[False, False, False, False]","[-1, -1, -1, -1]",False,-1,-1,-1
69,"02/04/20, 19:34",roll_z_0_1pitch_y_0_1pitch_x_0_7roll_x_0_4roll_y_0_1roll_y_0_1,"[True, True, True, True]","[1.808, 2.348, 1.952, 2.079]",True,2.05,0.179,0.013
70,"02/04/20, 19:34",roll_z_0_1pris_z_0_1roll_y_0_4pris_y_0_4roll_x_0_7pris_z_0_1,"[False, False, False, False]","[-1, -1, -1, -1]",False,-1,-1,-1
71,"02/04/20, 19:35",roll_z_0_1roll_y_0_7roll_y_0_1pitch_y_0_4pitch_x_0_4roll_z_0_4,"[True, True, False, False]","[-1, -1, -1, -1]",False,-1,-1,-1
72,"02/04/20, 19:35",roll_z_0_1pitch_y_0_7pitch_y_0_1pitch_z_0_1pris_y_0_1pitch_x_0_7,"[False, False, False, False]","[-1, -1, -1, -1]",False,-1,-1,-1
73,"02/04/20, 19:35",roll_z_0_1pitch_y_0_4pitch_x_0_7pitch_x_0_7pris_y_0_7roll_z_0_7,"[False, False, False, False]","[-1, -1, -1, -1]",False,-1,-1,-1
74,"02/04/20, 19:35",roll_z_0_1pris_y_0_1roll_x_0_1pitch_y_0_4pitch_x_0_1pitch_z_0_4,"[False, False, False, False]","[-1, -1, -1, -1]",False,-1,-1,-1
75,"02/04/20, 19:36",roll_z_0_1pris_y_0_1pris_y_0_7roll_z_0_4pris_y_0_1roll_z_0_1,"[False, False, False, False]","[-1, -1, -1, -1]",False,-1,-1,-1
76,"02/04/20, 19:36",roll_z_0_1pitch_y_0_7pitch_z_0_7roll_x_0_1roll_y_0_7pris_z_0_7,"[False, False, False, False]","[-1, -1, -1, -1]",False,-1,-1,-1
77,"02/04/20, 19:36",roll_z_0_1roll_y_0_1pitch_y_0_1roll_x_0_7pris_z_0_1pitch_y_0_7,"[False, False, False, False]","[-1, -1, -1, -1]",False,-1,-1,-1
78,"02/04/20, 19:36",roll_z_0_1roll_y_0_4pitch_y_0_7pris_y_0_4roll_z_0_7roll_y_0_4,"[False, False, False, False]","[-1, -1, -1, -1]",False,-1,-1,-1
79,"02/04/20, 19:37",roll_z_0_1pitch_y_0_4pris_z_0_7roll_z_0_1roll_y_0_4roll_y_0_1,"[False, False, False, False]","[-1, -1, -1, -1]",False,-1,-1,-1
80,"02/04/20, 19:37",roll_z_0_1pris_y_0_4roll_x_0_1roll_y_0_7pris_z_0_1roll_y_0_1,"[False, False, False, False]","[-1, -1, -1, -1]",False,-1,-1,-1
81,"02/04/20, 19:37",roll_z_0_1pitch_y_0_1pris_x_0_4pitch_y_0_4pitch_y_0_1pris_x_0_4,"[False, False, False, False]","[-1, -1, -1, -1]",False,-1,-1,-1
82,"02/04/20, 19:37",roll_z_0_1pris_y_0_4pitch_z_0_4pitch_y_0_7pitch_x_0_4pitch_x_0_7,"[False, False, False, False]","[-1, -1, -1, -1]",False,-1,-1,-1
83,"02/04/20, 19:37",roll_z_0_1pris_y_0_1pris_x_0_1pitch_z_0_4pitch_x_0_1pris_z_0_4,"[False, False, False, False]","[-1, -1, -1, -1]",False,-1,-1,-1
84,"02/04/20, 19:38",roll_z_0_1pitch_y_0_7pris_y_0_7roll_x_0_1pitch_y_0_1pitch_y_0_7,"[False, False, False, False]","[-1, -1, -1, -1]",False,-1,-1,-1
85,"02/04/20, 19:38",roll_z_0_1pris_y_0_4roll_y_0_4pitch_y_0_7pitch_y_0_1pris_y_0_4,"[False, False, False, False]","[-1, -1, -1, -1]",False,-1,-1,-1
86,"02/04/20, 19:38",roll_z_0_1pitch_y_0_7pris_y_0_4pitch_x_0_7pitch_x_0_7roll_x_0_1,"[False, False, False, False]","[-1, -1, -1, -1]",False,-1,-1,-1
87,"02/04/20, 19:38",roll_z_0_1pris_y_0_7roll_x_0_4pris_z_0_7pris_y_0_4roll_y_0_1,"[False, False, False, False]","[-1, -1, -1, -1]",False,-1,-1,-1
88,"02/04/20, 19:38",roll_z_0_1pris_y_0_1pitch_x_0_4pitch_x_0_4pitch_y_0_1pris_y_0_4,"[False, False, False, False]","[-1, -1, -1, -1]",False,-1,-1,-1
89,"02/04/20, 19:39",roll_z_0_1pris_y_0_4pitch_y_0_7pitch_y_0_1pris_y_0_1pris_x_0_7,"[False, False, False, False]","[-1, -1, -1, -1]",False,-1,-1,-1
90,"02/04/20, 19:39",roll_z_0_1pitch_y_0_1pitch_y_0_7pris_z_0_1pitch_z_0_1pris_x_0_1,"[False, False, False, False]","[-1, -1, -1, -1]",False,-1,-1,-1
91,"02/04/20, 19:39",roll_z_0_1pitch_y_0_4pitch_x_0_4pris_x_0_4pris_y_0_4roll_x_0_4,"[False, False, False, False]","[-1, -1, -1, -1]",False,-1,-1,-1
92,"02/04/20, 19:39",roll_z_0_1roll_y_0_1pris_z_0_1roll_y_0_7pitch_y_0_7roll_y_0_4,"[False, False, False, False]","[-1, -1, -1, -1]",False,-1,-1,-1
93,"02/04/20, 19:39",roll_z_0_1pris_z_0_7pitch_y_0_7pitch_x_0_1pitch_x_0_1pris_x_0_7,"[False, False, False, False]","[-1, -1, -1, -1]",False,-1,-1,-1
94,"02/04/20, 19:40",roll_z_0_1roll_y_0_1roll_y_0_1pitch_y_0_7pitch_z_0_7pris_x_0_7,"[False, False, False, False]","[-1, -1, -1, -1]",False,-1,-1,-1
95,"02/04/20, 19:40",roll_z_0_1pitch_y_0_4pitch_y_0_4pris_x_0_1pitch_z_0_4roll_z_0_4,"[False, False, False, False]","[-1, -1, -1, -1]",False,-1,-1,-1
96,"02/04/20, 19:40",roll_z_0_1pitch_y_0_4pris_z_0_1pitch_y_0_1pitch_y_0_7pris_x_0_7,"[False, False, False, False]","[-1, -1, -1, -1]",False,-1,-1,-1
97,"02/04/20, 19:40",roll_z_0_1pris_y_0_7pitch_x_0_1pris_x_0_7pris_x_0_7pitch_z_0_4,"[False, False, False, False]","[-1, -1, -1, -1]",False,-1,-1,-1
98,"02/04/20, 19:41",roll_z_0_1pitch_y_0_1pitch_y_0_1pris_z_0_7pris_y_0_4pitch_y_0_4,"[False, False, False, False]","[-1, -1, -1, -1]",False,-1,-1,-1
99,"02/04/20, 19:41",roll_z_0_1pitch_y_0_1roll_z_0_4pitch_y_0_4pitch_x_0_1roll_y_0_4,"[True, True, True, True]","[2.219, 1.911, 3.192, 2.489]",True,2.45,0.186,0.006
100,"02/04/20, 19:41",roll_z_0_1pitch_y_0_4pitch_y_0_1pitch_x_0_1pitch_z_0_7pris_y_0_1,"[False, False, False, False]","[-1, -1, -1, -1]",False,-1,-1,-1
101,"02/04/20, 19:41",roll_z_0_1pris_y_0_7pitch_z_0_1pitch_z_0_4pitch_x_0_1pitch_y_0_1,"[False, False, False, False]","[-1, -1, -1, -1]",False,-1,-1,-1
102,"02/04/20, 19:42",roll_z_0_1roll_y_0_4pitch_y_0_4pitch_x_0_7pitch_z_0_4pitch_y_0_7,"[True, True, True, False]","[-1, -1, -1, -1]",False,-1,-1,-1
103,"02/04/20, 19:42",roll_z_0_1pris_y_0_7roll_x_0_1pris_y_0_7roll_x_0_7pris_z_0_1,"[False, False, False, False]","[-1, -1, -1, -1]",False,-1,-1,-1
104,"02/04/20, 19:42",roll_z_0_1pitch_y_0_1pitch_x_0_1pitch_y_0_7pris_x_0_4roll_x_0_1,"[False, False, False, False]","[-1, -1, -1, -1]",False,-1,-1,-1
105,"02/04/20, 19:42",roll_z_0_1pris_y_0_7pitch_y_0_4pitch_x_0_4pitch_y_0_4pitch_x_0_4,"[False, False, False, False]","[-1, -1, -1, -1]",False,-1,-1,-1
106,"02/04/20, 19:43",roll_z_0_1pitch_y_0_1pitch_y_0_7pris_x_0_7pris_y_0_1roll_z_0_4,"[False, False, False, False]","[-1, -1, -1, -1]",False,-1,-1,-1
107,"02/04/20, 19:43",roll_z_0_1pitch_y_0_7pris_z_0_4pitch_y_0_4pris_x_0_7roll_y_0_4,"[False, False, False, False]","[-1, -1, -1, -1]",False,-1,-1,-1
108,"02/04/20, 19:43",roll_z_0_1pris_y_0_4pris_x_0_7pitch_y_0_1roll_x_0_4pris_y_0_4,"[False, False, False, False]","[-1, -1, -1, -1]",False,-1,-1,-1
109,"02/04/20, 19:43",roll_z_0_1pitch_y_0_7pitch_x_0_1pitch_z_0_7pitch_y_0_1roll_y_0_1,"[True, True, True, True]","[2.286, 2.46, 2.462, 2.681]",True,2.47,0.164,0.005
110,"02/04/20, 19:43",roll_z_0_1pitch_y_0_7pris_y_0_1pitch_z_0_7pris_y_0_7roll_x_0_7,"[False, False, False, False]","[-1, -1, -1, -1]",False,-1,-1,-1
111,"02/04/20, 19:44",roll_z_0_1pitch_y_0_1pitch_y_0_1pitch_z_0_1pitch_x_0_4roll_x_0_4,"[False, False, False, False]","[-1, -1, -1, -1]",False,-1,-1,-1
112,"02/04/20, 19:44",roll_z_0_1pitch_y_0_4pris_y_0_1pris_y_0_1pitch_y_0_1roll_y_0_7,"[False, False, False, False]","[-1, -1, -1, -1]",False,-1,-1,-1
113,"02/04/20, 19:44",roll_z_0_1pitch_y_0_7pitch_z_0_4pitch_z_0_1pitch_z_0_7pitch_z_0_7,"[True, True, True, False]","[-1, -1, -1, -1]",False,-1,-1,-1
114,"02/04/20, 19:44",roll_z_0_1pris_y_0_7pitch_y_0_4pitch_x_0_7pris_y_0_7pitch_z_0_4,"[False, False, False, False]","[-1, -1, -1, -1]",False,-1,-1,-1
115,"02/04/20, 19:45",roll_z_0_1roll_y_0_4pitch_y_0_4pitch_z_0_7pitch_x_0_1roll_z_0_4,"[True, True, True, True]","[2.256, 2.269, 2.237, 2.35]",True,2.28,0.175,0.011
116,"02/04/20, 19:45",roll_z_0_1pitch_y_0_1pris_z_0_1pris_x_0_7pitch_z_0_1roll_z_0_7,"[False, False, False, False]","[-1, -1, -1, -1]",False,-1,-1,-1
117,"02/04/20, 19:45",roll_z_0_1pris_y_0_7roll_x_0_4pris_y_0_7roll_z_0_7pris_y_0_1,"[False, False, False, False]","[-1, -1, -1, -1]",False,-1,-1,-1
118,"02/04/20, 19:45",roll_z_0_1pitch_y_0_4pitch_x_0_4pitch_z_0_1pitch_x_0_7pitch_y_0_1,"[True, False, False, True]","[-1, -1, -1, -1]",False,-1,-1,-1
119,"02/04/20, 19:46",roll_z_0_1pitch_y_0_4pitch_x_0_7pris_z_0_7pris_y_0_7pitch_y_0_7,"[False, False, False, False]","[-1, -1, -1, -1]",False,-1,-1,-1
120,"02/04/20, 19:46",roll_z_0_1pitch_y_0_7pitch_z_0_1pitch_y_0_7pitch_x_0_4pitch_y_0_4,"[True, True, True, True]","[2.238, 1.666, 3.04, 2.907]",True,2.46,0.192,0.005
121,"02/04/20, 19:46",roll_z_0_1pris_z_0_1pitch_y_0_1pris_z_0_1pitch_y_0_4roll_y_0_7,"[False, False, False, False]","[-1, -1, -1, -1]",False,-1,-1,-1
122,"02/04/20, 19:46",roll_z_0_1pris_y_0_4pris_y_0_7pitch_x_0_7pris_z_0_4pitch_x_0_4,"[False, False, False, False]","[-1, -1, -1, -1]",False,-1,-1,-1
123,"02/04/20, 19:46",roll_z_0_1roll_y_0_1pris_y_0_7roll_x_0_4roll_y_0_1pris_y_0_4,"[False, False, False, False]","[-1, -1, -1, -1]",False,-1,-1,-1
124,"02/04/20, 19:47",roll_z_0_1pitch_y_0_7pitch_x_0_4pris_z_0_1pitch_y_0_4pitch_z_0_1,"[False, False, False, False]","[-1, -1, -1, -1]",False,-1,-1,-1
125,"02/04/20, 19:47",roll_z_0_1pris_y_0_1pris_y_0_1roll_x_0_7pitch_y_0_7roll_y_0_7,"[False, False, False, False]","[-1, -1, -1, -1]",False,-1,-1,-1
126,"02/04/20, 19:47",roll_z_0_1pitch_y_0_7pitch_x_0_7pitch_y_0_4pitch_x_0_7pris_y_0_7,"[False, False, False, True]","[-1, -1, -1, -1]",False,-1,-1,-1
127,"02/04/20, 19:47",roll_z_0_1pris_y_0_7pitch_x_0_7pris_x_0_7pitch_y_0_1pris_z_0_7,"[False, False, False, False]","[-1, -1, -1, -1]",False,-1,-1,-1
128,"02/04/20, 19:48",roll_z_0_1pris_y_0_4pitch_x_0_4roll_x_0_4roll_y_0_1roll_y_0_4,"[False, True, False, False]","[-1, -1, -1, -1]",False,-1,-1,-1
129,"02/04/20, 19:48",roll_z_0_1pris_y_0_4pitch_y_0_4pitch_y_0_4pitch_x_0_7roll_x_0_1,"[False, False, False, False]","[-1, -1, -1, -1]",False,-1,-1,-1
130,"02/04/20, 19:48",roll_z_0_1pitch_y_0_7pitch_x_0_4roll_z_0_4pris_y_0_7pitch_y_0_4,"[False, False, False, False]","[-1, -1, -1, -1]",False,-1,-1,-1
131,"02/04/20, 19:48",roll_z_0_1pris_y_0_4pitch_x_0_4pitch_y_0_4pitch_z_0_4pitch_y_0_1,"[False, True, True, False]","[-1, -1, -1, -1]",False,-1,-1,-1
132,"02/04/20, 19:49",roll_z_0_1pitch_y_0_7pris_y_0_7pitch_x_0_1pris_x_0_1pitch_y_0_1,"[False, False, False, False]","[-1, -1, -1, -1]",False,-1,-1,-1
133,"02/04/20, 19:49",roll_z_0_1pris_z_0_4pris_y_0_7pitch_y_0_1pitch_y_0_4pris_z_0_4,"[False, False, False, False]","[-1, -1, -1, -1]",False,-1,-1,-1
134,"02/04/20, 19:49",roll_z_0_1pitch_y_0_4pitch_x_0_7pris_y_0_7pris_x_0_7roll_z_0_7,"[False, False, False, False]","[-1, -1, -1, -1]",False,-1,-1,-1
135,"02/04/20, 19:49",roll_z_0_1roll_y_0_1pitch_y_0_1pris_z_0_7roll_x_0_4pris_z_0_1,"[False, False, False, False]","[-1, -1, -1, -1]",False,-1,-1,-1
136,"02/04/20, 19:49",roll_z_0_1pitch_y_0_7pitch_y_0_7pitch_y_0_7pris_y_0_4roll_z_0_4,"[False, False, False, False]","[-1, -1, -1, -1]",False,-1,-1,-1
137,"02/04/20, 19:49",roll_z_0_1pris_y_0_7pitch_z_0_4pris_x_0_1pris_x_0_1pitch_x_0_4,"[False, False, False, False]","[-1, -1, -1, -1]",False,-1,-1,-1
138,"02/04/20, 19:50",roll_z_0_1pitch_y_0_1roll_x_0_7pitch_y_0_7pris_x_0_7pitch_z_0_7,"[False, False, False, False]","[-1, -1, -1, -1]",False,-1,-1,-1
139,"02/04/20, 19:50",roll_z_0_1pitch_y_0_4pris_y_0_4pitch_y_0_7pitch_y_0_1roll_z_0_1,"[False, False, False, False]","[-1, -1, -1, -1]",False,-1,-1,-1
140,"02/04/20, 19:50",roll_z_0_1pris_y_0_7pitch_z_0_1pris_z_0_7pitch_y_0_4pitch_y_0_7,"[False, False, False, False]","[-1, -1, -1, -1]",False,-1,-1,-1
141,"02/04/20, 19:50",roll_z_0_1roll_y_0_4pitch_y_0_4pitch_x_0_1pitch_z_0_4pitch_y_0_7,"[True, True, True, False]","[-1, -1, -1, -1]",False,-1,-1,-1
142,"02/04/20, 19:51",roll_z_0_1pitch_y_0_4roll_z_0_4roll_y_0_7pris_y_0_1roll_y_0_4,"[False, False, False, False]","[-1, -1, -1, -1]",False,-1,-1,-1
143,"02/04/20, 19:51",roll_z_0_1pris_y_0_7pris_y_0_1pitch_x_0_7pitch_y_0_1pris_x_0_7,"[False, False, False, False]","[-1, -1, -1, -1]",False,-1,-1,-1
144,"02/04/20, 19:51",roll_z_0_1pitch_y_0_4pitch_y_0_4pitch_y_0_1roll_z_0_7pris_z_0_1,"[False, False, False, True]","[-1, -1, -1, -1]",False,-1,-1,-1
145,"02/04/20, 19:51",roll_z_0_1pitch_y_0_7pitch_x_0_7pris_x_0_7pitch_z_0_7pitch_y_0_1,"[False, False, False, False]","[-1, -1, -1, -1]",False,-1,-1,-1
146,"02/04/20, 19:51",roll_z_0_1pris_z_0_7pris_y_0_7pitch_y_0_4roll_y_0_4pris_y_0_4,"[False, False, False, False]","[-1, -1, -1, -1]",False,-1,-1,-1
147,"02/04/20, 19:52",roll_z_0_1roll_y_0_4pris_y_0_7pitch_y_0_4pris_y_0_1roll_y_0_4,"[False, False, False, False]","[-1, -1, -1, -1]",False,-1,-1,-1
148,"02/04/20, 19:52",roll_z_0_1pitch_y_0_7pris_z_0_7pitch_x_0_7pitch_z_0_1pitch_y_0_1,"[False, False, False, False]","[-1, -1, -1, -1]",False,-1,-1,-1
149,"02/04/20, 19:52",roll_z_0_1pitch_y_0_4pris_y_0_4pitch_y_0_4pris_z_0_7pitch_y_0_7,"[False, False, False, False]","[-1, -1, -1, -1]",False,-1,-1,-1
150,"02/04/20, 19:52",roll_z_0_1roll_y_0_1pitch_y_0_7roll_z_0_4pris_z_0_7pris_y_0_7,"[False, False, False, False]","[-1, -1, -1, -1]",False,-1,-1,-1
151,"02/04/20, 19:53",roll_z_0_1pitch_y_0_1pitch_z_0_1roll_y_0_4roll_y_0_7pris_z_0_7,"[False, False, True, True]","[-1, -1, -1, -1]",False,-1,-1,-1
152,"02/04/20, 19:53",roll_z_0_1roll_y_0_7pitch_y_0_7pris_x_0_7roll_x_0_4roll_y_0_1,"[False, False, False, False]","[-1, -1, -1, -1]",False,-1,-1,-1
153,"02/04/20, 19:53",roll_z_0_1roll_y_0_7pris_z_0_7pitch_y_0_1pitch_y_0_7pris_y_0_1,"[False, False, False, False]","[-1, -1, -1, -1]",False,-1,-1,-1
154,"02/04/20, 19:53",roll_z_0_1pitch_y_0_1pris_y_0_4roll_x_0_4roll_y_0_4pris_z_0_4,"[False, False, False, False]","[-1, -1, -1, -1]",False,-1,-1,-1
155,"02/04/20, 19:53",roll_z_0_1pitch_y_0_1pitch_x_0_1pris_y_0_4pitch_z_0_4pitch_x_0_4,"[False, False, False, False]","[-1, -1, -1, -1]",False,-1,-1,-1
156,"02/04/20, 19:54",roll_z_0_1pitch_y_0_1roll_y_0_1roll_y_0_4pitch_y_0_7pitch_y_0_4,"[True, True, True, True]","[2.26, 2.296, 2.066, 2.495]",True,2.28,0.16,0.006
157,"02/04/20, 19:54",roll_z_0_1pris_y_0_7roll_x_0_4pitch_y_0_4pitch_y_0_7pitch_y_0_1,"[False, True, True, False]","[-1, -1, -1, -1]",False,-1,-1,-1
158,"02/04/20, 19:54",roll_z_0_1pitch_y_0_4roll_x_0_4pitch_y_0_7pitch_y_0_4roll_y_0_1,"[True, True, True, True]","[2.264, 2.26, 2.669, 2.689]",True,2.47,0.186,0.011
159,"02/04/20, 19:54",roll_z_0_1pris_y_0_1pitch_x_0_1pris_x_0_4pitch_y_0_7roll_z_0_7,"[False, False, False, False]","[-1, -1, -1, -1]",False,-1,-1,-1
160,"02/04/20, 19:55",roll_z_0_1pitch_y_0_1roll_z_0_4pris_y_0_7roll_y_0_4pris_y_0_7,"[False, False, False, False]","[-1, -1, -1, -1]",False,-1,-1,-1
161,"02/04/20, 19:55",roll_z_0_1pitch_y_0_1roll_y_0_4pitch_y_0_7pitch_z_0_4pitch_x_0_1,"[True, True, True, True]","[1.651, 1.89, 1.837, 1.864]",True,1.81,0.178,0.005
162,"02/04/20, 19:55",roll_z_0_1pitch_y_0_7pitch_y_0_4pitch_z_0_4pitch_y_0_1pris_y_0_1,"[False, False, False, False]","[-1, -1, -1, -1]",False,-1,-1,-1
163,"02/04/20, 19:55",roll_z_0_1pris_y_0_1pitch_z_0_1pitch_y_0_1pitch_z_0_7pris_x_0_4,"[False, False, False, False]","[-1, -1, -1, -1]",False,-1,-1,-1
164,"02/04/20, 19:55",roll_z_0_1pris_z_0_4roll_y_0_4pris_z_0_4pris_y_0_1roll_y_0_7,"[False, False, False, False]","[-1, -1, -1, -1]",False,-1,-1,-1
165,"02/04/20, 19:56",roll_z_0_1pris_y_0_1pitch_x_0_7roll_z_0_7roll_y_0_1roll_y_0_7,"[False, False, False, False]","[-1, -1, -1, -1]",False,-1,-1,-1
166,"02/04/20, 19:56",roll_z_0_1roll_y_0_4pitch_y_0_4pris_z_0_4pitch_y_0_1roll_y_0_7,"[False, False, False, False]","[-1, -1, -1, -1]",False,-1,-1,-1
167,"02/04/20, 19:56",roll_z_0_1pris_y_0_7roll_y_0_1pitch_y_0_1pitch_y_0_1roll_x_0_1,"[False, True, True, False]","[-1, -1, -1, -1]",False,-1,-1,-1
168,"02/04/20, 19:56",roll_z_0_1pitch_y_0_1pris_x_0_1pitch_z_0_7roll_y_0_7pitch_y_0_7,"[True, False, False, False]","[-1, -1, -1, -1]",False,-1,-1,-1
169,"02/04/20, 19:56",roll_z_0_1pris_y_0_4pitch_x_0_1pris_y_0_4roll_z_0_7roll_y_0_1,"[False, False, False, False]","[-1, -1, -1, -1]",False,-1,-1,-1
170,"02/04/20, 19:57",roll_z_0_1pris_z_0_4roll_y_0_1pitch_y_0_4pris_y_0_1pris_y_0_7,"[False, False, False, False]","[-1, -1, -1, -1]",False,-1,-1,-1
171,"02/04/20, 19:57",roll_z_0_1pitch_y_0_4pitch_x_0_7pitch_y_0_4pitch_x_0_4pitch_x_0_4,"[True, True, True, True]","[2.259, 1.649, 3.748, 9.103]",True,4.19,0.126,0.003
172,"02/04/20, 19:57",roll_z_0_1pitch_y_0_4pitch_x_0_4pitch_z_0_4pris_y_0_1pris_y_0_4,"[False, False, False, False]","[-1, -1, -1, -1]",False,-1,-1,-1
173,"02/04/20, 19:57",roll_z_0_1pitch_y_0_4pris_z_0_1pitch_y_0_7roll_y_0_7roll_y_0_7,"[False, False, False, False]","[-1, -1, -1, -1]",False,-1,-1,-1
174,"02/04/20, 19:58",roll_z_0_1pris_y_0_7roll_x_0_4roll_y_0_7pitch_y_0_4pitch_x_0_4,"[False, True, False, True]","[-1, -1, -1, -1]",False,-1,-1,-1
175,"02/04/20, 19:58",roll_z_0_1pris_z_0_4pitch_y_0_7pris_x_0_4pitch_y_0_4roll_x_0_4,"[False, False, False, False]","[-1, -1, -1, -1]",False,-1,-1,-1
176,"02/04/20, 19:58",roll_z_0_1pris_z_0_1pris_y_0_1roll_x_0_1pris_z_0_7roll_y_0_7,"[False, False, False, False]","[-1, -1, -1, -1]",False,-1,-1,-1
177,"02/04/20, 19:58",roll_z_0_1pitch_y_0_4pitch_y_0_7pris_y_0_1pitch_x_0_4pris_y_0_4,"[False, False, False, False]","[-1, -1, -1, -1]",False,-1,-1,-1
178,"02/04/20, 19:59",roll_z_0_1pris_z_0_7pitch_y_0_7pris_x_0_7pitch_z_0_7pris_z_0_4,"[False, False, False, False]","[-1, -1, -1, -1]",False,-1,-1,-1
179,"02/04/20, 19:59",roll_z_0_1pris_y_0_4pitch_z_0_4pitch_z_0_7pitch_x_0_1pris_x_0_7,"[False, False, False, False]","[-1, -1, -1, -1]",False,-1,-1,-1
180,"02/04/20, 19:59",roll_z_0_1pitch_y_0_7roll_y_0_7pitch_y_0_1roll_x_0_4roll_y_0_7,"[False, False, False, False]","[-1, -1, -1, -1]",False,-1,-1,-1
181,"02/04/20, 19:59",roll_z_0_1pitch_y_0_1roll_x_0_7pitch_y_0_1pitch_x_0_1roll_y_0_4,"[True, True, True, True]","[2.266, 2.497, 2.455, 2.047]",True,2.32,0.179,0.004
182,"02/04/20, 19:59",roll_z_0_1pris_y_0_7pitch_y_0_7pris_z_0_7roll_z_0_1pris_y_0_4,"[False, False, False, False]","[-1, -1, -1, -1]",False,-1,-1,-1
183,"02/04/20, 20:00",roll_z_0_1pris_y_0_4roll_y_0_7pris_y_0_7roll_x_0_4roll_y_0_7,"[False, False, False, False]","[-1, -1, -1, -1]",False,-1,-1,-1
184,"02/04/20, 20:00",roll_z_0_1pris_y_0_1pris_y_0_1roll_x_0_4roll_y_0_4pris_y_0_1,"[False, False, False, False]","[-1, -1, -1, -1]",False,-1,-1,-1
185,"02/04/20, 20:00",roll_z_0_1roll_y_0_4pris_y_0_7roll_y_0_4roll_y_0_4pris_y_0_4,"[False, False, False, False]","[-1, -1, -1, -1]",False,-1,-1,-1
186,"02/04/20, 20:00",roll_z_0_1pitch_y_0_7roll_y_0_7pris_z_0_7pris_y_0_1pitch_x_0_1,"[False, False, False, False]","[-1, -1, -1, -1]",False,-1,-1,-1
187,"02/04/20, 20:00",roll_z_0_1roll_y_0_1roll_y_0_7roll_y_0_1pris_y_0_1pitch_x_0_4,"[False, False, False, False]","[-1, -1, -1, -1]",False,-1,-1,-1
188,"02/04/20, 20:01",roll_z_0_1pitch_y_0_7pitch_z_0_1pitch_x_0_1pitch_y_0_1pris_z_0_7,"[False, False, True, True]","[-1, -1, -1, -1]",False,-1,-1,-1
189,"02/04/20, 20:01",roll_z_0_1roll_y_0_4pris_y_0_1pris_x_0_4pitch_y_0_1pitch_y_0_1,"[False, False, False, False]","[-1, -1, -1, -1]",False,-1,-1,-1
190,"02/04/20, 20:01",roll_z_0_1pris_z_0_7pris_y_0_1pitch_x_0_7pitch_x_0_4pris_x_0_4,"[False, False, False, False]","[-1, -1, -1, -1]",False,-1,-1,-1
191,"02/04/20, 20:01",roll_z_0_1pitch_y_0_4pitch_y_0_1pitch_z_0_4pitch_y_0_7roll_x_0_4,"[True, True, False, True]","[2.341, 2.298, 2.441, 4.42]",True,2.88,0.257,0.008
1,"02/04/20, 20:03",roll_z_0_1roll_y_0_1roll_y_0_7pitch_y_0_4roll_z_0_4pitch_y_0_1,"[True, True, True, True]","[1.657, 1.869, 2.506, 2.73]",True,2.19,0.168,0.005
2,"02/04/20, 20:03",roll_z_0_1pris_z_0_7pris_y_0_1pitch_x_0_7pitch_z_0_1pris_x_0_4,"[False, False, False, False]","[-1, -1, -1, -1]",False,-1,-1,-1
3,"02/04/20, 20:03",roll_z_0_1pitch_y_0_4pitch_y_0_4roll_x_0_1pris_y_0_7pris_y_0_1,"[False, True, False, False]","[-1, -1, -1, -1]",False,-1,-1,-1
4,"02/04/20, 20:03",roll_z_0_1pris_y_0_1pitch_z_0_1pitch_x_0_4pris_z_0_4pitch_y_0_7,"[False, False, False, False]","[-1, -1, -1, -1]",False,-1,-1,-1
5,"02/04/20, 20:04",roll_z_0_1pitch_y_0_1pitch_x_0_4roll_x_0_1pitch_y_0_7roll_y_0_4,"[False, False, False, False]","[-1, -1, -1, -1]",False,-1,-1,-1
6,"02/04/20, 20:04",roll_z_0_1pitch_y_0_7pitch_z_0_1pitch_y_0_7pitch_z_0_7pitch_y_0_4,"[True, True, True, True]","[2.258, 2.297, 2.454, 2.676]",True,2.42,0.171,0.013
7,"02/04/20, 20:04",roll_z_0_1pris_y_0_1pitch_x_0_1pris_x_0_4pitch_z_0_7roll_z_0_7,"[False, False, False, False]","[-1, -1, -1, -1]",False,-1,-1,-1
8,"02/04/20, 20:04",roll_z_0_1pitch_y_0_1pitch_y_0_7pris_y_0_7pris_y_0_1roll_z_0_4,"[False, False, False, False]","[-1, -1, -1, -1]",False,-1,-1,-1
9,"02/04/20, 20:05",roll_z_0_1roll_y_0_1roll_y_0_1pitch_y_0_7pitch_z_0_7pris_z_0_7,"[False, False, False, False]","[-1, -1, -1, -1]",False,-1,-1,-1
10,"02/04/20, 20:05",roll_z_0_1pitch_y_0_7pitch_z_0_1pitch_x_0_1pitch_z_0_1pris_z_0_7,"[False, False, False, False]","[-1, -1, -1, -1]",False,-1,-1,-1
11,"02/04/20, 20:05",roll_z_0_1pris_y_0_4roll_z_0_1pris_y_0_1pitch_z_0_1pitch_y_0_4,"[False, False, False, False]","[-1, -1, -1, -1]",False,-1,-1,-1
12,"02/04/20, 20:05",roll_z_0_1pitch_y_0_4pris_z_0_1roll_z_0_4roll_y_0_1roll_y_0_4,"[False, False, False, False]","[-1, -1, -1, -1]",False,-1,-1,-1
13,"02/04/20, 20:05",roll_z_0_1pitch_y_0_1pris_z_0_1pris_x_0_7pitch_z_0_1roll_x_0_7,"[False, False, False, False]","[-1, -1, -1, -1]",False,-1,-1,-1
14,"02/04/20, 20:06",roll_z_0_1pitch_y_0_4pitch_y_0_1pris_y_0_7roll_z_0_7pris_y_0_7,"[False, False, False, False]","[-1, -1, -1, -1]",False,-1,-1,-1
15,"02/04/20, 20:06",roll_z_0_1pris_y_0_4pitch_x_0_7pitch_y_0_4pitch_y_0_4pitch_z_0_1,"[False, False, False, False]","[-1, -1, -1, -1]",False,-1,-1,-1
16,"02/04/20, 20:06",roll_z_0_1pitch_y_0_1pitch_y_0_4pris_z_0_7roll_y_0_7pitch_y_0_1,"[False, False, False, False]","[-1, -1, -1, -1]",False,-1,-1,-1
17,"02/04/20, 20:06",roll_z_0_1pris_z_0_1pris_y_0_1roll_y_0_4pitch_y_0_7pris_y_0_1,"[False, False, False, False]","[-1, -1, -1, -1]",False,-1,-1,-1
18,"02/04/20, 20:07",roll_z_0_1pitch_y_0_1pitch_x_0_7pitch_x_0_1pitch_z_0_7roll_y_0_1,"[True, True, True, True]","[2.458, 2.527, 2.626, 2.536]",True,2.54,0.219,0.004
19,"02/04/20, 20:07",roll_z_0_1pitch_y_0_4pitch_z_0_7roll_z_0_4pitch_y_0_4pitch_y_0_4,"[True, True, True, True]","[2.295, 2.327, 2.498, 2.853]",True,2.49,0.144,0.01
20,"02/04/20, 20:07",roll_z_0_1pris_y_0_1pris_x_0_7roll_z_0_4pris_y_0_1roll_z_0_1,"[False, False, False, False]","[-1, -1, -1, -1]",False,-1,-1,-1
21,"02/04/20, 20:07",roll_z_0_1roll_y_0_7pris_y_0_1pitch_x_0_7pris_x_0_7roll_x_0_7,"[False, False, False, False]","[-1, -1, -1, -1]",False,-1,-1,-1
22,"02/04/20, 20:07",roll_z_0_1pitch_y_0_1pitch_y_0_7pitch_z_0_7roll_x_0_1pris_z_0_1,"[False, False, False, True]","[-1, -1, -1, -1]",False,-1,-1,-1
23,"02/04/20, 20:08",roll_z_0_1pitch_y_0_4pris_z_0_1pitch_y_0_4pitch_y_0_7pris_x_0_7,"[False, False, False, False]","[-1, -1, -1, -1]",False,-1,-1,-1
24,"02/04/20, 20:08",roll_z_0_1pitch_y_0_4roll_z_0_1pris_y_0_1pitch_y_0_4pitch_z_0_7,"[False, False, False, False]","[-1, -1, -1, -1]",False,-1,-1,-1
25,"02/04/20, 20:08",roll_z_0_1pris_y_0_4pitch_z_0_4pitch_y_0_7pitch_x_0_4pitch_z_0_7,"[False, False, False, False]","[-1, -1, -1, -1]",False,-1,-1,-1
26,"02/04/20, 20:08",roll_z_0_1pitch_y_0_4pris_y_0_1roll_z_0_7pitch_y_0_1pitch_y_0_1,"[False, False, False, False]","[-1, -1, -1, -1]",False,-1,-1,-1
27,"02/04/20, 20:09",roll_z_0_1pitch_y_0_4pitch_x_0_7pris_y_0_7pris_y_0_7pitch_y_0_7,"[False, False, False, False]","[-1, -1, -1, -1]",False,-1,-1,-1
28,"02/04/20, 20:09",roll_z_0_1roll_y_0_4pris_z_0_7roll_y_0_1roll_y_0_7roll_y_0_1,"[False, False, False, False]","[-1, -1, -1, -1]",False,-1,-1,-1
29,"02/04/20, 20:09",roll_z_0_1pitch_y_0_7pris_x_0_7pitch_x_0_7pitch_z_0_1pitch_y_0_1,"[False, False, False, False]","[-1, -1, -1, -1]",False,-1,-1,-1
30,"02/04/20, 20:09",roll_z_0_1pitch_y_0_1pitch_x_0_7roll_z_0_7pitch_y_0_1roll_z_0_1,"[True, True, True, True]","[2.265, 2.076, 2.674, 1.864]",True,2.22,0.19,0.013
31,"02/04/20, 20:10",roll_z_0_1pris_y_0_7pitch_y_0_7pitch_y_0_7pris_x_0_1pitch_z_0_1,"[False, False, False, False]","[-1, -1, -1, -1]",False,-1,-1,-1
32,"02/04/20, 20:10",roll_z_0_1pris_y_0_1pitch_y_0_4roll_z_0_7pris_y_0_1pitch_z_0_1,"[False, False, False, False]","[-1, -1, -1, -1]",False,-1,-1,-1
33,"02/04/20, 20:10",roll_z_0_1roll_y_0_7pris_y_0_7pitch_y_0_1pitch_y_0_7pris_y_0_1,"[False, False, False, False]","[-1, -1, -1, -1]",False,-1,-1,-1
34,"02/04/20, 20:10",roll_z_0_1pitch_y_0_7pitch_x_0_7pris_z_0_7pitch_x_0_1pris_y_0_7,"[False, False, False, False]","[-1, -1, -1, -1]",False,-1,-1,-1
35,"02/04/20, 20:10",roll_z_0_1pitch_y_0_7pitch_x_0_7pitch_y_0_1pitch_z_0_1pris_x_0_4,"[False, False, False, False]","[-1, -1, -1, -1]",False,-1,-1,-1
36,"02/04/20, 20:11",roll_z_0_1pris_y_0_7pitch_y_0_4pitch_z_0_1pitch_y_0_4pitch_x_0_4,"[False, False, False, False]","[-1, -1, -1, -1]",False,-1,-1,-1
37,"02/04/20, 20:11",roll_z_0_1pris_y_0_7pitch_z_0_1pris_z_0_1pitch_z_0_1pris_x_0_1,"[False, False, False, False]","[-1, -1, -1, -1]",False,-1,-1,-1
38,"02/04/20, 20:11",roll_z_0_1pris_y_0_7pitch_y_0_4pitch_x_0_7pris_z_0_7pitch_z_0_4,"[False, False, False, False]","[-1, -1, -1, -1]",False,-1,-1,-1
39,"02/04/20, 20:11",roll_z_0_1pris_z_0_4roll_y_0_4roll_y_0_1pitch_y_0_4roll_z_0_4,"[False, False, False, False]","[-1, -1, -1, -1]",False,-1,-1,-1
40,"02/04/20, 20:11",roll_z_0_1pitch_y_0_4pitch_x_0_7pitch_x_0_7pris_x_0_7roll_z_0_7,"[False, False, False, False]","[-1, -1, -1, -1]",False,-1,-1,-1
41,"02/04/20, 20:12",roll_z_0_1pris_y_0_4pris_x_0_7pitch_y_0_1roll_x_0_4pris_z_0_4,"[False, False, False, False]","[-1, -1, -1, -1]",False,-1,-1,-1
42,"02/04/20, 20:12",roll_z_0_1pitch_y_0_7pitch_z_0_1pitch_y_0_7pitch_z_0_1pitch_y_0_4,"[True, True, True, True]","[2.428, 1.696, 2.48, 2.668]",True,2.32,0.185,0.013
43,"02/04/20, 20:12",roll_z_0_1pris_z_0_4pris_y_0_1pitch_y_0_7pris_x_0_4pitch_x_0_4,"[False, False, False, False]","[-1, -1, -1, -1]",False,-1,-1,-1
44,"02/04/20, 20:12",roll_z_0_1pitch_y_0_1pitch_y_0_7pitch_x_0_7pitch_z_0_1pris_z_0_1,"[False, False, False, False]","[-1, -1, -1, -1]",False,-1,-1,-1
45,"02/04/20, 20:13",roll_z_0_1pris_y_0_7roll_z_0_1pitch_y_0_4pitch_z_0_1roll_z_0_4,"[False, False, False, False]","[-1, -1, -1, -1]",False,-1,-1,-1
46,"02/04/20, 20:13",roll_z_0_1pitch_y_0_1pitch_x_0_1pitch_y_0_4pitch_y_0_1roll_x_0_4,"[True, True, False, False]","[-1, -1, -1, -1]",False,-1,-1,-1
47,"02/04/20, 20:13",roll_z_0_1pitch_y_0_4pitch_y_0_1pitch_z_0_7roll_x_0_4pitch_y_0_1,"[True, True, False, True]","[2.255, 2.465, 3.899, 4.784]",True,3.35,0.433,0.008
48,"02/04/20, 20:13",roll_z_0_1pris_z_0_7pitch_y_0_4pitch_y_0_1pitch_z_0_7pris_y_0_1,"[False, False, False, False]","[-1, -1, -1, -1]",False,-1,-1,-1
49,"02/04/20, 20:14",roll_z_0_1pitch_y_0_4roll_z_0_4roll_y_0_7pris_z_0_1roll_y_0_4,"[False, False, False, False]","[-1, -1, -1, -1]",False,-1,-1,-1
50,"02/04/20, 20:14",roll_z_0_1pitch_y_0_7pris_z_0_4pitch_y_0_1pris_z_0_4pris_x_0_4,"[False, False, False, False]","[-1, -1, -1, -1]",False,-1,-1,-1
51,"02/04/20, 20:14",roll_z_0_1pitch_y_0_4pitch_x_0_4pitch_x_0_4pris_y_0_1pris_y_0_4,"[False, False, False, False]","[-1, -1, -1, -1]",False,-1,-1,-1
52,"02/04/20, 20:14",roll_z_0_1pitch_y_0_1pris_z_0_7pitch_z_0_7pitch_z_0_7pitch_z_0_7,"[False, False, False, False]","[-1, -1, -1, -1]",False,-1,-1,-1
53,"02/04/20, 20:15",roll_z_0_1roll_y_0_1pitch_y_0_1roll_y_0_7pris_z_0_1pitch_y_0_7,"[False, False, False, False]","[-1, -1, -1, -1]",False,-1,-1,-1
54,"02/04/20, 20:15",roll_z_0_1pris_y_0_1pris_y_0_1roll_x_0_7pitch_y_0_7roll_x_0_7,"[False, False, False, False]","[-1, -1, -1, -1]",False,-1,-1,-1
55,"02/04/20, 20:15",roll_z_0_1pris_y_0_4pitch_y_0_7pitch_y_0_7pitch_y_0_4roll_z_0_7,"[False, True, False, False]","[-1, -1, -1, -1]",False,-1,-1,-1
56,"02/04/20, 20:15",roll_z_0_1pitch_y_0_1pris_y_0_4roll_x_0_4roll_y_0_4pris_y_0_4,"[False, False, False, False]","[-1, -1, -1, -1]",False,-1,-1,-1
57,"02/04/20, 20:15",roll_z_0_1roll_y_0_1pitch_y_0_4pris_y_0_1pitch_x_0_7roll_z_0_1,"[False, False, False, False]","[-1, -1, -1, -1]",False,-1,-1,-1
58,"02/04/20, 20:16",roll_z_0_1pitch_y_0_1pitch_y_0_1pitch_x_0_1pitch_z_0_7pris_y_0_1,"[False, False, False, False]","[-1, -1, -1, -1]",False,-1,-1,-1
59,"02/04/20, 20:16",roll_z_0_1pitch_y_0_7pitch_y_0_4pitch_x_0_4pitch_y_0_1pris_y_0_1,"[False, False, False, False]","[-1, -1, -1, -1]",False,-1,-1,-1
60,"02/04/20, 20:16",roll_z_0_1roll_y_0_4pitch_y_0_4pris_y_0_4pitch_y_0_4pris_x_0_1,"[False, False, False, False]","[-1, -1, -1, -1]",False,-1,-1,-1
61,"02/04/20, 20:16",roll_z_0_1pris_y_0_4roll_z_0_1roll_y_0_7pris_z_0_1roll_y_0_1,"[False, False, False, False]","[-1, -1, -1, -1]",False,-1,-1,-1
62,"02/04/20, 20:16",roll_z_0_1pris_y_0_4pitch_y_0_7pitch_y_0_4pris_y_0_1pris_x_0_7,"[False, False, False, False]","[-1, -1, -1, -1]",False,-1,-1,-1
63,"02/04/20, 20:16",roll_z_0_1roll_y_0_7pitch_y_0_7pris_x_0_7pris_y_0_7pitch_x_0_7,"[False, False, False, False]","[-1, -1, -1, -1]",False,-1,-1,-1
64,"02/04/20, 20:17",roll_z_0_1pris_y_0_4pitch_y_0_4pitch_y_0_4pitch_x_0_7roll_x_0_4,"[False, True, False, False]","[-1, -1, -1, -1]",False,-1,-1,-1
65,"02/04/20, 20:17",roll_z_0_1pris_y_0_7pitch_z_0_1pitch_x_0_4pitch_x_0_1pitch_y_0_1,"[False, False, False, True]","[-1, -1, -1, -1]",False,-1,-1,-1
66,"02/04/20, 20:17",roll_z_0_1pris_y_0_4pitch_z_0_4pitch_y_0_7pitch_x_0_1pris_x_0_7,"[False, False, False, False]","[-1, -1, -1, -1]",False,-1,-1,-1
67,"02/04/20, 20:17",roll_z_0_1pitch_y_0_1roll_x_0_4pitch_y_0_7pitch_y_0_1roll_y_0_1,"[True, True, True, True]","[2.298, 2.56, 2.481, 1.947]",True,2.32,0.169,0.004
68,"02/04/20, 20:18",roll_z_0_1pitch_y_0_7roll_y_0_1pris_y_0_7roll_z_0_1roll_y_0_1,"[True, False, False, False]","[-1, -1, -1, -1]",False,-1,-1,-1
69,"02/04/20, 20:18",roll_z_0_1pitch_y_0_1pitch_y_0_1pris_x_0_7pris_y_0_4pitch_y_0_4,"[False, False, False, False]","[-1, -1, -1, -1]",False,-1,-1,-1
70,"02/04/20, 20:18",roll_z_0_1pris_y_0_1pris_y_0_7roll_x_0_4pris_y_0_4pitch_y_0_7,"[False, False, False, False]","[-1, -1, -1, -1]",False,-1,-1,-1
71,"02/04/20, 20:18",roll_z_0_1pitch_y_0_1pitch_y_0_1pitch_x_0_4pris_z_0_1pitch_z_0_4,"[False, False, False, False]","[-1, -1, -1, -1]",False,-1,-1,-1
72,"02/04/20, 20:19",roll_z_0_1pris_y_0_4pris_x_0_1pitch_y_0_1pris_x_0_1roll_x_0_4,"[False, False, False, False]","[-1, -1, -1, -1]",False,-1,-1,-1
73,"02/04/20, 20:19",roll_z_0_1pris_y_0_4pris_y_0_7pitch_y_0_7pris_z_0_4pitch_x_0_4,"[False, False, False, False]","[-1, -1, -1, -1]",False,-1,-1,-1
74,"02/04/20, 20:19",roll_z_0_1pitch_y_0_4roll_y_0_7pris_y_0_4roll_x_0_7pitch_y_0_7,"[False, False, False, False]","[-1, -1, -1, -1]",False,-1,-1,-1
75,"02/04/20, 20:19",roll_z_0_1pris_z_0_7pris_y_0_7pitch_x_0_4roll_y_0_4pris_y_0_4,"[False, False, False, False]","[-1, -1, -1, -1]",False,-1,-1,-1
76,"02/04/20, 20:20",roll_z_0_1roll_y_0_4pris_y_0_4pris_y_0_7pris_x_0_4roll_z_0_7,"[False, False, False, False]","[-1, -1, -1, -1]",False,-1,-1,-1
77,"02/04/20, 20:20",roll_z_0_1pitch_y_0_7pris_z_0_4pitch_y_0_4pris_z_0_7roll_y_0_4,"[False, False, False, False]","[-1, -1, -1, -1]",False,-1,-1,-1
78,"02/04/20, 20:20",roll_z_0_1roll_y_0_4pris_y_0_4pitch_y_0_1pitch_y_0_4roll_x_0_1,"[False, False, False, False]","[-1, -1, -1, -1]",False,-1,-1,-1
79,"02/04/20, 20:20",roll_z_0_1pitch_y_0_1pris_z_0_7pitch_y_0_4roll_x_0_7roll_y_0_1,"[False, False, False, False]","[-1, -1, -1, -1]",False,-1,-1,-1
80,"02/04/20, 20:20",roll_z_0_1pris_y_0_7pitch_z_0_7pitch_y_0_1pitch_y_0_1pitch_y_0_4,"[False, True, True, False]","[-1, -1, -1, -1]",False,-1,-1,-1
81,"02/04/20, 20:21",roll_z_0_1pris_y_0_7pitch_z_0_7pris_z_0_7roll_z_0_1pris_y_0_4,"[False, False, False, False]","[-1, -1, -1, -1]",False,-1,-1,-1
82,"02/04/20, 20:21",roll_z_0_1roll_y_0_4pris_y_0_7pitch_y_0_4pris_z_0_4roll_y_0_4,"[False, False, False, False]","[-1, -1, -1, -1]",False,-1,-1,-1
83,"02/04/20, 20:21",roll_z_0_1roll_y_0_1pitch_y_0_7pitch_y_0_1pitch_y_0_4pris_x_0_4,"[False, False, False, False]","[-1, -1, -1, -1]",False,-1,-1,-1
84,"02/04/20, 20:21",roll_z_0_1pitch_y_0_1pitch_y_0_7pris_y_0_4pitch_z_0_1pris_x_0_1,"[False, False, False, False]","[-1, -1, -1, -1]",False,-1,-1,-1
85,"02/04/20, 20:21",roll_z_0_1pris_y_0_4pris_x_0_4pris_x_0_1roll_x_0_4pitch_y_0_4,"[False, False, False, False]","[-1, -1, -1, -1]",False,-1,-1,-1
86,"02/04/20, 20:22",roll_z_0_1pitch_y_0_4pitch_y_0_4pitch_z_0_4pris_y_0_4roll_y_0_1,"[False, False, False, False]","[-1, -1, -1, -1]",False,-1,-1,-1
87,"02/04/20, 20:22",roll_z_0_1pris_z_0_7pitch_y_0_1roll_y_0_1pris_y_0_7roll_y_0_1,"[False, False, False, False]","[-1, -1, -1, -1]",False,-1,-1,-1
88,"02/04/20, 20:22",roll_z_0_1pris_y_0_1pitch_z_0_1pitch_x_0_4pitch_y_0_1pris_y_0_4,"[False, False, False, False]","[-1, -1, -1, -1]",False,-1,-1,-1
89,"02/04/20, 20:22",roll_z_0_1pris_y_0_7pitch_z_0_4pris_z_0_7pitch_y_0_4pitch_y_0_7,"[False, False, False, False]","[-1, -1, -1, -1]",False,-1,-1,-1
90,"02/04/20, 20:23",roll_z_0_1pitch_y_0_1roll_y_0_7pitch_y_0_1pris_x_0_1pitch_y_0_7,"[False, False, False, False]","[-1, -1, -1, -1]",False,-1,-1,-1
91,"02/04/20, 20:23",roll_z_0_1pitch_y_0_4pitch_x_0_7pris_z_0_7pris_x_0_7roll_z_0_7,"[False, False, False, False]","[-1, -1, -1, -1]",False,-1,-1,-1
92,"02/04/20, 20:23",roll_z_0_1roll_y_0_7pitch_y_0_4pitch_y_0_7roll_z_0_1pitch_y_0_7,"[True, True, True, False]","[-1, -1, -1, -1]",False,-1,-1,-1
93,"02/04/20, 20:23",roll_z_0_1pitch_y_0_1pitch_y_0_1roll_x_0_7pitch_y_0_4roll_x_0_7,"[True, True, True, True]","[2.54, 2.516, 3.313, 6.361]",True,3.68,0.052,0.013
94,"02/04/20, 20:24",roll_z_0_1pris_z_0_7pitch_y_0_7pris_x_0_7pitch_x_0_7pris_z_0_4,"[False, False, False, False]","[-1, -1, -1, -1]",False,-1,-1,-1
95,"02/04/20, 20:24",roll_z_0_1pris_z_0_1pitch_y_0_1pris_z_0_1pitch_y_0_4roll_x_0_7,"[False, False, False, False]","[-1, -1, -1, -1]",False,-1,-1,-1
96,"02/04/20, 20:24",roll_z_0_1pitch_y_0_1pitch_x_0_7pitch_x_0_1pitch_z_0_7roll_z_0_7,"[False, False, False, False]","[-1, -1, -1, -1]",False,-1,-1,-1
97,"02/04/20, 20:24",roll_z_0_1pris_y_0_7roll_x_0_1pitch_y_0_1pitch_y_0_7pris_z_0_1,"[False, False, False, False]","[-1, -1, -1, -1]",False,-1,-1,-1
98,"02/04/20, 20:24",roll_z_0_1pitch_y_0_7pitch_x_0_4pris_z_0_1pitch_z_0_4pitch_z_0_1,"[False, False, False, False]","[-1, -1, -1, -1]",False,-1,-1,-1
99,"02/04/20, 20:25",roll_z_0_1pitch_y_0_7pitch_z_0_7roll_z_0_1roll_y_0_7pris_z_0_7,"[False, False, True, True]","[-1, -1, -1, -1]",False,-1,-1,-1
100,"02/04/20, 20:25",roll_z_0_1roll_y_0_7pitch_y_0_7pris_x_0_7roll_z_0_4roll_y_0_1,"[False, False, False, False]","[-1, -1, -1, -1]",False,-1,-1,-1
101,"02/04/20, 20:25",roll_z_0_1roll_y_0_4pris_z_0_1roll_y_0_7pitch_y_0_7roll_y_0_4,"[False, False, False, False]","[-1, -1, -1, -1]",False,-1,-1,-1
102,"02/04/20, 20:25",roll_z_0_1pitch_y_0_1roll_z_0_4pris_y_0_7roll_y_0_4pris_z_0_7,"[False, False, False, False]","[-1, -1, -1, -1]",False,-1,-1,-1
103,"02/04/20, 20:26",roll_z_0_1pris_y_0_7roll_y_0_4pris_y_0_7roll_z_0_7pris_y_0_1,"[False, False, False, False]","[-1, -1, -1, -1]",False,-1,-1,-1
104,"02/04/20, 20:26",roll_z_0_1pris_y_0_1roll_x_0_1pitch_y_0_4pitch_z_0_4pitch_z_0_4,"[False, False, False, False]","[-1, -1, -1, -1]",False,-1,-1,-1
105,"02/04/20, 20:26",roll_z_0_1pris_y_0_4roll_y_0_7pris_y_0_7roll_z_0_1roll_y_0_7,"[False, False, False, False]","[-1, -1, -1, -1]",False,-1,-1,-1
106,"02/04/20, 20:26",roll_z_0_1pris_y_0_4pitch_x_0_4pris_z_0_4pitch_z_0_4roll_y_0_4,"[False, False, False, False]","[-1, -1, -1, -1]",False,-1,-1,-1
107,"02/04/20, 20:26",roll_z_0_1pitch_y_0_4roll_z_0_4pitch_y_0_1pitch_x_0_4pris_y_0_4,"[False, False, False, True]","[-1, -1, -1, -1]",False,-1,-1,-1
108,"02/04/20, 20:27",roll_z_0_1pris_y_0_7pitch_y_0_4pris_x_0_7pris_x_0_7pitch_z_0_4,"[False, False, False, False]","[-1, -1, -1, -1]",False,-1,-1,-1
109,"02/04/20, 20:27",roll_z_0_1pitch_y_0_7roll_y_0_7pitch_y_0_1roll_y_0_4roll_y_0_7,"[True, True, True, True]","[2.243, 1.852, 2.479, 2.453]",True,2.26,0.183,0.006
110,"02/04/20, 20:27",roll_z_0_1pris_y_0_7roll_z_0_4roll_y_0_7pitch_y_0_4pitch_x_0_4,"[False, False, False, False]","[-1, -1, -1, -1]",False,-1,-1,-1
111,"02/04/20, 20:27",roll_z_0_1pitch_y_0_7pitch_x_0_7pris_z_0_4roll_y_0_7roll_y_0_7,"[False, False, False, False]","[-1, -1, -1, -1]",False,-1,-1,-1
112,"02/04/20, 20:28",roll_z_0_1pris_y_0_7pitch_z_0_7pitch_y_0_7pitch_z_0_4pitch_x_0_7,"[False, False, False, False]","[-1, -1, -1, -1]",False,-1,-1,-1
113,"02/04/20, 20:28",roll_z_0_1pitch_y_0_7pitch_y_0_1pitch_z_0_4pitch_z_0_1pris_z_0_7,"[False, False, False, True]","[-1, -1, -1, -1]",False,-1,-1,-1
114,"02/04/20, 20:28",roll_z_0_1pitch_y_0_1roll_x_0_4pitch_y_0_4pitch_x_0_1roll_y_0_4,"[True, True, True, True]","[1.648, 1.869, 2.45, 1.863]",True,1.96,0.183,0.005
115,"02/04/20, 20:28",roll_z_0_1pitch_y_0_7pitch_y_0_1pris_x_0_1pris_y_0_7pitch_y_0_1,"[False, False, False, False]","[-1, -1, -1, -1]",False,-1,-1,-1
116,"02/04/20, 20:28",roll_z_0_1roll_y_0_4pris_y_0_7roll_y_0_4roll_y_0_1pris_y_0_4,"[False, False, False, False]","[-1, -1, -1, -1]",False,-1,-1,-1
117,"02/04/20, 20:29",roll_z_0_1pitch_y_0_1pitch_x_0_1pris_y_0_1pitch_z_0_4pitch_x_0_4,"[False, False, False, False]","[-1, -1, -1, -1]",False,-1,-1,-1
118,"02/04/20, 20:29",roll_z_0_1roll_y_0_7pris_y_0_1roll_y_0_7pris_z_0_4roll_y_0_1,"[False, False, False, False]","[-1, -1, -1, -1]",False,-1,-1,-1
119,"02/04/20, 20:29",roll_z_0_1pitch_y_0_7pitch_z_0_4pitch_x_0_1pitch_z_0_1pitch_z_0_4,"[False, False, False, False]","[-1, -1, -1, -1]",False,-1,-1,-1
120,"02/04/20, 20:29",roll_z_0_1pris_y_0_1pris_x_0_1pitch_x_0_4pitch_x_0_1pris_z_0_4,"[False, False, False, False]","[-1, -1, -1, -1]",False,-1,-1,-1
121,"02/04/20, 20:29",roll_z_0_1pris_z_0_1pris_y_0_4roll_y_0_1pitch_y_0_4roll_y_0_4,"[False, False, False, False]","[-1, -1, -1, -1]",False,-1,-1,-1
122,"02/04/20, 20:30",roll_z_0_1pitch_y_0_4pitch_y_0_7pitch_z_0_7pitch_z_0_1pitch_x_0_1,"[True, True, True, True]","[2.377, 2.376, 2.033, 2.175]",True,2.24,0.169,0.011
123,"02/04/20, 20:30",roll_z_0_1roll_y_0_4pitch_y_0_1roll_z_0_4pitch_y_0_1roll_z_0_1,"[True, True, True, True]","[1.782, 1.737, 2.0, 2.066]",True,1.9,0.163,0.005
124,"02/04/20, 20:30",roll_z_0_1roll_y_0_4pitch_y_0_4pitch_x_0_1pitch_z_0_4pitch_x_0_7,"[True, True, True, False]","[-1, -1, -1, -1]",False,-1,-1,-1
125,"02/04/20, 20:31",roll_z_0_1pitch_y_0_7pris_z_0_7pitch_x_0_1pris_x_0_1pitch_y_0_1,"[False, False, False, False]","[-1, -1, -1, -1]",False,-1,-1,-1
126,"02/04/20, 20:31",roll_z_0_1pris_z_0_4roll_y_0_4pris_z_0_4pris_y_0_1roll_x_0_7,"[False, False, False, False]","[-1, -1, -1, -1]",False,-1,-1,-1
127,"02/04/20, 20:31",roll_z_0_1pitch_y_0_4pitch_z_0_1pitch_y_0_7pitch_y_0_1roll_z_0_1,"[True, True, True, True]","[2.238, 1.693, 2.687, 2.648]",True,2.32,0.188,0.005
128,"02/04/20, 20:31",roll_z_0_1pitch_y_0_1roll_x_0_4pitch_y_0_7pitch_z_0_4pitch_x_0_1,"[True, True, True, True]","[2.264, 2.494, 2.683, 2.052]",True,2.37,0.172,0.006
129,"02/04/20, 20:32",roll_z_0_1pris_z_0_4pitch_y_0_1pris_z_0_1pitch_y_0_7pris_x_0_4,"[False, False, False, False]","[-1, -1, -1, -1]",False,-1,-1,-1
130,"02/04/20, 20:32",roll_z_0_1pitch_y_0_7pitch_x_0_4roll_x_0_4pris_y_0_7pitch_y_0_4,"[False, False, False, False]","[-1, -1, -1, -1]",False,-1,-1,-1
131,"02/04/20, 20:32",roll_z_0_1pris_z_0_7pitch_y_0_7pitch_x_0_1pitch_x_0_1pris_y_0_7,"[False, False, False, False]","[-1, -1, -1, -1]",False,-1,-1,-1
132,"02/04/20, 20:32",roll_z_0_1pitch_y_0_1roll_x_0_7pitch_y_0_7pris_y_0_7pitch_z_0_7,"[False, False, False, False]","[-1, -1, -1, -1]",False,-1,-1,-1
133,"02/04/20, 20:32",roll_z_0_1pitch_y_0_4pris_x_0_4pitch_y_0_4pitch_y_0_7pris_x_0_7,"[False, False, False, False]","[-1, -1, -1, -1]",False,-1,-1,-1
134,"02/04/20, 20:33",roll_z_0_1pitch_y_0_4pitch_z_0_1roll_y_0_1pitch_y_0_1pitch_x_0_7,"[True, False, False, False]","[-1, -1, -1, -1]",False,-1,-1,-1
135,"02/04/20, 20:33",roll_z_0_1roll_y_0_4roll_y_0_1pris_y_0_1roll_y_0_4pris_y_0_1,"[False, False, False, False]","[-1, -1, -1, -1]",False,-1,-1,-1
136,"02/04/20, 20:33",roll_z_0_1roll_y_0_4pris_y_0_7pris_y_0_7roll_y_0_7pitch_y_0_7,"[False, False, False, False]","[-1, -1, -1, -1]",False,-1,-1,-1
137,"02/04/20, 20:33",roll_z_0_1pitch_y_0_7pris_y_0_1pris_x_0_7pris_x_0_7roll_x_0_1,"[False, False, False, False]","[-1, -1, -1, -1]",False,-1,-1,-1
138,"02/04/20, 20:33",roll_z_0_1pris_z_0_1roll_y_0_4pris_y_0_4roll_x_0_7pris_y_0_1,"[False, False, False, False]","[-1, -1, -1, -1]",False,-1,-1,-1
139,"02/04/20, 20:34",roll_z_0_1pris_y_0_4roll_y_0_4pitch_y_0_7pitch_y_0_4pris_y_0_4,"[False, False, False, False]","[-1, -1, -1, -1]",False,-1,-1,-1
140,"02/04/20, 20:34",roll_z_0_1roll_y_0_1pitch_y_0_4roll_x_0_4roll_y_0_7pitch_y_0_4,"[True, True, True, True]","[1.736, 1.675, 2.68, 2.471]",True,2.14,0.196,0.012
141,"02/04/20, 20:34",roll_z_0_1pitch_y_0_7pitch_x_0_1pitch_y_0_4pitch_y_0_7roll_z_0_7,"[True, True, True, True]","[2.261, 2.531, 2.468, 2.269]",True,2.38,0.205,0.004
142,"02/04/20, 20:34",roll_z_0_1pitch_y_0_7pris_y_0_4pitch_x_0_7pitch_y_0_7roll_x_0_1,"[False, False, False, False]","[-1, -1, -1, -1]",False,-1,-1,-1
143,"02/04/20, 20:35",roll_z_0_1pris_y_0_7pitch_y_0_1pitch_y_0_7pitch_x_0_7pitch_z_0_1,"[False, False, False, False]","[-1, -1, -1, -1]",False,-1,-1,-1
144,"02/04/20, 20:35",roll_z_0_1roll_y_0_4pris_y_0_1pris_y_0_4pitch_y_0_1pitch_y_0_1,"[False, False, False, False]","[-1, -1, -1, -1]",False,-1,-1,-1
145,"02/04/20, 20:35",roll_z_0_1pris_y_0_7pris_y_0_1pitch_z_0_7pitch_y_0_1pris_x_0_7,"[False, False, False, False]","[-1, -1, -1, -1]",False,-1,-1,-1
146,"02/04/20, 20:35",roll_z_0_1pris_y_0_1pitch_x_0_7roll_x_0_7roll_y_0_1roll_y_0_7,"[False, False, False, False]","[-1, -1, -1, -1]",False,-1,-1,-1
147,"02/04/20, 20:35",roll_z_0_1pitch_y_0_4pitch_y_0_7pris_z_0_4pitch_x_0_4pris_y_0_4,"[False, False, False, False]","[-1, -1, -1, -1]",False,-1,-1,-1
148,"02/04/20, 20:36",roll_z_0_1roll_y_0_1pitch_y_0_1pris_y_0_7roll_x_0_4pris_z_0_1,"[False, False, False, False]","[-1, -1, -1, -1]",False,-1,-1,-1
149,"02/04/20, 20:36",roll_z_0_1pris_y_0_7roll_z_0_4pitch_y_0_4pitch_y_0_7pitch_y_0_1,"[False, False, False, False]","[-1, -1, -1, -1]",False,-1,-1,-1
150,"02/04/20, 20:36",roll_z_0_1pris_z_0_7pitch_y_0_7roll_x_0_7pitch_y_0_4pitch_y_0_1,"[False, False, False, False]","[-1, -1, -1, -1]",False,-1,-1,-1
151,"02/04/20, 20:36",roll_z_0_1pitch_y_0_4pitch_z_0_4pitch_y_0_1pitch_z_0_4pitch_z_0_7,"[True, True, True, True]","[2.257, 2.486, 2.429, 2.446]",True,2.4,0.163,0.005
152,"02/04/20, 20:37",roll_z_0_1pris_z_0_4pris_y_0_7pitch_y_0_4roll_x_0_7roll_y_0_4,"[False, False, False, False]","[-1, -1, -1, -1]",False,-1,-1,-1
153,"02/04/20, 20:37",roll_z_0_1pris_y_0_4pitch_x_0_7pitch_x_0_4pitch_x_0_7pris_y_0_4,"[False, False, False, False]","[-1, -1, -1, -1]",False,-1,-1,-1
154,"02/04/20, 20:37",roll_z_0_1pitch_y_0_4pitch_x_0_4pris_z_0_7roll_y_0_4pris_y_0_7,"[False, False, False, False]","[-1, -1, -1, -1]",False,-1,-1,-1
155,"02/04/20, 20:37",roll_z_0_1pitch_y_0_7pitch_z_0_4pris_z_0_7pitch_x_0_1pitch_x_0_7,"[False, False, False, False]","[-1, -1, -1, -1]",False,-1,-1,-1
156,"02/04/20, 20:37",roll_z_0_1roll_y_0_1pitch_y_0_7roll_y_0_4pris_z_0_7pris_y_0_7,"[False, False, False, False]","[-1, -1, -1, -1]",False,-1,-1,-1
157,"02/04/20, 20:38",roll_z_0_1pitch_y_0_1pitch_x_0_1pitch_y_0_7pris_z_0_1roll_x_0_1,"[False, False, False, False]","[-1, -1, -1, -1]",False,-1,-1,-1
158,"02/04/20, 20:38",roll_z_0_1pris_y_0_7pitch_z_0_1pitch_x_0_4pris_z_0_4pitch_z_0_4,"[False, False, False, False]","[-1, -1, -1, -1]",False,-1,-1,-1
159,"02/04/20, 20:38",roll_z_0_1pitch_y_0_1pitch_z_0_1roll_x_0_4roll_y_0_7pris_z_0_7,"[False, True, False, False]","[-1, -1, -1, -1]",False,-1,-1,-1
160,"02/04/20, 20:38",roll_z_0_1pitch_y_0_4pris_y_0_4pitch_y_0_7pitch_y_0_1roll_y_0_1,"[False, False, False, False]","[-1, -1, -1, -1]",False,-1,-1,-1
161,"02/04/20, 20:39",roll_z_0_1pris_y_0_1pris_y_0_1roll_z_0_4roll_y_0_4pris_y_0_1,"[False, False, False, False]","[-1, -1, -1, -1]",False,-1,-1,-1
162,"02/04/20, 20:39",roll_z_0_1pris_y_0_7pitch_y_0_7pris_x_0_7pitch_y_0_1pris_z_0_7,"[False, False, False, False]","[-1, -1, -1, -1]",False,-1,-1,-1
163,"02/04/20, 20:39",roll_z_0_1pris_y_0_7pitch_z_0_7pris_y_0_7pris_x_0_4roll_z_0_7,"[False, False, False, False]","[-1, -1, -1, -1]",False,-1,-1,-1
164,"02/04/20, 20:39",roll_z_0_1pitch_y_0_1pris_z_0_1pitch_y_0_4pitch_x_0_4roll_z_0_4,"[False, False, False, False]","[-1, -1, -1, -1]",False,-1,-1,-1
165,"02/04/20, 20:39",roll_z_0_1pris_z_0_4pitch_y_0_7pitch_x_0_7pitch_y_0_7pitch_y_0_4,"[False, False, False, False]","[-1, -1, -1, -1]",False,-1,-1,-1
166,"02/04/20, 20:39",roll_z_0_1pitch_y_0_7pris_x_0_7roll_x_0_1pitch_y_0_1pitch_y_0_7,"[False, False, False, False]","[-1, -1, -1, -1]",False,-1,-1,-1
167,"02/04/20, 20:40",roll_z_0_1pris_z_0_7pitch_y_0_4pitch_x_0_4pitch_y_0_4pitch_y_0_7,"[False, True, False, False]","[-1, -1, -1, -1]",False,-1,-1,-1
168,"02/04/20, 20:40",roll_z_0_1pitch_y_0_4roll_x_0_7pitch_y_0_4pitch_z_0_4roll_y_0_7,"[True, True, True, True]","[7.241, 3.688, 2.177, 3.744]",True,4.21,0.126,0.001
169,"02/04/20, 20:40",roll_z_0_1pris_y_0_4pitch_x_0_4pitch_y_0_4pitch_z_0_1pitch_y_0_1,"[False, False, False, True]","[-1, -1, -1, -1]",False,-1,-1,-1
170,"02/04/20, 20:41",roll_z_0_1pitch_y_0_7roll_y_0_7pitch_y_0_1pitch_x_0_1roll_y_0_7,"[True, False, False, False]","[-1, -1, -1, -1]",False,-1,-1,-1
171,"02/04/20, 20:41",roll_z_0_1pitch_y_0_4pris_y_0_1pris_y_0_1pitch_y_0_1roll_x_0_7,"[False, False, False, False]","[-1, -1, -1, -1]",False,-1,-1,-1
172,"02/04/20, 20:41",roll_z_0_1pris_y_0_1pitch_y_0_1pris_y_0_7pitch_y_0_1pris_y_0_7,"[False, False, False, False]","[-1, -1, -1, -1]",False,-1,-1,-1
173,"02/04/20, 20:41",roll_z_0_1roll_y_0_1roll_y_0_7roll_y_0_1pris_y_0_1pitch_y_0_1,"[False, False, False, False]","[-1, -1, -1, -1]",False,-1,-1,-1
174,"02/04/20, 20:42",roll_z_0_1pitch_y_0_1roll_x_0_7pitch_y_0_1pitch_z_0_1roll_y_0_4,"[True, True, False, False]","[-1, -1, -1, -1]",False,-1,-1,-1
175,"02/04/20, 20:42",roll_z_0_1pris_z_0_4pitch_y_0_7pitch_y_0_4pitch_z_0_4roll_z_0_7,"[False, False, False, False]","[-1, -1, -1, -1]",False,-1,-1,-1
176,"02/04/20, 20:42",roll_z_0_1pris_z_0_7pitch_y_0_7pris_x_0_7pris_y_0_1roll_x_0_7,"[False, False, False, False]","[-1, -1, -1, -1]",False,-1,-1,-1
177,"02/04/20, 20:42",roll_z_0_1pris_z_0_4roll_y_0_4pitch_y_0_4pitch_x_0_7pitch_x_0_4,"[False, True, False, False]","[-1, -1, -1, -1]",False,-1,-1,-1
178,"02/04/20, 20:43",roll_z_0_1pitch_y_0_1pitch_y_0_7roll_z_0_4pris_z_0_1roll_y_0_4,"[False, False, False, False]","[-1, -1, -1, -1]",False,-1,-1,-1
179,"02/04/20, 20:43",roll_z_0_1pris_y_0_7pitch_z_0_4pris_x_0_1pris_x_0_1pitch_z_0_4,"[False, False, False, False]","[-1, -1, -1, -1]",False,-1,-1,-1
180,"02/04/20, 20:43",roll_z_0_1roll_y_0_4pitch_y_0_4pris_z_0_4pitch_y_0_1roll_x_0_7,"[False, False, False, False]","[-1, -1, -1, -1]",False,-1,-1,-1
181,"02/04/20, 20:43",roll_z_0_1pitch_y_0_7pitch_z_0_4pitch_x_0_7roll_z_0_4pitch_y_0_4,"[True, True, True, True]","[2.267, 2.265, 1.857, 2.647]",True,2.26,0.187,0.012
182,"02/04/20, 20:43",roll_z_0_1pitch_y_0_7pris_y_0_1pitch_z_0_7pris_z_0_7roll_x_0_7,"[False, False, False, False]","[-1, -1, -1, -1]",False,-1,-1,-1
183,"02/04/20, 20:44",roll_z_0_1pitch_y_0_1pris_x_0_1pitch_y_0_7roll_y_0_7pitch_y_0_7,"[False, False, False, False]","[-1, -1, -1, -1]",False,-1,-1,-1
184,"02/04/20, 20:44",roll_z_0_1roll_y_0_1pris_y_0_7roll_x_0_4roll_y_0_1pris_z_0_4,"[False, False, False, False]","[-1, -1, -1, -1]",False,-1,-1,-1
185,"02/04/20, 20:44",roll_z_0_1pris_y_0_1pris_y_0_1roll_x_0_1pris_z_0_7roll_y_0_7,"[False, False, False, False]","[-1, -1, -1, -1]",False,-1,-1,-1
186,"02/04/20, 20:44",roll_z_0_1roll_y_0_4pitch_y_0_7pris_x_0_4roll_z_0_7roll_y_0_4,"[False, False, False, False]","[-1, -1, -1, -1]",False,-1,-1,-1
187,"02/04/20, 20:44",roll_z_0_1roll_y_0_4pitch_y_0_4pitch_z_0_7pitch_z_0_4roll_z_0_4,"[True, True, True, True]","[2.259, 2.448, 2.689, 2.051]",True,2.36,0.182,0.004
1,"02/04/20, 20:47",roll_z_0_1pris_z_0_7pitch_y_0_1roll_x_0_1pris_y_0_7roll_y_0_1,"[False, False, False, False]","[-1, -1, -1, -1]",False,-1,-1,-1
2,"02/04/20, 20:47",roll_z_0_1roll_y_0_7pris_y_0_7pitch_y_0_1pitch_y_0_7pris_z_0_1,"[False, False, False, False]","[-1, -1, -1, -1]",False,-1,-1,-1
3,"02/04/20, 20:47",roll_z_0_1pris_y_0_7roll_y_0_4roll_y_0_7pitch_y_0_4pitch_x_0_4,"[False, False, False, False]","[-1, -1, -1, -1]",False,-1,-1,-1
4,"02/04/20, 20:47",roll_z_0_1pris_y_0_7pitch_y_0_4pitch_x_0_7pris_x_0_7pitch_z_0_4,"[False, False, False, False]","[-1, -1, -1, -1]",False,-1,-1,-1
5,"02/04/20, 20:48",roll_z_0_1pitch_y_0_4pitch_x_0_4pris_y_0_7roll_y_0_4pris_y_0_7,"[False, False, False, False]","[-1, -1, -1, -1]",False,-1,-1,-1
6,"02/04/20, 20:48",roll_z_0_1pitch_y_0_7pris_z_0_4pitch_y_0_4pris_z_0_7roll_z_0_4,"[False, False, False, False]","[-1, -1, -1, -1]",False,-1,-1,-1
7,"02/04/20, 20:48",roll_z_0_1pitch_y_0_7pitch_z_0_1pitch_y_0_4pitch_y_0_7roll_z_0_7,"[True, True, True, True]","[2.252, 2.265, 2.686, 2.646]",True,2.46,0.181,0.011
8,"02/04/20, 20:48",roll_z_0_1pris_y_0_7pris_y_0_4pitch_y_0_7pris_z_0_7pitch_y_0_4,"[False, False, False, False]","[-1, -1, -1, -1]",False,-1,-1,-1
9,"02/04/20, 20:49",roll_z_0_1pitch_y_0_4pris_y_0_7roll_z_0_1roll_y_0_4roll_y_0_1,"[False, False, False, False]","[-1, -1, -1, -1]",False,-1,-1,-1
10,"02/04/20, 20:49",roll_z_0_1pitch_y_0_4pitch_z_0_1roll_x_0_1pitch_y_0_1pitch_z_0_7,"[True, True, False, False]","[-1, -1, -1, -1]",False,-1,-1,-1
11,"02/04/20, 20:49",roll_z_0_1pris_y_0_7roll_x_0_1pitch_y_0_1pitch_y_0_7pris_x_0_1,"[False, False, False, False]","[-1, -1, -1, -1]",False,-1,-1,-1
12,"02/04/20, 20:49",roll_z_0_1roll_y_0_4pitch_y_0_4pitch_z_0_4pitch_z_0_4pitch_x_0_7,"[True, True, False, False]","[-1, -1, -1, -1]",False,-1,-1,-1
13,"02/04/20, 20:49",roll_z_0_1pitch_y_0_1roll_y_0_4pitch_y_0_4pitch_x_0_1roll_y_0_4,"[True, True, False, False]","[-1, -1, -1, -1]",False,-1,-1,-1
14,"02/04/20, 20:50",roll_z_0_1pitch_y_0_1roll_x_0_1pris_y_0_7roll_y_0_4pris_z_0_7,"[False, False, False, False]","[-1, -1, -1, -1]",False,-1,-1,-1
15,"02/04/20, 20:50",roll_z_0_1pris_y_0_7roll_y_0_4pris_y_0_7roll_z_0_7pris_y_0_4,"[False, False, False, False]","[-1, -1, -1, -1]",False,-1,-1,-1
16,"02/04/20, 20:50",roll_z_0_1pris_y_0_7pitch_z_0_4pris_x_0_1pris_y_0_1pitch_z_0_4,"[False, False, False, False]","[-1, -1, -1, -1]",False,-1,-1,-1
17,"02/04/20, 20:50",roll_z_0_1pris_z_0_1pris_y_0_1roll_z_0_4pitch_y_0_7pris_y_0_1,"[False, False, False, False]","[-1, -1, -1, -1]",False,-1,-1,-1
18,"02/04/20, 20:50",roll_z_0_1pris_z_0_1roll_y_0_4pris_y_0_4roll_z_0_7pris_y_0_1,"[False, False, False, False]","[-1, -1, -1, -1]",False,-1,-1,-1
19,"02/04/20, 20:51",roll_z_0_1pris_z_0_7pris_y_0_1pitch_y_0_7pitch_z_0_1pris_x_0_4,"[False, False, False, False]","[-1, -1, -1, -1]",False,-1,-1,-1
20,"02/04/20, 20:51",roll_z_0_1pris_z_0_1pitch_y_0_1pitch_y_0_7pitch_z_0_1pitch_x_0_7,"[False, False, False, False]","[-1, -1, -1, -1]",False,-1,-1,-1
21,"02/04/20, 20:51",roll_z_0_1roll_y_0_4pris_y_0_1pris_y_0_4pitch_y_0_1pitch_y_0_4,"[False, False, False, False]","[-1, -1, -1, -1]",False,-1,-1,-1
22,"02/04/20, 20:51",roll_z_0_1roll_y_0_1pitch_y_0_1roll_z_0_7pris_z_0_1pitch_y_0_7,"[False, False, False, False]","[-1, -1, -1, -1]",False,-1,-1,-1
23,"02/04/20, 20:51",roll_z_0_1pris_z_0_4roll_y_0_1pitch_y_0_4pris_z_0_1pris_y_0_7,"[False, False, False, False]","[-1, -1, -1, -1]",False,-1,-1,-1
24,"02/04/20, 20:52",roll_z_0_1pris_y_0_4pitch_z_0_4pitch_y_0_7pitch_x_0_4pitch_y_0_7,"[False, False, False, False]","[-1, -1, -1, -1]",False,-1,-1,-1
25,"02/04/20, 20:52",roll_z_0_1pris_y_0_7pris_y_0_1pitch_z_0_7pitch_z_0_1pris_x_0_7,"[False, False, False, False]","[-1, -1, -1, -1]",False,-1,-1,-1
26,"02/04/20, 20:52",roll_z_0_1pris_z_0_4pitch_y_0_7pitch_z_0_7pitch_y_0_7pitch_y_0_4,"[False, True, False, False]","[-1, -1, -1, -1]",False,-1,-1,-1
27,"02/04/20, 20:52",roll_z_0_1roll_y_0_4pitch_y_0_4pris_y_0_4pitch_x_0_4pris_x_0_1,"[False, False, False, False]","[-1, -1, -1, -1]",False,-1,-1,-1
28,"02/04/20, 20:53",roll_z_0_1pitch_y_0_4pris_z_0_1pitch_y_0_4pitch_y_0_7pris_y_0_7,"[False, False, False, False]","[-1, -1, -1, -1]",False,-1,-1,-1
29,"02/04/20, 20:53",roll_z_0_1pitch_y_0_4pitch_y_0_4pitch_z_0_4pris_x_0_1roll_x_0_1,"[False, False, False, False]","[-1, -1, -1, -1]",False,-1,-1,-1
30,"02/04/20, 20:53",roll_z_0_1pitch_y_0_7pitch_z_0_7pris_z_0_7pitch_x_0_1pris_y_0_7,"[False, False, False, False]","[-1, -1, -1, -1]",False,-1,-1,-1
31,"02/04/20, 20:53",roll_z_0_1pitch_y_0_4pitch_y_0_7roll_z_0_4pitch_y_0_4roll_y_0_1,"[True, True, True, True]","[2.264, 2.296, 2.037, 2.055]",True,2.16,0.17,0.01
32,"02/04/20, 20:53",roll_z_0_1pris_z_0_1pris_y_0_4roll_y_0_1pitch_y_0_4roll_z_0_4,"[False, False, False, False]","[-1, -1, -1, -1]",False,-1,-1,-1
33,"02/04/20, 20:54",roll_z_0_1roll_y_0_1pris_y_0_7roll_y_0_4roll_y_0_1pris_z_0_4,"[False, False, False, False]","[-1, -1, -1, -1]",False,-1,-1,-1
34,"02/04/20, 20:54",roll_z_0_1pris_z_0_4roll_y_0_4pris_z_0_4pris_y_0_1roll_z_0_7,"[False, False, False, False]","[-1, -1, -1, -1]",False,-1,-1,-1
35,"02/04/20, 20:54",roll_z_0_1pitch_y_0_4pitch_y_0_4roll_x_0_1pris_z_0_7pris_y_0_1,"[False, False, False, False]","[-1, -1, -1, -1]",False,-1,-1,-1
36,"02/04/20, 20:54",roll_z_0_1roll_y_0_7pris_y_0_1roll_x_0_7pris_z_0_4roll_y_0_1,"[False, False, False, False]","[-1, -1, -1, -1]",False,-1,-1,-1
37,"02/04/20, 20:54",roll_z_0_1pris_y_0_1pitch_y_0_4pitch_y_0_4pitch_x_0_7roll_x_0_4,"[False, False, False, False]","[-1, -1, -1, -1]",False,-1,-1,-1
38,"02/04/20, 20:55",roll_z_0_1pris_y_0_7roll_x_0_4pris_z_0_7pris_y_0_4roll_z_0_1,"[False, False, False, False]","[-1, -1, -1, -1]",False,-1,-1,-1
39,"02/04/20, 20:55",roll_z_0_1pitch_y_0_7pitch_y_0_7pitch_x_0_4pris_y_0_4pitch_y_0_4,"[False, False, False, False]","[-1, -1, -1, -1]",False,-1,-1,-1
40,"02/04/20, 20:55",roll_z_0_1pris_y_0_7pitch_y_0_7pris_x_0_7pitch_y_0_1pris_y_0_7,"[False, False, False, False]","[-1, -1, -1, -1]",False,-1,-1,-1
41,"02/04/20, 20:55",roll_z_0_1pitch_y_0_1roll_y_0_7pitch_y_0_1pris_x_0_1pitch_z_0_7,"[False, False, False, False]","[-1, -1, -1, -1]",False,-1,-1,-1
42,"02/04/20, 20:56",roll_z_0_1pitch_y_0_7pris_y_0_1pris_x_0_7pris_x_0_7roll_y_0_1,"[False, False, False, False]","[-1, -1, -1, -1]",False,-1,-1,-1
43,"02/04/20, 20:56",roll_z_0_1pitch_y_0_1pitch_x_0_1pitch_y_0_7pris_z_0_1roll_y_0_4,"[False, False, False, False]","[-1, -1, -1, -1]",False,-1,-1,-1
44,"02/04/20, 20:56",roll_z_0_1pris_y_0_4pitch_x_0_7pitch_z_0_4pitch_x_0_7pris_y_0_4,"[False, False, False, False]","[-1, -1, -1, -1]",False,-1,-1,-1
45,"02/04/20, 20:56",roll_z_0_1pitch_y_0_4roll_z_0_7pris_y_0_4roll_x_0_7pitch_y_0_7,"[False, False, False, False]","[-1, -1, -1, -1]",False,-1,-1,-1
46,"02/04/20, 20:56",roll_z_0_1pris_y_0_1pris_x_0_1pitch_x_0_4pitch_z_0_1pris_z_0_4,"[False, False, False, False]","[-1, -1, -1, -1]",False,-1,-1,-1
47,"02/04/20, 20:56",roll_z_0_1roll_y_0_1pitch_y_0_4pris_y_0_1pitch_z_0_7roll_z_0_1,"[False, False, True, False]","[-1, -1, -1, -1]",False,-1,-1,-1
48,"02/04/20, 20:57",roll_z_0_1pitch_y_0_7pitch_z_0_1pitch_z_0_7pitch_x_0_1roll_z_0_7,"[True, True, True, True]","[2.445, 2.642, 2.683, 2.883]",True,2.66,0.166,0.005
49,"02/04/20, 20:57",roll_z_0_1pitch_y_0_4roll_z_0_4roll_y_0_7pris_y_0_4roll_y_0_4,"[False, False, False, False]","[-1, -1, -1, -1]",False,-1,-1,-1
50,"02/04/20, 20:57",roll_z_0_1pris_z_0_4pitch_y_0_7pris_x_0_1pitch_y_0_4roll_x_0_4,"[False, False, False, False]","[-1, -1, -1, -1]",False,-1,-1,-1
51,"02/04/20, 20:58",roll_z_0_1pitch_y_0_1pris_z_0_1pris_y_0_7pitch_z_0_1roll_x_0_7,"[False, False, False, False]","[-1, -1, -1, -1]",False,-1,-1,-1
52,"02/04/20, 20:58",roll_z_0_1pitch_y_0_4pris_z_0_1pitch_y_0_7pris_z_0_4pris_x_0_1,"[False, False, False, False]","[-1, -1, -1, -1]",False,-1,-1,-1
53,"02/04/20, 20:58",roll_z_0_1pris_y_0_4pris_x_0_4pris_x_0_4pitch_y_0_4pitch_y_0_7,"[False, False, False, False]","[-1, -1, -1, -1]",False,-1,-1,-1
54,"02/04/20, 20:58",roll_z_0_1pitch_y_0_7pris_z_0_1pitch_y_0_7pitch_x_0_1pris_z_0_1,"[False, False, False, False]","[-1, -1, -1, -1]",False,-1,-1,-1
55,"02/04/20, 20:58",roll_z_0_1pris_y_0_4pitch_y_0_7pitch_y_0_4pris_y_0_1pris_y_0_7,"[False, False, False, False]","[-1, -1, -1, -1]",False,-1,-1,-1
56,"02/04/20, 20:58",roll_z_0_1pris_y_0_4pitch_z_0_7pitch_y_0_4pitch_y_0_4pitch_z_0_1,"[False, False, False, False]","[-1, -1, -1, -1]",False,-1,-1,-1
57,"02/04/20, 20:59",roll_z_0_1pitch_y_0_7pitch_z_0_7pris_z_0_4roll_y_0_7roll_y_0_7,"[False, False, False, False]","[-1, -1, -1, -1]",False,-1,-1,-1
58,"02/04/20, 20:59",roll_z_0_1pris_z_0_7pris_y_0_7pitch_x_0_4roll_y_0_4pris_z_0_4,"[False, False, False, False]","[-1, -1, -1, -1]",False,-1,-1,-1
59,"02/04/20, 20:59",roll_z_0_1pitch_y_0_1pris_y_0_1roll_z_0_7pitch_y_0_1pitch_y_0_1,"[False, False, False, False]","[-1, -1, -1, -1]",False,-1,-1,-1
60,"02/04/20, 20:59",roll_z_0_1pris_y_0_4pitch_x_0_1pitch_y_0_7pitch_x_0_1pris_x_0_7,"[False, False, False, False]","[-1, -1, -1, -1]",False,-1,-1,-1
61,"02/04/20, 20:59",roll_z_0_1pris_y_0_1pitch_y_0_4roll_z_0_7pris_y_0_4pitch_z_0_1,"[False, False, False, False]","[-1, -1, -1, -1]",False,-1,-1,-1
62,"02/04/20, 21:00",roll_z_0_1roll_y_0_7pitch_y_0_7pitch_y_0_7pitch_x_0_1roll_x_0_4,"[True, True, True, True]","[1.684, 1.672, 2.5, 2.517]",True,2.09,0.186,0.013
63,"02/04/20, 21:00",roll_z_0_1pitch_y_0_1roll_x_0_1pitch_y_0_7pitch_z_0_7roll_y_0_7,"[False, True, True, False]","[-1, -1, -1, -1]",False,-1,-1,-1
64,"02/04/20, 21:00",roll_z_0_1pitch_y_0_4pitch_y_0_7pitch_z_0_7pitch_z_0_1pitch_z_0_4,"[True, True, True, True]","[2.287, 2.295, 2.498, 2.774]",True,2.46,0.171,0.012
65,"02/04/20, 21:01",roll_z_0_1pris_y_0_4roll_x_0_7pris_y_0_7roll_z_0_1roll_y_0_7,"[False, False, False, False]","[-1, -1, -1, -1]",False,-1,-1,-1
66,"02/04/20, 21:01",roll_z_0_1pris_z_0_4roll_y_0_4pitch_y_0_4pitch_x_0_7pitch_z_0_1,"[False, False, False, False]","[-1, -1, -1, -1]",False,-1,-1,-1
67,"02/04/20, 21:01",roll_z_0_1pitch_y_0_1pitch_y_0_4pitch_x_0_1pitch_z_0_7pris_y_0_1,"[False, False, False, False]","[-1, -1, -1, -1]",False,-1,-1,-1
68,"02/04/20, 21:01",roll_z_0_1roll_y_0_1pris_y_0_4pitch_y_0_1pitch_y_0_4roll_x_0_1,"[False, False, False, False]","[-1, -1, -1, -1]",False,-1,-1,-1
69,"02/04/20, 21:01",roll_z_0_1pris_y_0_1pitch_x_0_1pris_z_0_4pitch_z_0_7roll_z_0_7,"[False, False, False, False]","[-1, -1, -1, -1]",False,-1,-1,-1
70,"02/04/20, 21:02",roll_z_0_1pris_y_0_4pris_x_0_4pitch_x_0_1pitch_z_0_4pris_y_0_4,"[False, False, False, False]","[-1, -1, -1, -1]",False,-1,-1,-1
71,"02/04/20, 21:02",roll_z_0_1roll_y_0_1roll_y_0_7pitch_y_0_4roll_y_0_4pitch_y_0_1,"[True, True, True, True]","[1.71, 1.657, 2.463, 2.526]",True,2.09,0.164,0.011
72,"02/04/20, 21:02",roll_z_0_1pitch_y_0_1pitch_x_0_1pris_y_0_1pitch_z_0_4pitch_y_0_4,"[False, False, False, False]","[-1, -1, -1, -1]",False,-1,-1,-1
73,"02/04/20, 21:02",roll_z_0_1pitch_y_0_7pitch_x_0_1pitch_x_0_4pitch_x_0_7pitch_x_0_7,"[False, False, False, False]","[-1, -1, -1, -1]",False,-1,-1,-1
74,"02/04/20, 21:03",roll_z_0_1roll_y_0_4pris_y_0_4pris_x_0_7pris_x_0_4roll_z_0_7,"[False, False, False, False]","[-1, -1, -1, -1]",False,-1,-1,-1
75,"02/04/20, 21:03",roll_z_0_1roll_y_0_1roll_y_0_7roll_y_0_1pris_y_0_1pitch_x_0_1,"[False, False, False, False]","[-1, -1, -1, -1]",False,-1,-1,-1
76,"02/04/20, 21:03",roll_z_0_1pitch_y_0_4pitch_y_0_1pitch_x_0_7roll_x_0_4pitch_y_0_1,"[True, True, True, True]","[2.28, 2.447, 2.45, 2.666]",True,2.46,0.178,0.005
77,"02/04/20, 21:03",roll_z_0_1pris_z_0_7pitch_y_0_7pitch_x_0_7pitch_z_0_1pitch_x_0_7,"[False, True, True, False]","[-1, -1, -1, -1]",False,-1,-1,-1
78,"02/04/20, 21:04",roll_z_0_1pitch_y_0_1pitch_y_0_1roll_z_0_7pitch_y_0_4roll_z_0_7,"[True, True, False, False]","[-1, -1, -1, -1]",False,-1,-1,-1
79,"02/04/20, 21:04",roll_z_0_1pris_y_0_1pitch_x_0_7roll_y_0_7roll_y_0_1roll_y_0_7,"[False, False, False, False]","[-1, -1, -1, -1]",False,-1,-1,-1
80,"02/04/20, 21:04",roll_z_0_1pitch_y_0_7pitch_z_0_1pitch_z_0_1pitch_z_0_1pris_z_0_7,"[False, False, False, True]","[-1, -1, -1, -1]",False,-1,-1,-1
81,"02/04/20, 21:04",roll_z_0_1roll_y_0_7pris_y_0_1pitch_x_0_7pris_y_0_7roll_x_0_7,"[False, False, False, False]","[-1, -1, -1, -1]",False,-1,-1,-1
82,"02/04/20, 21:05",roll_z_0_1roll_y_0_1pitch_y_0_1pitch_z_0_4pitch_y_0_4pitch_y_0_1,"[True, True, True, True]","[2.246, 2.258, 1.858, 2.055]",True,2.1,0.186,0.01
83,"02/04/20, 21:05",roll_z_0_1pris_y_0_7roll_z_0_7pris_y_0_7pitch_y_0_7pitch_z_0_7,"[False, False, False, False]","[-1, -1, -1, -1]",False,-1,-1,-1
84,"02/04/20, 21:05",roll_z_0_1pris_y_0_7pitch_z_0_1pris_z_0_1pitch_z_0_1pris_y_0_4,"[False, False, False, False]","[-1, -1, -1, -1]",False,-1,-1,-1
85,"02/04/20, 21:05",roll_z_0_1pitch_y_0_1roll_z_0_7pitch_y_0_1pitch_z_0_7roll_y_0_1,"[True, True, True, False]","[-1, -1, -1, -1]",False,-1,-1,-1
86,"02/04/20, 21:06",roll_z_0_1pitch_y_0_1pris_x_0_4pitch_y_0_4pitch_y_0_1pris_z_0_1,"[False, False, False, False]","[-1, -1, -1, -1]",False,-1,-1,-1
87,"02/04/20, 21:06",roll_z_0_1pris_y_0_7roll_y_0_1pris_y_0_7roll_x_0_7pris_z_0_1,"[False, False, False, False]","[-1, -1, -1, -1]",False,-1,-1,-1
88,"02/04/20, 21:06",roll_z_0_1pitch_y_0_7pris_y_0_1pitch_y_0_7pris_z_0_7roll_x_0_7,"[False, False, False, False]","[-1, -1, -1, -1]",False,-1,-1,-1
89,"02/04/20, 21:06",roll_z_0_1pris_y_0_4roll_z_0_1pris_y_0_1pitch_z_0_4pitch_y_0_4,"[False, False, False, False]","[-1, -1, -1, -1]",False,-1,-1,-1
90,"02/04/20, 21:06",roll_z_0_1pitch_y_0_7pris_z_0_7roll_x_0_1pitch_y_0_1pitch_y_0_7,"[False, False, False, False]","[-1, -1, -1, -1]",False,-1,-1,-1
91,"02/04/20, 21:07",roll_z_0_1pitch_y_0_1pitch_y_0_7pitch_z_0_7roll_z_0_1pris_z_0_1,"[False, False, False, True]","[-1, -1, -1, -1]",False,-1,-1,-1
92,"02/04/20, 21:07",roll_z_0_1pitch_y_0_7roll_y_0_7pitch_y_0_1roll_z_0_4roll_y_0_7,"[True, True, True, True]","[2.438, 2.341, 2.508, 2.567]",True,2.46,0.179,0.004
93,"02/04/20, 21:07",roll_z_0_1pitch_y_0_7pris_y_0_4pitch_x_0_7pitch_z_0_7roll_x_0_1,"[False, False, False, False]","[-1, -1, -1, -1]",False,-1,-1,-1
94,"02/04/20, 21:07",roll_z_0_1pitch_y_0_4pitch_y_0_1pitch_x_0_4pris_z_0_1pitch_z_0_4,"[False, False, False, False]","[-1, -1, -1, -1]",False,-1,-1,-1
95,"02/04/20, 21:08",roll_z_0_1roll_y_0_1pitch_y_0_1pris_y_0_7roll_x_0_4pris_y_0_1,"[False, False, False, False]","[-1, -1, -1, -1]",False,-1,-1,-1
96,"02/04/20, 21:08",roll_z_0_1roll_y_0_4pris_z_0_7roll_y_0_4roll_y_0_1pris_y_0_4,"[False, False, False, False]","[-1, -1, -1, -1]",False,-1,-1,-1
97,"02/04/20, 21:08",roll_z_0_1pitch_y_0_1pitch_y_0_7roll_y_0_1pitch_y_0_4pitch_z_0_1,"[True, False, False, True]","[-1, -1, -1, -1]",False,-1,-1,-1
98,"02/04/20, 21:08",roll_z_0_1pitch_y_0_7pitch_x_0_4roll_x_0_4pris_z_0_7pitch_y_0_4,"[False, False, False, False]","[-1, -1, -1, -1]",False,-1,-1,-1
99,"02/04/20, 21:08",roll_z_0_1roll_y_0_7pitch_y_0_4pitch_y_0_4pitch_y_0_1pris_x_0_1,"[False, False, False, False]","[-1, -1, -1, -1]",False,-1,-1,-1
100,"02/04/20, 21:09",roll_z_0_1roll_y_0_1roll_y_0_1pitch_y_0_7pitch_x_0_7pris_z_0_7,"[False, False, False, False]","[-1, -1, -1, -1]",False,-1,-1,-1
101,"02/04/20, 21:09",roll_z_0_1pitch_y_0_4pitch_x_0_7pris_x_0_7pris_x_0_7roll_z_0_7,"[False, False, False, False]","[-1, -1, -1, -1]",False,-1,-1,-1
102,"02/04/20, 21:09",roll_z_0_1pris_y_0_7pitch_z_0_1pitch_x_0_4pitch_x_0_1pitch_z_0_1,"[False, False, False, False]","[-1, -1, -1, -1]",False,-1,-1,-1
103,"02/04/20, 21:10",roll_z_0_1pitch_y_0_4roll_x_0_4pitch_y_0_4pitch_x_0_7roll_y_0_7,"[True, True, True, True]","[4.331, 3.089, 4.369, 2.465]",True,3.56,0.168,0.013
104,"02/04/20, 21:10",roll_z_0_1pris_y_0_1roll_x_0_1pitch_y_0_4pitch_z_0_4pitch_x_0_4,"[False, False, False, False]","[-1, -1, -1, -1]",False,-1,-1,-1
105,"02/04/20, 21:10",roll_z_0_1pris_y_0_1pris_y_0_1roll_x_0_1pris_y_0_7roll_y_0_7,"[False, False, False, False]","[-1, -1, -1, -1]",False,-1,-1,-1
106,"02/04/20, 21:10",roll_z_0_1pitch_y_0_4roll_z_0_1pitch_y_0_4roll_z_0_4roll_y_0_1,"[True, True, True, True]","[2.264, 2.272, 2.445, 2.657]",True,2.41,0.154,0.01
107,"02/04/20, 21:10",roll_z_0_1pitch_y_0_4pris_y_0_1pris_y_0_1pitch_y_0_1roll_z_0_7,"[False, False, False, False]","[-1, -1, -1, -1]",False,-1,-1,-1
108,"02/04/20, 21:11",roll_z_0_1pitch_y_0_1roll_z_0_1pitch_y_0_1pitch_z_0_7pitch_y_0_7,"[True, True, True, True]","[2.177, 2.305, 2.688, 2.684]",True,2.46,0.168,0.012
109,"02/04/20, 21:11",roll_z_0_1pris_y_0_7roll_z_0_1pitch_y_0_4pitch_y_0_7pitch_y_0_1,"[False, False, True, False]","[-1, -1, -1, -1]",False,-1,-1,-1
110,"02/04/20, 21:11",roll_z_0_1roll_y_0_4pitch_y_0_7pris_z_0_4roll_z_0_7roll_y_0_4,"[False, False, False, False]","[-1, -1, -1, -1]",False,-1,-1,-1
111,"02/04/20, 21:11",roll_z_0_1pris_z_0_7pitch_y_0_7pris_z_0_7pris_y_0_1roll_x_0_7,"[False, False, False, False]","[-1, -1, -1, -1]",False,-1,-1,-1
112,"02/04/20, 21:12",roll_z_0_1roll_y_0_1pitch_y_0_4roll_y_0_4pitch_y_0_7roll_y_0_4,"[True, True, True, False]","[-1, -1, -1, -1]",False,-1,-1,-1
113,"02/04/20, 21:12",roll_z_0_1pitch_y_0_4pris_z_0_1pitch_y_0_7roll_z_0_7roll_y_0_7,"[False, False, False, False]","[-1, -1, -1, -1]",False,-1,-1,-1
114,"02/04/20, 21:12",roll_z_0_1pitch_y_0_7pitch_z_0_1pitch_z_0_7pitch_x_0_4pitch_y_0_4,"[True, True, True, True]","[2.386, 2.45, 2.514, 2.677]",True,2.51,0.183,0.005
115,"02/04/20, 21:12",roll_z_0_1roll_y_0_7roll_y_0_7pris_z_0_1roll_y_0_4roll_y_0_1,"[False, False, False, False]","[-1, -1, -1, -1]",False,-1,-1,-1
116,"02/04/20, 21:13",roll_z_0_1pitch_y_0_4pitch_x_0_1pitch_x_0_1pitch_y_0_1roll_z_0_4,"[True, True, True, True]","[1.661, 2.033, 2.079, 2.67]",True,2.11,0.188,0.005
117,"02/04/20, 21:13",roll_z_0_1pris_y_0_1pitch_z_0_1pitch_y_0_1pitch_z_0_7pris_z_0_4,"[False, False, False, False]","[-1, -1, -1, -1]",False,-1,-1,-1
118,"02/04/20, 21:13",roll_z_0_1pris_y_0_7pitch_y_0_7pitch_y_0_1pris_x_0_1pitch_x_0_7,"[False, False, False, False]","[-1, -1, -1, -1]",False,-1,-1,-1
119,"02/04/20, 21:13",roll_z_0_1pris_y_0_4pris_y_0_7pitch_y_0_1roll_x_0_4pris_z_0_4,"[False, False, False, False]","[-1, -1, -1, -1]",False,-1,-1,-1
120,"02/04/20, 21:13",roll_z_0_1pitch_y_0_1pris_z_0_7pitch_y_0_4roll_y_0_7roll_y_0_1,"[False, False, False, False]","[-1, -1, -1, -1]",False,-1,-1,-1
121,"02/04/20, 21:14",roll_z_0_1pris_y_0_1pitch_z_0_1pitch_x_0_4pitch_x_0_4pris_y_0_4,"[False, False, False, False]","[-1, -1, -1, -1]",False,-1,-1,-1
122,"02/04/20, 21:14",roll_z_0_1roll_y_0_4pris_y_0_7pris_x_0_7roll_y_0_7pitch_y_0_7,"[False, False, False, False]","[-1, -1, -1, -1]",False,-1,-1,-1
123,"02/04/20, 21:14",roll_z_0_1pitch_y_0_7pitch_y_0_7pitch_x_0_1pris_z_0_7pitch_y_0_1,"[False, False, False, False]","[-1, -1, -1, -1]",False,-1,-1,-1
124,"02/04/20, 21:14",roll_z_0_1pris_y_0_7pitch_y_0_4pitch_z_0_1pitch_y_0_4pitch_z_0_4,"[False, True, True, False]","[-1, -1, -1, -1]",False,-1,-1,-1
125,"02/04/20, 21:14",roll_z_0_1pitch_y_0_7pitch_y_0_7pitch_y_0_1roll_y_0_4pris_y_0_7,"[False, False, False, True]","[-1, -1, -1, -1]",False,-1,-1,-1
