1176,"11/12/19, 08:14",roll_z_0_1pris_z_0_4roll_y_0_7pris_z_0_1pitch_y_0_7roll_x_0_1,"[False, False, False, False]","[-1, -1, -1, -1]",False,-1,-1,-1,-1
1177,"11/12/19, 08:14",roll_z_0_1pitch_y_0_1pris_y_0_1roll_z_0_4pitch_y_0_7pris_x_0_4,"[False, False, False, False]","[-1, -1, -1, -1]",False,-1,-1,-1,-1
1178,"11/12/19, 08:14",roll_z_0_1pris_z_0_4roll_y_0_4pitch_y_0_7pitch_x_0_7pitch_x_0_4,"[False, False, False, False]","[-1, -1, -1, -1]",False,-1,-1,-1,-1
1179,"11/12/19, 08:14",roll_z_0_1pitch_y_0_1roll_y_0_1pris_y_0_4roll_z_0_7pitch_y_0_7,"[False, False, False, True]","[-1, -1, -1, -1]",False,-1,-1,-1,-1
1180,"11/12/19, 08:15",roll_z_0_1pris_y_0_1roll_y_0_7pitch_y_0_4pitch_z_0_4pitch_z_0_4,"[False, False, False, False]","[-1, -1, -1, -1]",False,-1,-1,-1,-1
1181,"11/12/19, 08:15",roll_z_0_1pris_z_0_1pris_y_0_4pitch_x_0_1pitch_x_0_7roll_y_0_1,"[False, False, False, False]","[-1, -1, -1, -1]",False,-1,-1,-1,-1
1182,"11/12/19, 08:15",roll_z_0_1pris_z_0_7pris_y_0_7pitch_y_0_4roll_x_0_4pris_z_0_1,"[False, False, False, False]","[-1, -1, -1, -1]",False,-1,-1,-1,-1
1183,"11/12/19, 08:16",roll_z_0_1pitch_y_0_4roll_z_0_7pitch_y_0_4roll_z_0_1pris_z_0_1,"[False, False, False, False]","[-1, -1, -1, -1]",False,-1,-1,-1,-1
1184,"11/12/19, 08:16",roll_z_0_1pitch_y_0_4pris_y_0_4pitch_x_0_4pris_y_0_7roll_x_0_4,"[False, False, False, False]","[-1, -1, -1, -1]",False,-1,-1,-1,-1
1185,"11/12/19, 08:16",roll_z_0_1roll_y_0_4pitch_y_0_4pris_y_0_4pitch_z_0_4pris_x_0_7,"[False, False, False, False]","[-1, -1, -1, -1]",False,-1,-1,-1,-1
1186,"11/12/19, 08:16",roll_z_0_1pris_y_0_1pitch_z_0_1roll_y_0_4roll_y_0_7pitch_y_0_4,"[False, False, False, False]","[-1, -1, -1, -1]",False,-1,-1,-1,-1
1187,"11/12/19, 08:17",roll_z_0_1pris_y_0_4pris_y_0_7pitch_z_0_4pitch_x_0_1pris_x_0_4,"[False, False, False, False]","[-1, -1, -1, -1]",False,-1,-1,-1,-1
1188,"11/12/19, 08:17",roll_z_0_1pris_z_0_4pitch_y_0_1roll_y_0_7pris_y_0_7roll_y_0_7,"[False, False, False, False]","[-1, -1, -1, -1]",False,-1,-1,-1,-1
1189,"11/12/19, 08:17",roll_z_0_1pitch_y_0_4pitch_y_0_7roll_x_0_7pitch_y_0_1roll_x_0_1,"[True, True, True, True]","[2.345, 2.372, 1.886, 2.499]",True,2.28,0.175,0.247,0.1
1190,"11/12/19, 08:17",roll_z_0_1roll_y_0_4pitch_y_0_7pitch_y_0_4pris_z_0_7roll_z_0_7,"[False, False, False, False]","[-1, -1, -1, -1]",False,-1,-1,-1,-1
1191,"11/12/19, 08:18",roll_z_0_1roll_y_0_7pris_z_0_4pitch_y_0_1pris_z_0_4pitch_x_0_1,"[False, False, False, False]","[-1, -1, -1, -1]",False,-1,-1,-1,-1
1192,"11/12/19, 08:18",roll_z_0_1pris_y_0_7pitch_y_0_1pris_y_0_7roll_y_0_7roll_y_0_4,"[False, False, False, False]","[-1, -1, -1, -1]",False,-1,-1,-1,-1
1193,"11/12/19, 08:18",roll_z_0_1pitch_y_0_7pris_y_0_1pitch_z_0_1pris_z_0_4roll_z_0_7,"[False, False, False, False]","[-1, -1, -1, -1]",False,-1,-1,-1,-1
1194,"11/12/19, 08:18",roll_z_0_1pitch_y_0_7pitch_y_0_4roll_x_0_4pris_y_0_7roll_x_0_1,"[False, False, False, False]","[-1, -1, -1, -1]",False,-1,-1,-1,-1
1195,"11/12/19, 08:19",roll_z_0_1roll_y_0_7pris_z_0_1roll_y_0_1pitch_y_0_4pris_x_0_1,"[False, False, False, False]","[-1, -1, -1, -1]",False,-1,-1,-1,-1
1196,"11/12/19, 08:19",roll_z_0_1pitch_y_0_7pitch_z_0_4pris_y_0_1pitch_z_0_1roll_y_0_7,"[False, False, False, False]","[-1, -1, -1, -1]",False,-1,-1,-1,-1
1197,"11/12/19, 08:19",roll_z_0_1pris_y_0_1roll_z_0_7pris_y_0_1pris_y_0_4pitch_y_0_7,"[False, False, False, False]","[-1, -1, -1, -1]",False,-1,-1,-1,-1
1198,"11/12/19, 08:19",roll_z_0_1pris_y_0_1roll_x_0_7pris_y_0_4pris_x_0_1roll_y_0_1,"[False, False, False, False]","[-1, -1, -1, -1]",False,-1,-1,-1,-1
1199,"11/12/19, 08:19",roll_z_0_1roll_y_0_1pitch_y_0_4pitch_z_0_7pris_y_0_1roll_x_0_7,"[False, False, False, False]","[-1, -1, -1, -1]",False,-1,-1,-1,-1
1200,"11/12/19, 08:20",roll_z_0_1pris_z_0_7pris_y_0_1pitch_y_0_1pris_y_0_4pitch_y_0_1,"[False, False, False, False]","[-1, -1, -1, -1]",False,-1,-1,-1,-1
1201,"11/12/19, 08:20",roll_z_0_1pris_z_0_7roll_y_0_1pris_y_0_1roll_z_0_1roll_y_0_1,"[False, False, False, False]","[-1, -1, -1, -1]",False,-1,-1,-1,-1
1202,"11/12/19, 08:20",roll_z_0_1pitch_y_0_1pitch_z_0_4pris_x_0_4pitch_x_0_4roll_x_0_4,"[False, False, False, False]","[-1, -1, -1, -1]",False,-1,-1,-1,-1
1203,"11/12/19, 08:20",roll_z_0_1roll_y_0_7roll_y_0_1pris_z_0_7pris_y_0_7roll_x_0_4,"[False, False, False, False]","[-1, -1, -1, -1]",False,-1,-1,-1,-1
1204,"11/12/19, 08:20",roll_z_0_1pitch_y_0_7roll_y_0_1pris_z_0_4pitch_y_0_7pris_x_0_7,"[False, False, False, False]","[-1, -1, -1, -1]",False,-1,-1,-1,-1
1205,"11/12/19, 08:21",roll_z_0_1pris_z_0_1pitch_y_0_7pitch_y_0_7pitch_y_0_1roll_x_0_7,"[False, False, False, False]","[-1, -1, -1, -1]",False,-1,-1,-1,-1
1206,"11/12/19, 08:21",roll_z_0_1roll_y_0_4pitch_y_0_1roll_z_0_1pris_y_0_4pris_x_0_1,"[False, False, False, False]","[-1, -1, -1, -1]",False,-1,-1,-1,-1
1207,"11/12/19, 08:21",roll_z_0_1roll_y_0_7pris_y_0_4roll_y_0_1pitch_y_0_1pitch_x_0_1,"[False, False, False, False]","[-1, -1, -1, -1]",False,-1,-1,-1,-1
1208,"11/12/19, 08:21",roll_z_0_1pitch_y_0_7pitch_z_0_4pris_y_0_7pitch_y_0_4pris_z_0_7,"[False, False, False, False]","[-1, -1, -1, -1]",False,-1,-1,-1,-1
1209,"11/12/19, 08:21",roll_z_0_1pris_y_0_1pitch_x_0_4pris_z_0_1pris_x_0_1pitch_y_0_4,"[False, False, False, False]","[-1, -1, -1, -1]",False,-1,-1,-1,-1
1210,"11/12/19, 08:21",roll_z_0_1pris_y_0_1pitch_x_0_7pris_y_0_1pitch_z_0_7roll_z_0_1,"[False, False, False, False]","[-1, -1, -1, -1]",False,-1,-1,-1,-1
1211,"11/12/19, 08:22",roll_z_0_1pitch_y_0_7pitch_x_0_1roll_y_0_1pitch_y_0_7pris_x_0_4,"[False, False, False, True]","[-1, -1, -1, -1]",False,-1,-1,-1,-1
1212,"11/12/19, 08:22",roll_z_0_1pris_y_0_1pitch_y_0_4pitch_y_0_7pitch_y_0_4pris_y_0_1,"[False, False, False, False]","[-1, -1, -1, -1]",False,-1,-1,-1,-1
1213,"11/12/19, 08:22",roll_z_0_1pitch_y_0_4pris_z_0_4pitch_z_0_7pitch_z_0_4pris_z_0_4,"[False, False, False, False]","[-1, -1, -1, -1]",False,-1,-1,-1,-1
1214,"11/12/19, 08:22",roll_z_0_1pris_y_0_7pitch_z_0_4pitch_y_0_4roll_z_0_7pris_z_0_4,"[False, False, False, False]","[-1, -1, -1, -1]",False,-1,-1,-1,-1
1215,"11/12/19, 08:22",roll_z_0_1pitch_y_0_1pris_x_0_4pitch_z_0_1pris_x_0_4pitch_x_0_1,"[False, False, False, False]","[-1, -1, -1, -1]",False,-1,-1,-1,-1
1216,"11/12/19, 08:23",roll_z_0_1pitch_y_0_4pris_z_0_4roll_x_0_7pitch_y_0_4pitch_z_0_7,"[False, False, False, False]","[-1, -1, -1, -1]",False,-1,-1,-1,-1
1217,"11/12/19, 08:23",roll_z_0_1pitch_y_0_7pris_x_0_7roll_y_0_1pris_y_0_7pris_x_0_4,"[False, False, False, False]","[-1, -1, -1, -1]",False,-1,-1,-1,-1
1218,"11/12/19, 08:23",roll_z_0_1pitch_y_0_4pris_y_0_7pris_x_0_7pitch_z_0_1roll_z_0_7,"[False, False, False, False]","[-1, -1, -1, -1]",False,-1,-1,-1,-1
1219,"11/12/19, 08:23",roll_z_0_1pitch_y_0_7pris_y_0_1pitch_x_0_7pitch_z_0_7pris_z_0_7,"[False, False, False, False]","[-1, -1, -1, -1]",False,-1,-1,-1,-1
1220,"11/12/19, 08:24",roll_z_0_1pris_y_0_4pitch_x_0_4pitch_x_0_7pris_y_0_7pris_y_0_4,"[False, False, False, False]","[-1, -1, -1, -1]",False,-1,-1,-1,-1
1221,"11/12/19, 08:24",roll_z_0_1roll_y_0_4pris_y_0_7pris_x_0_1pitch_x_0_7pris_y_0_1,"[False, False, False, False]","[-1, -1, -1, -1]",False,-1,-1,-1,-1
1222,"11/12/19, 08:24",roll_z_0_1roll_y_0_1pitch_y_0_1pitch_y_0_7roll_z_0_4pris_z_0_1,"[False, False, False, False]","[-1, -1, -1, -1]",False,-1,-1,-1,-1
1223,"11/12/19, 08:24",roll_z_0_1pitch_y_0_4pris_z_0_7pitch_z_0_4pitch_z_0_1roll_z_0_7,"[False, False, False, False]","[-1, -1, -1, -1]",False,-1,-1,-1,-1
1224,"11/12/19, 08:25",roll_z_0_1roll_y_0_4pitch_y_0_4pris_y_0_7pris_y_0_4pitch_z_0_1,"[False, False, False, False]","[-1, -1, -1, -1]",False,-1,-1,-1,-1
1225,"11/12/19, 08:25",roll_z_0_1pitch_y_0_1pris_z_0_1pitch_x_0_7pris_z_0_7roll_z_0_7,"[False, False, False, False]","[-1, -1, -1, -1]",False,-1,-1,-1,-1
1226,"11/12/19, 08:25",roll_z_0_1pitch_y_0_7roll_x_0_4roll_y_0_7pitch_y_0_4pris_z_0_7,"[False, False, False, False]","[-1, -1, -1, -1]",False,-1,-1,-1,-1
1227,"11/12/19, 08:25",roll_z_0_1pris_y_0_7pris_x_0_1roll_y_0_7pris_y_0_4pitch_x_0_7,"[False, False, False, False]","[-1, -1, -1, -1]",False,-1,-1,-1,-1
1228,"11/12/19, 08:26",roll_z_0_1pris_y_0_1pitch_y_0_4pitch_x_0_7roll_x_0_4roll_y_0_7,"[False, False, False, False]","[-1, -1, -1, -1]",False,-1,-1,-1,-1
1229,"11/12/19, 08:26",roll_z_0_1pris_y_0_1pitch_x_0_1roll_z_0_7pitch_y_0_1pris_y_0_1,"[False, False, False, False]","[-1, -1, -1, -1]",False,-1,-1,-1,-1
1230,"11/12/19, 08:26",roll_z_0_1roll_y_0_4pris_y_0_1pris_x_0_4pitch_z_0_7roll_y_0_7,"[False, False, False, False]","[-1, -1, -1, -1]",False,-1,-1,-1,-1
1231,"11/12/19, 08:26",roll_z_0_1pitch_y_0_4pris_x_0_4pris_y_0_7pitch_z_0_1pitch_x_0_1,"[False, False, False, False]","[-1, -1, -1, -1]",False,-1,-1,-1,-1
1232,"11/12/19, 08:27",roll_z_0_1pitch_y_0_1roll_y_0_4pitch_y_0_1pitch_x_0_1roll_x_0_7,"[False, True, False, False]","[-1, -1, -1, -1]",False,-1,-1,-1,-1
1233,"11/12/19, 08:27",roll_z_0_1roll_y_0_7pitch_y_0_7roll_z_0_1pitch_y_0_4pitch_z_0_1,"[True, True, False, True]","[1.871, 1.854, 3.893, 2.653]",True,2.57,0.289,0.265,0.159
1234,"11/12/19, 08:27",roll_z_0_1pris_y_0_7roll_y_0_1pitch_y_0_7pitch_y_0_4pitch_x_0_7,"[False, False, False, False]","[-1, -1, -1, -1]",False,-1,-1,-1,-1
1235,"11/12/19, 08:28",roll_z_0_1roll_y_0_1pitch_y_0_7roll_x_0_1roll_y_0_1pris_y_0_1,"[False, False, False, False]","[-1, -1, -1, -1]",False,-1,-1,-1,-1
1236,"11/12/19, 08:28",roll_z_0_1pris_y_0_4roll_y_0_7roll_y_0_4pitch_y_0_7pitch_z_0_7,"[False, False, False, False]","[-1, -1, -1, -1]",False,-1,-1,-1,-1
1237,"11/12/19, 08:28",roll_z_0_1pitch_y_0_4pris_z_0_4pris_y_0_1pitch_x_0_1pitch_x_0_1,"[False, False, False, False]","[-1, -1, -1, -1]",False,-1,-1,-1,-1
1238,"11/12/19, 08:28",roll_z_0_1pris_y_0_1pitch_x_0_7pitch_x_0_1pris_x_0_7pris_y_0_4,"[False, False, False, False]","[-1, -1, -1, -1]",False,-1,-1,-1,-1
1239,"11/12/19, 08:29",roll_z_0_1pris_z_0_7pitch_y_0_1roll_y_0_1roll_y_0_4pitch_y_0_7,"[False, False, False, False]","[-1, -1, -1, -1]",False,-1,-1,-1,-1
1240,"11/12/19, 08:29",roll_z_0_1pris_y_0_1pris_x_0_7roll_x_0_4roll_y_0_4pris_z_0_7,"[False, False, False, False]","[-1, -1, -1, -1]",False,-1,-1,-1,-1
1241,"11/12/19, 08:29",roll_z_0_1pris_y_0_1pitch_y_0_7pris_z_0_1pitch_x_0_4roll_x_0_1,"[False, False, False, False]","[-1, -1, -1, -1]",False,-1,-1,-1,-1
1242,"11/12/19, 08:29",roll_z_0_1roll_y_0_7pris_y_0_1pitch_x_0_7roll_x_0_1pris_z_0_1,"[False, False, False, False]","[-1, -1, -1, -1]",False,-1,-1,-1,-1
1243,"11/12/19, 08:30",roll_z_0_1pris_y_0_7pris_y_0_7pitch_y_0_1roll_y_0_4pris_y_0_4,"[False, False, False, False]","[-1, -1, -1, -1]",False,-1,-1,-1,-1
1244,"11/12/19, 08:30",roll_z_0_1pitch_y_0_4pitch_x_0_1roll_z_0_7pris_y_0_7pris_x_0_1,"[False, False, False, False]","[-1, -1, -1, -1]",False,-1,-1,-1,-1
1245,"11/12/19, 08:30",roll_z_0_1pris_y_0_1roll_y_0_7pitch_y_0_1pitch_y_0_4roll_x_0_7,"[False, False, False, False]","[-1, -1, -1, -1]",False,-1,-1,-1,-1
1246,"11/12/19, 08:30",roll_z_0_1pris_y_0_4pris_x_0_7pitch_y_0_4pitch_x_0_4pris_y_0_1,"[False, False, False, False]","[-1, -1, -1, -1]",False,-1,-1,-1,-1
1247,"11/12/19, 08:31",roll_z_0_1roll_y_0_4roll_y_0_1pris_z_0_7pris_y_0_7pitch_z_0_7,"[False, False, False, False]","[-1, -1, -1, -1]",False,-1,-1,-1,-1
1248,"11/12/19, 08:31",roll_z_0_1pris_y_0_4pris_y_0_4roll_y_0_4roll_y_0_4pitch_y_0_7,"[False, False, False, False]","[-1, -1, -1, -1]",False,-1,-1,-1,-1
1249,"11/12/19, 08:31",roll_z_0_1roll_y_0_1pitch_y_0_1pris_y_0_7pris_x_0_4pitch_x_0_7,"[False, False, False, False]","[-1, -1, -1, -1]",False,-1,-1,-1,-1
1250,"11/12/19, 08:31",roll_z_0_1pitch_y_0_4pitch_z_0_1pitch_z_0_7pris_z_0_4pris_y_0_1,"[False, False, False, False]","[-1, -1, -1, -1]",False,-1,-1,-1,-1
1251,"11/12/19, 08:32",roll_z_0_1roll_y_0_1pris_y_0_4pris_y_0_1pitch_y_0_1roll_z_0_4,"[False, False, False, False]","[-1, -1, -1, -1]",False,-1,-1,-1,-1
1252,"11/12/19, 08:32",roll_z_0_1pris_y_0_1pris_x_0_7roll_z_0_7pris_y_0_4roll_x_0_4,"[False, False, False, False]","[-1, -1, -1, -1]",False,-1,-1,-1,-1
1253,"11/12/19, 08:32",roll_z_0_1pitch_y_0_4roll_y_0_1pris_z_0_7roll_y_0_4pris_y_0_4,"[False, False, False, False]","[-1, -1, -1, -1]",False,-1,-1,-1,-1
1254,"11/12/19, 08:32",roll_z_0_1pitch_y_0_4roll_y_0_4pris_y_0_4pris_y_0_1roll_z_0_1,"[False, False, False, False]","[-1, -1, -1, -1]",False,-1,-1,-1,-1
1255,"11/12/19, 08:33",roll_z_0_1pris_z_0_1roll_y_0_1pitch_y_0_4pris_y_0_4pris_x_0_4,"[False, False, False, False]","[-1, -1, -1, -1]",False,-1,-1,-1,-1
1256,"11/12/19, 08:33",roll_z_0_1pitch_y_0_1pitch_z_0_4roll_z_0_7roll_y_0_7pris_z_0_7,"[False, False, False, True]","[-1, -1, -1, -1]",False,-1,-1,-1,-1
1257,"11/12/19, 08:33",roll_z_0_1pitch_y_0_1pitch_x_0_4pitch_y_0_4roll_x_0_7pris_z_0_1,"[False, False, False, False]","[-1, -1, -1, -1]",False,-1,-1,-1,-1
1258,"11/12/19, 08:33",roll_z_0_1roll_y_0_7pris_y_0_4pris_x_0_1pitch_x_0_7pitch_y_0_7,"[False, False, False, False]","[-1, -1, -1, -1]",False,-1,-1,-1,-1
1259,"11/12/19, 08:33",roll_z_0_1pitch_y_0_7pitch_x_0_7pitch_z_0_4pitch_x_0_1pris_y_0_7,"[False, False, False, True]","[-1, -1, -1, -1]",False,-1,-1,-1,-1
1260,"11/12/19, 08:34",roll_z_0_1pris_z_0_4pitch_y_0_1pris_y_0_1roll_y_0_4pris_y_0_1,"[False, False, False, False]","[-1, -1, -1, -1]",False,-1,-1,-1,-1
1261,"11/12/19, 08:34",roll_z_0_1pris_y_0_4roll_z_0_1pitch_y_0_1pris_y_0_1roll_y_0_4,"[False, False, False, False]","[-1, -1, -1, -1]",False,-1,-1,-1,-1
1262,"11/12/19, 08:34",roll_z_0_1pris_y_0_7pris_x_0_7pitch_y_0_7pitch_x_0_1pitch_x_0_7,"[False, False, False, False]","[-1, -1, -1, -1]",False,-1,-1,-1,-1
1263,"11/12/19, 08:34",roll_z_0_1roll_y_0_4roll_y_0_7pitch_y_0_1roll_x_0_7pris_y_0_7,"[False, False, False, True]","[-1, -1, -1, -1]",False,-1,-1,-1,-1
1264,"11/12/19, 08:35",roll_z_0_1pitch_y_0_1pris_x_0_7pitch_y_0_4pris_z_0_7pitch_y_0_1,"[False, False, False, False]","[-1, -1, -1, -1]",False,-1,-1,-1,-1
1265,"11/12/19, 08:35",roll_z_0_1pris_y_0_4pitch_z_0_7pris_y_0_7pitch_x_0_4roll_y_0_1,"[False, False, False, False]","[-1, -1, -1, -1]",False,-1,-1,-1,-1
1266,"11/12/19, 08:35",roll_z_0_1pitch_y_0_7pris_z_0_1pitch_y_0_1pris_z_0_4pris_y_0_4,"[False, False, False, False]","[-1, -1, -1, -1]",False,-1,-1,-1,-1
1267,"11/12/19, 08:35",roll_z_0_1pitch_y_0_1pitch_y_0_4pitch_y_0_1roll_z_0_4pris_y_0_4,"[False, False, False, False]","[-1, -1, -1, -1]",False,-1,-1,-1,-1
1268,"11/12/19, 08:35",roll_z_0_1pris_z_0_4pitch_y_0_1pris_y_0_7pris_x_0_4roll_y_0_7,"[False, False, False, False]","[-1, -1, -1, -1]",False,-1,-1,-1,-1
1269,"11/12/19, 08:36",roll_z_0_1pitch_y_0_7pitch_x_0_4pitch_x_0_1pitch_y_0_7pris_y_0_4,"[False, False, False, False]","[-1, -1, -1, -1]",False,-1,-1,-1,-1
1270,"11/12/19, 08:36",roll_z_0_1pris_y_0_7roll_y_0_1pris_z_0_4pitch_y_0_7pris_y_0_7,"[False, False, False, False]","[-1, -1, -1, -1]",False,-1,-1,-1,-1
1271,"11/12/19, 08:36",roll_z_0_1pris_z_0_1pris_y_0_7pitch_z_0_4pitch_x_0_1pitch_y_0_4,"[False, False, False, False]","[-1, -1, -1, -1]",False,-1,-1,-1,-1
1272,"11/12/19, 08:37",roll_z_0_1pris_y_0_4roll_x_0_1pitch_y_0_7pris_z_0_4roll_z_0_7,"[False, False, False, False]","[-1, -1, -1, -1]",False,-1,-1,-1,-1
1273,"11/12/19, 08:37",roll_z_0_1pris_y_0_1pris_y_0_1pris_x_0_7pitch_z_0_7roll_z_0_1,"[False, False, False, False]","[-1, -1, -1, -1]",False,-1,-1,-1,-1
1274,"11/12/19, 08:37",roll_z_0_1pitch_y_0_1pitch_z_0_4pitch_z_0_7pitch_z_0_7roll_y_0_1,"[True, True, True, True]","[2.798, 2.529, 3.145, 2.968]",True,2.86,0.196,0.248,0.119
1275,"11/12/19, 08:37",roll_z_0_1pitch_y_0_7pris_z_0_4pris_x_0_1pitch_z_0_1pitch_x_0_7,"[False, False, False, False]","[-1, -1, -1, -1]",False,-1,-1,-1,-1
1276,"11/12/19, 08:38",roll_z_0_1pitch_y_0_7pris_y_0_4pitch_z_0_4pris_z_0_1pris_y_0_7,"[False, False, False, False]","[-1, -1, -1, -1]",False,-1,-1,-1,-1
1277,"11/12/19, 08:38",roll_z_0_1pris_y_0_4pris_y_0_1roll_x_0_1pitch_y_0_7pitch_x_0_1,"[False, False, False, False]","[-1, -1, -1, -1]",False,-1,-1,-1,-1
1278,"11/12/19, 08:38",roll_z_0_1pris_y_0_4pris_y_0_1roll_y_0_4pris_z_0_1roll_y_0_1,"[False, False, False, False]","[-1, -1, -1, -1]",False,-1,-1,-1,-1
1279,"11/12/19, 08:39",roll_z_0_1pris_z_0_4pris_y_0_4roll_y_0_1roll_y_0_7pitch_y_0_1,"[False, False, False, False]","[-1, -1, -1, -1]",False,-1,-1,-1,-1
1280,"11/12/19, 08:39",roll_z_0_1pitch_y_0_4pris_x_0_4pitch_x_0_4pris_z_0_7pris_y_0_4,"[False, False, False, False]","[-1, -1, -1, -1]",False,-1,-1,-1,-1
1281,"11/12/19, 08:39",roll_z_0_1pitch_y_0_4pitch_x_0_4pitch_x_0_1roll_x_0_1pris_z_0_4,"[False, False, False, False]","[-1, -1, -1, -1]",False,-1,-1,-1,-1
1282,"11/12/19, 08:39",roll_z_0_1pris_y_0_7pitch_x_0_4pris_x_0_1roll_y_0_7roll_y_0_1,"[False, False, False, False]","[-1, -1, -1, -1]",False,-1,-1,-1,-1
1283,"11/12/19, 08:39",roll_z_0_1pitch_y_0_7pris_y_0_4pris_x_0_4roll_x_0_1pitch_y_0_1,"[False, False, False, False]","[-1, -1, -1, -1]",False,-1,-1,-1,-1
1284,"11/12/19, 08:40",roll_z_0_1roll_y_0_1pris_y_0_4pitch_z_0_1roll_z_0_4roll_y_0_7,"[False, False, False, False]","[-1, -1, -1, -1]",False,-1,-1,-1,-1
1285,"11/12/19, 08:40",roll_z_0_1pitch_y_0_7pitch_z_0_4pitch_x_0_7roll_y_0_4pris_y_0_4,"[False, False, False, False]","[-1, -1, -1, -1]",False,-1,-1,-1,-1
1286,"11/12/19, 08:40",roll_z_0_1pitch_y_0_7pitch_x_0_1pris_x_0_1roll_x_0_1pris_z_0_4,"[False, False, False, False]","[-1, -1, -1, -1]",False,-1,-1,-1,-1
1287,"11/12/19, 08:40",roll_z_0_1pris_y_0_4pitch_x_0_1pris_y_0_4pitch_x_0_1roll_y_0_4,"[False, False, False, False]","[-1, -1, -1, -1]",False,-1,-1,-1,-1
1288,"11/12/19, 08:41",roll_z_0_1pitch_y_0_1pris_y_0_7pitch_y_0_1pris_y_0_4pitch_x_0_1,"[False, False, False, False]","[-1, -1, -1, -1]",False,-1,-1,-1,-1
1289,"11/12/19, 08:41",roll_z_0_1pris_y_0_7pitch_z_0_7pris_z_0_1pitch_y_0_4roll_y_0_7,"[False, False, False, False]","[-1, -1, -1, -1]",False,-1,-1,-1,-1
1290,"11/12/19, 08:41",roll_z_0_1pris_y_0_7roll_z_0_7pitch_y_0_4roll_x_0_4roll_y_0_7,"[False, False, False, True]","[-1, -1, -1, -1]",False,-1,-1,-1,-1
1291,"11/12/19, 08:41",roll_z_0_1pris_y_0_7roll_x_0_1pris_y_0_7roll_x_0_7pris_y_0_7,"[False, False, False, False]","[-1, -1, -1, -1]",False,-1,-1,-1,-1
1292,"11/12/19, 08:41",roll_z_0_1roll_y_0_4pitch_y_0_7pris_z_0_1pris_y_0_1roll_x_0_1,"[False, False, False, False]","[-1, -1, -1, -1]",False,-1,-1,-1,-1
1293,"11/12/19, 08:42",roll_z_0_1pris_z_0_7roll_y_0_4pris_z_0_4pitch_y_0_1pitch_x_0_7,"[False, False, False, False]","[-1, -1, -1, -1]",False,-1,-1,-1,-1
1294,"11/12/19, 08:42",roll_z_0_1roll_y_0_1pitch_y_0_4roll_z_0_4roll_y_0_4pris_y_0_7,"[False, False, True, True]","[-1, -1, -1, -1]",False,-1,-1,-1,-1
1295,"11/12/19, 08:42",roll_z_0_1pris_y_0_4pris_x_0_4pitch_z_0_4pitch_x_0_4pitch_y_0_4,"[False, False, False, False]","[-1, -1, -1, -1]",False,-1,-1,-1,-1
1296,"11/12/19, 08:43",roll_z_0_1pris_y_0_1pitch_z_0_7pris_x_0_7roll_x_0_7pris_z_0_7,"[False, False, False, False]","[-1, -1, -1, -1]",False,-1,-1,-1,-1
1297,"11/12/19, 08:43",roll_z_0_1pitch_y_0_4roll_y_0_1pris_z_0_4pitch_y_0_4pitch_y_0_1,"[False, False, False, False]","[-1, -1, -1, -1]",False,-1,-1,-1,-1
1298,"11/12/19, 08:43",roll_z_0_1pris_y_0_7pris_x_0_7pitch_y_0_7pitch_z_0_1pitch_y_0_1,"[False, False, False, False]","[-1, -1, -1, -1]",False,-1,-1,-1,-1
1299,"11/12/19, 08:43",roll_z_0_1pris_z_0_4pitch_y_0_1pris_y_0_4pitch_x_0_1pris_x_0_7,"[False, False, False, False]","[-1, -1, -1, -1]",False,-1,-1,-1,-1
1300,"11/12/19, 08:44",roll_z_0_1pris_z_0_7pitch_y_0_1pris_y_0_1roll_y_0_4roll_y_0_7,"[False, False, False, False]","[-1, -1, -1, -1]",False,-1,-1,-1,-1
1301,"11/12/19, 08:44",roll_z_0_1pitch_y_0_4pris_z_0_7roll_x_0_7pris_y_0_1pitch_y_0_4,"[False, False, False, False]","[-1, -1, -1, -1]",False,-1,-1,-1,-1
1302,"11/12/19, 08:44",roll_z_0_1pris_y_0_7pitch_y_0_4pitch_y_0_1pris_z_0_4pris_x_0_1,"[False, False, False, False]","[-1, -1, -1, -1]",False,-1,-1,-1,-1
1303,"11/12/19, 08:44",roll_z_0_1roll_y_0_4pitch_y_0_4roll_y_0_4roll_y_0_1pris_y_0_7,"[False, False, True, True]","[-1, -1, -1, -1]",False,-1,-1,-1,-1
1304,"11/12/19, 08:45",roll_z_0_1pris_y_0_7pitch_x_0_7pitch_y_0_7pris_z_0_4pitch_z_0_7,"[False, False, False, False]","[-1, -1, -1, -1]",False,-1,-1,-1,-1
1305,"11/12/19, 08:45",roll_z_0_1pris_y_0_7pris_y_0_4pitch_z_0_1pitch_x_0_7roll_y_0_1,"[False, False, False, False]","[-1, -1, -1, -1]",False,-1,-1,-1,-1
1306,"11/12/19, 08:45",roll_z_0_1pris_z_0_7pris_y_0_7pitch_x_0_7pitch_x_0_4roll_y_0_1,"[False, False, False, False]","[-1, -1, -1, -1]",False,-1,-1,-1,-1
1307,"11/12/19, 08:45",roll_z_0_1pitch_y_0_7pris_x_0_4pitch_y_0_7pris_z_0_1pitch_x_0_4,"[False, False, False, False]","[-1, -1, -1, -1]",False,-1,-1,-1,-1
1308,"11/12/19, 08:46",roll_z_0_1roll_y_0_1pris_y_0_1pitch_z_0_7pitch_y_0_7pitch_z_0_7,"[False, False, False, False]","[-1, -1, -1, -1]",False,-1,-1,-1,-1
1309,"11/12/19, 08:46",roll_z_0_1pitch_y_0_4pris_x_0_4roll_y_0_4pris_z_0_7pris_y_0_1,"[False, False, False, False]","[-1, -1, -1, -1]",False,-1,-1,-1,-1
1310,"11/12/19, 08:46",roll_z_0_1roll_y_0_1pitch_y_0_7pitch_x_0_1pitch_y_0_4roll_z_0_7,"[True, False, True, True]","[4.966, 2.809, 3.882, 3.527]",True,3.8,0.128,0.09,0.078
1311,"11/12/19, 08:47",roll_z_0_1pris_y_0_7pitch_z_0_7roll_z_0_7pris_y_0_7roll_y_0_1,"[False, False, False, False]","[-1, -1, -1, -1]",False,-1,-1,-1,-1
1312,"11/12/19, 08:47",roll_z_0_1pris_z_0_7pitch_y_0_7pris_z_0_7pris_x_0_1pitch_z_0_7,"[False, False, False, False]","[-1, -1, -1, -1]",False,-1,-1,-1,-1
1313,"11/12/19, 08:47",roll_z_0_1pitch_y_0_7pitch_x_0_4pris_z_0_1pris_x_0_1pitch_y_0_7,"[False, False, False, False]","[-1, -1, -1, -1]",False,-1,-1,-1,-1
1314,"11/12/19, 08:47",roll_z_0_1pris_z_0_7roll_y_0_1pitch_y_0_1pitch_y_0_7pris_z_0_1,"[False, False, False, False]","[-1, -1, -1, -1]",False,-1,-1,-1,-1
1315,"11/12/19, 08:48",roll_z_0_1pris_z_0_7pris_y_0_1pitch_y_0_1pris_z_0_7pitch_y_0_7,"[False, False, False, False]","[-1, -1, -1, -1]",False,-1,-1,-1,-1
1316,"11/12/19, 08:48",roll_z_0_1pris_z_0_4pris_y_0_1pitch_x_0_1pitch_x_0_4roll_y_0_7,"[False, False, False, False]","[-1, -1, -1, -1]",False,-1,-1,-1,-1
1317,"11/12/19, 08:48",roll_z_0_1pris_y_0_1pitch_z_0_4pris_y_0_4pitch_x_0_4pitch_x_0_7,"[False, False, False, False]","[-1, -1, -1, -1]",False,-1,-1,-1,-1
1318,"11/12/19, 08:48",roll_z_0_1pris_y_0_7pitch_x_0_7pitch_x_0_7roll_z_0_7roll_y_0_1,"[False, False, False, False]","[-1, -1, -1, -1]",False,-1,-1,-1,-1
1319,"11/12/19, 08:49",roll_z_0_1pitch_y_0_4roll_z_0_4pris_y_0_4pris_x_0_7pitch_z_0_7,"[False, False, False, False]","[-1, -1, -1, -1]",False,-1,-1,-1,-1
1320,"11/12/19, 08:49",roll_z_0_1pris_y_0_1pitch_y_0_4pitch_y_0_1pris_z_0_7pitch_y_0_7,"[False, False, False, False]","[-1, -1, -1, -1]",False,-1,-1,-1,-1
1321,"11/12/19, 08:49",roll_z_0_1pris_y_0_7pitch_y_0_1pitch_x_0_1pitch_z_0_4roll_y_0_7,"[False, False, False, False]","[-1, -1, -1, -1]",False,-1,-1,-1,-1
1322,"11/12/19, 08:49",roll_z_0_1pitch_y_0_7roll_x_0_1pris_y_0_4pitch_y_0_7roll_y_0_4,"[True, False, False, False]","[-1, -1, -1, -1]",False,-1,-1,-1,-1
1323,"11/12/19, 08:50",roll_z_0_1pris_y_0_1pitch_y_0_7pris_x_0_1pitch_z_0_4roll_y_0_4,"[False, False, False, False]","[-1, -1, -1, -1]",False,-1,-1,-1,-1
1324,"11/12/19, 08:50",roll_z_0_1pris_y_0_1pitch_z_0_1pitch_x_0_7pitch_x_0_1pris_z_0_4,"[False, False, False, False]","[-1, -1, -1, -1]",False,-1,-1,-1,-1
1325,"11/12/19, 08:50",roll_z_0_1pris_y_0_7pitch_x_0_4pris_z_0_1pitch_y_0_7pris_z_0_1,"[False, False, False, False]","[-1, -1, -1, -1]",False,-1,-1,-1,-1
1326,"11/12/19, 08:50",roll_z_0_1roll_y_0_7pris_z_0_1pris_y_0_4pitch_x_0_1pitch_y_0_4,"[True, True, False, False]","[-1, -1, -1, -1]",False,-1,-1,-1,-1
1327,"11/12/19, 08:51",roll_z_0_1pitch_y_0_4pitch_x_0_1roll_x_0_7pitch_y_0_7roll_z_0_7,"[True, False, False, False]","[-1, -1, -1, -1]",False,-1,-1,-1,-1
1328,"11/12/19, 08:51",roll_z_0_1pris_y_0_7pitch_z_0_7pris_y_0_4pitch_y_0_1pitch_y_0_7,"[False, False, False, False]","[-1, -1, -1, -1]",False,-1,-1,-1,-1
1329,"11/12/19, 08:51",roll_z_0_1pris_y_0_7pitch_y_0_1pris_y_0_4roll_y_0_7pitch_y_0_4,"[False, False, False, False]","[-1, -1, -1, -1]",False,-1,-1,-1,-1
1330,"11/12/19, 08:52",roll_z_0_1pris_y_0_7pris_x_0_7pitch_y_0_7pitch_y_0_4roll_y_0_1,"[False, False, False, False]","[-1, -1, -1, -1]",False,-1,-1,-1,-1
1331,"11/12/19, 08:52",roll_z_0_1roll_y_0_1pris_y_0_7pitch_z_0_4pitch_x_0_7pitch_x_0_7,"[False, False, False, False]","[-1, -1, -1, -1]",False,-1,-1,-1,-1
1332,"11/12/19, 08:52",roll_z_0_1pris_y_0_7pitch_y_0_7pitch_z_0_1pitch_z_0_7pitch_y_0_7,"[False, False, True, False]","[-1, -1, -1, -1]",False,-1,-1,-1,-1
1333,"11/12/19, 08:52",roll_z_0_1pris_y_0_7roll_x_0_1roll_y_0_7pitch_y_0_7roll_y_0_4,"[False, False, False, False]","[-1, -1, -1, -1]",False,-1,-1,-1,-1
1334,"11/12/19, 08:53",roll_z_0_1pris_y_0_4pitch_x_0_1pris_y_0_4pitch_y_0_4roll_x_0_1,"[False, False, False, False]","[-1, -1, -1, -1]",False,-1,-1,-1,-1
1335,"11/12/19, 08:53",roll_z_0_1roll_y_0_1pris_y_0_7pitch_z_0_1roll_z_0_4pris_z_0_4,"[False, False, False, False]","[-1, -1, -1, -1]",False,-1,-1,-1,-1
1336,"11/12/19, 08:53",roll_z_0_1pris_y_0_1pitch_x_0_1roll_z_0_4pitch_y_0_7pris_x_0_4,"[False, False, False, False]","[-1, -1, -1, -1]",False,-1,-1,-1,-1
1337,"11/12/19, 08:53",roll_z_0_1pitch_y_0_7pris_z_0_7roll_y_0_7pitch_y_0_1roll_z_0_1,"[False, False, False, False]","[-1, -1, -1, -1]",False,-1,-1,-1,-1
1338,"11/12/19, 08:54",roll_z_0_1pris_z_0_4pris_y_0_7pitch_y_0_7pris_x_0_4roll_z_0_4,"[False, False, False, False]","[-1, -1, -1, -1]",False,-1,-1,-1,-1
1339,"11/12/19, 08:54",roll_z_0_1roll_y_0_4pitch_y_0_7roll_y_0_4pitch_y_0_1roll_x_0_4,"[True, True, True, True]","[1.6, 2.547, 2.549, 1.866]",True,2.14,0.174,0.26,0.099
1340,"11/12/19, 08:54",roll_z_0_1pitch_y_0_1pitch_x_0_1pitch_z_0_1roll_y_0_4pris_y_0_4,"[False, False, False, True]","[-1, -1, -1, -1]",False,-1,-1,-1,-1
1341,"11/12/19, 08:54",roll_z_0_1pitch_y_0_7roll_x_0_4pris_y_0_7pitch_z_0_1pitch_z_0_1,"[False, False, False, False]","[-1, -1, -1, -1]",False,-1,-1,-1,-1
1342,"11/12/19, 08:54",roll_z_0_1pitch_y_0_7pris_z_0_4pris_y_0_1pris_x_0_4roll_x_0_4,"[False, False, False, False]","[-1, -1, -1, -1]",False,-1,-1,-1,-1
1343,"11/12/19, 08:55",roll_z_0_1pitch_y_0_1pris_z_0_1pitch_z_0_4pitch_y_0_4pitch_x_0_4,"[False, False, False, False]","[-1, -1, -1, -1]",False,-1,-1,-1,-1
1344,"11/12/19, 08:55",roll_z_0_1pitch_y_0_7pitch_y_0_1pris_z_0_7pitch_y_0_7pris_y_0_4,"[False, False, False, False]","[-1, -1, -1, -1]",False,-1,-1,-1,-1
1345,"11/12/19, 08:55",roll_z_0_1pris_y_0_7roll_z_0_1pris_y_0_7roll_z_0_4pris_y_0_4,"[False, False, False, False]","[-1, -1, -1, -1]",False,-1,-1,-1,-1
1346,"11/12/19, 08:55",roll_z_0_1pitch_y_0_7pitch_y_0_7pitch_z_0_1roll_y_0_1pris_y_0_4,"[False, False, False, False]","[-1, -1, -1, -1]",False,-1,-1,-1,-1
1347,"11/12/19, 08:55",roll_z_0_1pitch_y_0_4pris_x_0_1pitch_x_0_4pitch_z_0_1roll_x_0_1,"[False, False, False, False]","[-1, -1, -1, -1]",False,-1,-1,-1,-1
1348,"11/12/19, 08:56",roll_z_0_1pris_y_0_4pitch_y_0_7pitch_x_0_4pris_x_0_7roll_z_0_7,"[False, False, False, False]","[-1, -1, -1, -1]",False,-1,-1,-1,-1
1349,"11/12/19, 08:56",roll_z_0_1pris_y_0_1pitch_x_0_4pitch_z_0_1pris_y_0_4pitch_x_0_1,"[False, False, False, False]","[-1, -1, -1, -1]",False,-1,-1,-1,-1
1350,"11/12/19, 08:56",roll_z_0_1pris_y_0_4pitch_x_0_7roll_z_0_1pris_z_0_7pris_y_0_4,"[False, False, False, False]","[-1, -1, -1, -1]",False,-1,-1,-1,-1
1351,"11/12/19, 08:56",roll_z_0_1pris_z_0_4pitch_y_0_4pitch_x_0_1pris_y_0_7pris_y_0_4,"[False, False, False, False]","[-1, -1, -1, -1]",False,-1,-1,-1,-1
1352,"11/12/19, 08:57",roll_z_0_1pitch_y_0_4pris_x_0_1pitch_x_0_7pris_x_0_1pitch_z_0_1,"[False, False, False, False]","[-1, -1, -1, -1]",False,-1,-1,-1,-1
1353,"11/12/19, 08:57",roll_z_0_1pris_y_0_4pitch_x_0_1roll_y_0_7pitch_y_0_1roll_x_0_7,"[False, False, False, False]","[-1, -1, -1, -1]",False,-1,-1,-1,-1
1354,"11/12/19, 08:57",roll_z_0_1pitch_y_0_1roll_x_0_7pitch_y_0_7pris_y_0_1pitch_x_0_1,"[False, False, False, False]","[-1, -1, -1, -1]",False,-1,-1,-1,-1
1355,"11/12/19, 08:57",roll_z_0_1pris_y_0_7pitch_x_0_7pris_z_0_4roll_y_0_4pris_z_0_1,"[False, False, False, False]","[-1, -1, -1, -1]",False,-1,-1,-1,-1
1356,"11/12/19, 08:58",roll_z_0_1pris_y_0_1pitch_y_0_1pris_y_0_1pris_y_0_7roll_y_0_1,"[False, False, False, False]","[-1, -1, -1, -1]",False,-1,-1,-1,-1
1357,"11/12/19, 08:58",roll_z_0_1pris_y_0_1pitch_y_0_1pris_z_0_7pris_y_0_1roll_z_0_1,"[False, False, False, False]","[-1, -1, -1, -1]",False,-1,-1,-1,-1
1358,"11/12/19, 08:58",roll_z_0_1pitch_y_0_1pitch_z_0_1pris_y_0_7pitch_z_0_7roll_z_0_1,"[False, False, False, False]","[-1, -1, -1, -1]",False,-1,-1,-1,-1
1359,"11/12/19, 08:58",roll_z_0_1pris_z_0_4pitch_y_0_7pris_z_0_7pitch_z_0_7pris_y_0_4,"[False, False, False, False]","[-1, -1, -1, -1]",False,-1,-1,-1,-1
1360,"11/12/19, 08:59",roll_z_0_1pitch_y_0_7roll_y_0_1pitch_y_0_1pitch_x_0_7pitch_z_0_1,"[True, True, False, True]","[3.778, 2.311, 5.165, 6.141]",True,4.35,0.088,0.038,0.054
1361,"11/12/19, 08:59",roll_z_0_1pris_y_0_7pitch_x_0_4pris_z_0_4pitch_x_0_7roll_z_0_1,"[False, False, False, False]","[-1, -1, -1, -1]",False,-1,-1,-1,-1
1362,"11/12/19, 08:59",roll_z_0_1pris_y_0_7pitch_x_0_4pitch_x_0_1roll_x_0_1pris_z_0_4,"[False, False, False, False]","[-1, -1, -1, -1]",False,-1,-1,-1,-1
1363,"11/12/19, 08:59",roll_z_0_1pris_z_0_4roll_y_0_4pris_y_0_1pitch_x_0_7pris_x_0_7,"[False, False, False, False]","[-1, -1, -1, -1]",False,-1,-1,-1,-1
1364,"11/12/19, 09:00",roll_z_0_1roll_y_0_7pris_y_0_7pris_y_0_4pitch_z_0_4pris_z_0_1,"[False, False, False, False]","[-1, -1, -1, -1]",False,-1,-1,-1,-1
1365,"11/12/19, 09:00",roll_z_0_1pitch_y_0_7pris_x_0_4pris_x_0_7roll_y_0_7roll_y_0_1,"[False, False, False, False]","[-1, -1, -1, -1]",False,-1,-1,-1,-1
1366,"11/12/19, 09:00",roll_z_0_1pitch_y_0_1pitch_y_0_1pitch_y_0_7roll_z_0_4pris_z_0_4,"[False, False, False, False]","[-1, -1, -1, -1]",False,-1,-1,-1,-1
1367,"11/12/19, 09:00",roll_z_0_1pitch_y_0_4roll_z_0_7pitch_y_0_7pitch_x_0_4pris_y_0_1,"[False, False, False, False]","[-1, -1, -1, -1]",False,-1,-1,-1,-1
1368,"11/12/19, 09:00",roll_z_0_1pitch_y_0_7pris_x_0_4pris_x_0_7pitch_z_0_7pris_x_0_1,"[False, False, False, False]","[-1, -1, -1, -1]",False,-1,-1,-1,-1
1369,"11/12/19, 09:01",roll_z_0_1roll_y_0_7pitch_y_0_4pitch_z_0_7pris_x_0_7roll_x_0_1,"[False, False, True, False]","[-1, -1, -1, -1]",False,-1,-1,-1,-1
1370,"11/12/19, 09:01",roll_z_0_1pitch_y_0_7pitch_y_0_4roll_y_0_7pris_z_0_4roll_y_0_4,"[False, False, False, False]","[-1, -1, -1, -1]",False,-1,-1,-1,-1
1371,"11/12/19, 09:01",roll_z_0_1pitch_y_0_4pris_y_0_4pris_y_0_4pitch_x_0_1pris_z_0_1,"[False, False, False, False]","[-1, -1, -1, -1]",False,-1,-1,-1,-1
1372,"11/12/19, 09:01",roll_z_0_1roll_y_0_1pris_y_0_1pitch_y_0_4pris_y_0_7pris_y_0_1,"[False, False, False, False]","[-1, -1, -1, -1]",False,-1,-1,-1,-1
1373,"11/12/19, 09:01",roll_z_0_1pris_y_0_1pitch_z_0_7pris_z_0_7roll_z_0_1pris_y_0_1,"[False, False, False, False]","[-1, -1, -1, -1]",False,-1,-1,-1,-1
1374,"11/12/19, 09:02",roll_z_0_1pris_y_0_7pitch_y_0_1roll_z_0_1pitch_y_0_7roll_x_0_1,"[False, False, False, False]","[-1, -1, -1, -1]",False,-1,-1,-1,-1
1375,"11/12/19, 09:02",roll_z_0_1pris_y_0_1roll_x_0_4pris_z_0_7pitch_y_0_7roll_z_0_1,"[False, False, False, False]","[-1, -1, -1, -1]",False,-1,-1,-1,-1
1376,"11/12/19, 09:03",roll_z_0_1pitch_y_0_1pitch_z_0_1pitch_x_0_4pitch_x_0_4roll_z_0_7,"[False, False, False, False]","[-1, -1, -1, -1]",False,-1,-1,-1,-1
1377,"11/12/19, 09:03",roll_z_0_1pris_y_0_7pris_x_0_4pitch_x_0_4pitch_z_0_1roll_x_0_4,"[False, False, False, False]","[-1, -1, -1, -1]",False,-1,-1,-1,-1
1378,"11/12/19, 09:03",roll_z_0_1pitch_y_0_7roll_x_0_1pitch_y_0_7pitch_x_0_4roll_z_0_1,"[True, True, True, False]","[-1, -1, -1, -1]",False,-1,-1,-1,-1
1379,"11/12/19, 09:03",roll_z_0_1pris_y_0_4pris_x_0_1pitch_y_0_7pris_y_0_1roll_z_0_4,"[False, False, False, False]","[-1, -1, -1, -1]",False,-1,-1,-1,-1
1380,"11/12/19, 09:04",roll_z_0_1pitch_y_0_7pris_z_0_1roll_z_0_7roll_y_0_7pris_y_0_4,"[False, False, False, False]","[-1, -1, -1, -1]",False,-1,-1,-1,-1
1381,"11/12/19, 09:04",roll_z_0_1pris_z_0_1pitch_y_0_7pitch_y_0_7pris_y_0_7pris_y_0_4,"[False, False, False, False]","[-1, -1, -1, -1]",False,-1,-1,-1,-1
1382,"11/12/19, 09:04",roll_z_0_1pitch_y_0_7pris_y_0_1roll_y_0_1roll_y_0_7pris_z_0_7,"[False, False, False, False]","[-1, -1, -1, -1]",False,-1,-1,-1,-1
1383,"11/12/19, 09:04",roll_z_0_1roll_y_0_1pris_y_0_4pris_y_0_4roll_y_0_4pitch_y_0_1,"[False, False, False, False]","[-1, -1, -1, -1]",False,-1,-1,-1,-1
1384,"11/12/19, 09:05",roll_z_0_1pitch_y_0_1pitch_z_0_4pitch_y_0_7pris_z_0_4pitch_x_0_1,"[False, False, False, False]","[-1, -1, -1, -1]",False,-1,-1,-1,-1
1385,"11/12/19, 09:05",roll_z_0_1pitch_y_0_1pris_z_0_7pitch_z_0_7pitch_y_0_7pitch_y_0_1,"[False, False, False, False]","[-1, -1, -1, -1]",False,-1,-1,-1,-1
1386,"11/12/19, 09:05",roll_z_0_1pris_y_0_7pitch_z_0_1pris_z_0_4pitch_z_0_7pris_z_0_1,"[False, False, False, False]","[-1, -1, -1, -1]",False,-1,-1,-1,-1
1387,"11/12/19, 09:05",roll_z_0_1pitch_y_0_7roll_y_0_7roll_y_0_7roll_y_0_7pris_y_0_1,"[False, False, False, False]","[-1, -1, -1, -1]",False,-1,-1,-1,-1
1388,"11/12/19, 09:05",roll_z_0_1pitch_y_0_4roll_x_0_1roll_y_0_7pitch_y_0_1pitch_x_0_1,"[True, True, False, False]","[-1, -1, -1, -1]",False,-1,-1,-1,-1
1389,"11/12/19, 09:06",roll_z_0_1pris_y_0_7pitch_y_0_4roll_z_0_4roll_y_0_7pitch_y_0_4,"[False, True, True, True]","[10.877, 1.877, 2.167, 1.96]",True,4.22,0.192,0.061,0.092
1390,"11/12/19, 09:06",roll_z_0_1pris_y_0_4roll_z_0_1pitch_y_0_4pitch_y_0_4roll_z_0_7,"[False, False, False, False]","[-1, -1, -1, -1]",False,-1,-1,-1,-1
1391,"11/12/19, 09:07",roll_z_0_1pris_z_0_7pitch_y_0_7pris_y_0_4pitch_y_0_7pitch_z_0_4,"[False, False, False, False]","[-1, -1, -1, -1]",False,-1,-1,-1,-1
1392,"11/12/19, 09:07",roll_z_0_1roll_y_0_1pitch_y_0_1pitch_x_0_7roll_y_0_1roll_y_0_1,"[True, True, False, True]","[3.403, 2.47, 3.697, 3.947]",True,3.38,0.256,0.28,0.134
1393,"11/12/19, 09:07",roll_z_0_1pris_y_0_4pitch_z_0_7pitch_y_0_1roll_x_0_7pris_y_0_7,"[False, False, False, False]","[-1, -1, -1, -1]",False,-1,-1,-1,-1
1394,"11/12/19, 09:07",roll_z_0_1pris_y_0_7roll_y_0_1pitch_y_0_7pris_z_0_1pris_x_0_7,"[False, False, False, False]","[-1, -1, -1, -1]",False,-1,-1,-1,-1
1395,"11/12/19, 09:08",roll_z_0_1pitch_y_0_4pitch_z_0_7pitch_x_0_4roll_x_0_7pris_y_0_1,"[False, False, False, False]","[-1, -1, -1, -1]",False,-1,-1,-1,-1
1396,"11/12/19, 09:08",roll_z_0_1pris_y_0_4pitch_z_0_7pris_z_0_7pitch_y_0_7roll_z_0_1,"[False, False, False, False]","[-1, -1, -1, -1]",False,-1,-1,-1,-1
1397,"11/12/19, 09:08",roll_z_0_1pris_y_0_1pitch_z_0_7pitch_y_0_4pris_x_0_7roll_x_0_7,"[False, False, False, False]","[-1, -1, -1, -1]",False,-1,-1,-1,-1
1398,"11/12/19, 09:08",roll_z_0_1pitch_y_0_1pitch_x_0_4pris_x_0_7pitch_x_0_7pitch_x_0_1,"[False, False, False, False]","[-1, -1, -1, -1]",False,-1,-1,-1,-1
1399,"11/12/19, 09:09",roll_z_0_1pris_y_0_7pitch_y_0_4roll_z_0_1pris_y_0_7pitch_z_0_4,"[False, False, False, False]","[-1, -1, -1, -1]",False,-1,-1,-1,-1
1400,"11/12/19, 09:09",roll_z_0_1pris_y_0_1pitch_x_0_7pitch_z_0_7pitch_z_0_1pitch_z_0_4,"[False, False, False, False]","[-1, -1, -1, -1]",False,-1,-1,-1,-1
1401,"11/12/19, 09:09",roll_z_0_1pris_y_0_4pris_y_0_4pitch_x_0_1pitch_z_0_1pitch_z_0_7,"[False, False, False, False]","[-1, -1, -1, -1]",False,-1,-1,-1,-1
1402,"11/12/19, 09:09",roll_z_0_1pris_y_0_4pitch_x_0_1pitch_z_0_7pris_z_0_7roll_x_0_1,"[False, False, False, False]","[-1, -1, -1, -1]",False,-1,-1,-1,-1
1403,"11/12/19, 09:10",roll_z_0_1pitch_y_0_7pitch_z_0_7pris_z_0_7pris_x_0_7pris_x_0_7,"[False, False, False, False]","[-1, -1, -1, -1]",False,-1,-1,-1,-1
1404,"11/12/19, 09:10",roll_z_0_1pitch_y_0_1roll_x_0_1pitch_y_0_7pitch_z_0_7pris_y_0_1,"[False, False, False, False]","[-1, -1, -1, -1]",False,-1,-1,-1,-1
1405,"11/12/19, 09:10",roll_z_0_1roll_y_0_4pitch_y_0_7roll_z_0_7pris_z_0_4roll_y_0_4,"[False, False, False, False]","[-1, -1, -1, -1]",False,-1,-1,-1,-1
1406,"11/12/19, 09:10",roll_z_0_1pris_z_0_4roll_y_0_7pitch_y_0_4pitch_z_0_4pris_z_0_4,"[False, False, False, False]","[-1, -1, -1, -1]",False,-1,-1,-1,-1
1407,"11/12/19, 09:11",roll_z_0_1pris_y_0_1pris_x_0_7pitch_z_0_7pitch_y_0_4pris_y_0_4,"[False, False, False, False]","[-1, -1, -1, -1]",False,-1,-1,-1,-1
1408,"11/12/19, 09:11",roll_z_0_1pitch_y_0_7pitch_z_0_4roll_y_0_7pitch_y_0_1pitch_x_0_4,"[True, True, True, True]","[2.285, 2.25, 2.473, 2.708]",True,2.43,0.173,0.248,0.1
1409,"11/12/19, 09:11",roll_z_0_1roll_y_0_4pris_z_0_1pitch_y_0_7pitch_z_0_1roll_y_0_7,"[False, False, False, False]","[-1, -1, -1, -1]",False,-1,-1,-1,-1
1410,"11/12/19, 09:11",roll_z_0_1pris_y_0_4pitch_z_0_4pris_y_0_4roll_y_0_4pitch_y_0_4,"[False, False, False, False]","[-1, -1, -1, -1]",False,-1,-1,-1,-1
1411,"11/12/19, 09:12",roll_z_0_1pitch_y_0_4pris_z_0_1pitch_z_0_7pris_y_0_1pitch_x_0_7,"[False, False, False, False]","[-1, -1, -1, -1]",False,-1,-1,-1,-1
1412,"11/12/19, 09:12",roll_z_0_1pris_z_0_7pitch_y_0_1pris_x_0_1pitch_y_0_4pris_z_0_7,"[False, False, False, False]","[-1, -1, -1, -1]",False,-1,-1,-1,-1
1413,"11/12/19, 09:12",roll_z_0_1pris_y_0_1pitch_x_0_4pitch_z_0_4pris_x_0_1pris_x_0_1,"[False, False, False, False]","[-1, -1, -1, -1]",False,-1,-1,-1,-1
1414,"11/12/19, 09:12",roll_z_0_1pris_y_0_1pitch_x_0_1pitch_y_0_7pitch_x_0_1pitch_y_0_1,"[False, False, False, False]","[-1, -1, -1, -1]",False,-1,-1,-1,-1
1415,"11/12/19, 09:13",roll_z_0_1pitch_y_0_7roll_y_0_1pitch_y_0_1pris_z_0_4pris_x_0_7,"[False, False, False, False]","[-1, -1, -1, -1]",False,-1,-1,-1,-1
1416,"11/12/19, 09:13",roll_z_0_1roll_y_0_1pitch_y_0_4roll_x_0_7pitch_y_0_7pris_z_0_4,"[False, False, False, False]","[-1, -1, -1, -1]",False,-1,-1,-1,-1
1417,"11/12/19, 09:13",roll_z_0_1roll_y_0_1pris_y_0_7pitch_y_0_7pitch_y_0_1pris_z_0_1,"[False, False, False, False]","[-1, -1, -1, -1]",False,-1,-1,-1,-1
1418,"11/12/19, 09:13",roll_z_0_1roll_y_0_7pitch_y_0_7pris_x_0_7roll_z_0_1pitch_y_0_7,"[False, False, False, False]","[-1, -1, -1, -1]",False,-1,-1,-1,-1
1419,"11/12/19, 09:13",roll_z_0_1pris_y_0_1pitch_y_0_1pitch_x_0_7pris_z_0_4roll_x_0_1,"[False, False, False, False]","[-1, -1, -1, -1]",False,-1,-1,-1,-1
1420,"11/12/19, 09:14",roll_z_0_1pitch_y_0_1pitch_z_0_4pitch_z_0_1roll_x_0_4pitch_y_0_1,"[True, True, True, True]","[2.071, 2.069, 2.203, 2.133]",True,2.12,0.186,0.267,0.106
1421,"11/12/19, 09:14",roll_z_0_1roll_y_0_7pris_y_0_7pitch_z_0_7pitch_z_0_4roll_y_0_7,"[False, False, False, False]","[-1, -1, -1, -1]",False,-1,-1,-1,-1
1422,"11/12/19, 09:14",roll_z_0_1pitch_y_0_4pitch_x_0_7roll_z_0_1pris_y_0_7pitch_z_0_7,"[False, False, False, False]","[-1, -1, -1, -1]",False,-1,-1,-1,-1
1423,"11/12/19, 09:14",roll_z_0_1pitch_y_0_4pitch_z_0_7pitch_x_0_4pitch_x_0_7pris_y_0_7,"[False, False, False, True]","[-1, -1, -1, -1]",False,-1,-1,-1,-1
1424,"11/12/19, 09:15",roll_z_0_1pitch_y_0_4pris_z_0_7pris_x_0_1pitch_z_0_4roll_x_0_4,"[False, False, False, False]","[-1, -1, -1, -1]",False,-1,-1,-1,-1
1425,"11/12/19, 09:15",roll_z_0_1pitch_y_0_4pitch_y_0_4pris_y_0_7pris_x_0_4roll_y_0_7,"[False, False, False, False]","[-1, -1, -1, -1]",False,-1,-1,-1,-1
1426,"11/12/19, 09:15",roll_z_0_1pris_z_0_1roll_y_0_4pitch_y_0_7roll_x_0_4roll_y_0_4,"[False, False, False, False]","[-1, -1, -1, -1]",False,-1,-1,-1,-1
1427,"11/12/19, 09:15",roll_z_0_1pris_y_0_1pitch_z_0_1pitch_z_0_1pitch_x_0_7pris_y_0_4,"[False, False, False, False]","[-1, -1, -1, -1]",False,-1,-1,-1,-1
1428,"11/12/19, 09:16",roll_z_0_1pris_y_0_4pitch_x_0_7pris_y_0_4pitch_z_0_1roll_x_0_4,"[False, False, False, False]","[-1, -1, -1, -1]",False,-1,-1,-1,-1
1429,"11/12/19, 09:16",roll_z_0_1pitch_y_0_4pitch_y_0_4pris_x_0_1pitch_x_0_4pitch_x_0_4,"[False, False, False, False]","[-1, -1, -1, -1]",False,-1,-1,-1,-1
1430,"11/12/19, 09:16",roll_z_0_1pitch_y_0_1roll_y_0_4pitch_y_0_7pitch_x_0_1pris_y_0_4,"[False, False, False, True]","[-1, -1, -1, -1]",False,-1,-1,-1,-1
1431,"11/12/19, 09:16",roll_z_0_1pris_y_0_7roll_y_0_4pitch_y_0_4pris_x_0_7pitch_y_0_1,"[False, False, False, False]","[-1, -1, -1, -1]",False,-1,-1,-1,-1
1432,"11/12/19, 09:16",roll_z_0_1pris_y_0_4pitch_z_0_7pris_y_0_1roll_x_0_4pris_y_0_7,"[False, False, False, False]","[-1, -1, -1, -1]",False,-1,-1,-1,-1
1433,"11/12/19, 09:17",roll_z_0_1pris_z_0_7pitch_y_0_7pris_y_0_4roll_z_0_7pitch_y_0_7,"[False, False, False, False]","[-1, -1, -1, -1]",False,-1,-1,-1,-1
1434,"11/12/19, 09:17",roll_z_0_1roll_y_0_4pitch_y_0_7pris_x_0_4pris_y_0_7roll_x_0_1,"[False, False, False, False]","[-1, -1, -1, -1]",False,-1,-1,-1,-1
1435,"11/12/19, 09:17",roll_z_0_1pris_y_0_4pitch_y_0_7pris_x_0_7roll_z_0_4roll_y_0_4,"[False, False, False, False]","[-1, -1, -1, -1]",False,-1,-1,-1,-1
1436,"11/12/19, 09:18",roll_z_0_1pitch_y_0_7roll_y_0_4pitch_y_0_7pitch_y_0_4pitch_x_0_4,"[True, True, True, True]","[1.7, 2.105, 2.682, 2.472]",True,2.24,0.196,0.247,0.118
1437,"11/12/19, 09:18",roll_z_0_1pris_y_0_1pris_x_0_7pitch_z_0_1pitch_z_0_4roll_y_0_7,"[False, False, False, False]","[-1, -1, -1, -1]",False,-1,-1,-1,-1
1438,"11/12/19, 09:18",roll_z_0_1pris_y_0_7pitch_x_0_7pris_x_0_7pitch_z_0_1pris_x_0_4,"[False, False, False, False]","[-1, -1, -1, -1]",False,-1,-1,-1,-1
1439,"11/12/19, 09:18",roll_z_0_1pitch_y_0_4pris_x_0_1pitch_z_0_1pris_z_0_1pris_y_0_4,"[False, False, False, False]","[-1, -1, -1, -1]",False,-1,-1,-1,-1
1440,"11/12/19, 09:19",roll_z_0_1pris_z_0_1pitch_y_0_7pris_y_0_4pitch_z_0_7pris_z_0_4,"[False, False, False, False]","[-1, -1, -1, -1]",False,-1,-1,-1,-1
1441,"11/12/19, 09:19",roll_z_0_1pitch_y_0_1pris_y_0_1pitch_z_0_4roll_y_0_7pris_z_0_4,"[False, False, False, False]","[-1, -1, -1, -1]",False,-1,-1,-1,-1
1442,"11/12/19, 09:19",roll_z_0_1pitch_y_0_7pris_y_0_4roll_x_0_7pris_y_0_1pitch_x_0_1,"[False, False, False, False]","[-1, -1, -1, -1]",False,-1,-1,-1,-1
1443,"11/12/19, 09:19",roll_z_0_1pris_y_0_4pitch_y_0_4pris_y_0_1roll_x_0_4pitch_y_0_7,"[False, False, False, False]","[-1, -1, -1, -1]",False,-1,-1,-1,-1
1444,"11/12/19, 09:20",roll_z_0_1pitch_y_0_7roll_z_0_1roll_y_0_1pitch_y_0_7pris_y_0_7,"[False, False, False, True]","[-1, -1, -1, -1]",False,-1,-1,-1,-1
1445,"11/12/19, 09:20",roll_z_0_1pris_y_0_1pitch_x_0_7pitch_y_0_4pris_x_0_4pitch_x_0_4,"[False, False, False, False]","[-1, -1, -1, -1]",False,-1,-1,-1,-1
1446,"11/12/19, 09:20",roll_z_0_1roll_y_0_4pris_y_0_4roll_x_0_7pris_z_0_1pris_y_0_7,"[False, False, False, False]","[-1, -1, -1, -1]",False,-1,-1,-1,-1
1447,"11/12/19, 09:20",roll_z_0_1pris_y_0_1pris_x_0_7pitch_x_0_7pris_z_0_1pitch_z_0_1,"[False, False, False, False]","[-1, -1, -1, -1]",False,-1,-1,-1,-1
1448,"11/12/19, 09:20",roll_z_0_1pitch_y_0_7pris_y_0_1pitch_y_0_7pris_y_0_7pitch_z_0_4,"[False, False, False, False]","[-1, -1, -1, -1]",False,-1,-1,-1,-1
1449,"11/12/19, 09:20",roll_z_0_1pitch_y_0_7pitch_y_0_4pris_z_0_4pitch_x_0_7pitch_y_0_7,"[False, False, False, False]","[-1, -1, -1, -1]",False,-1,-1,-1,-1
1450,"11/12/19, 09:21",roll_z_0_1pitch_y_0_4roll_z_0_1pris_y_0_1pitch_z_0_4pris_z_0_7,"[False, False, False, False]","[-1, -1, -1, -1]",False,-1,-1,-1,-1
1451,"11/12/19, 09:21",roll_z_0_1pitch_y_0_1pitch_z_0_4pitch_x_0_1pitch_x_0_7roll_z_0_4,"[False, False, False, False]","[-1, -1, -1, -1]",False,-1,-1,-1,-1
1452,"11/12/19, 09:21",roll_z_0_1pris_y_0_1pitch_z_0_4pitch_x_0_1pris_x_0_4pris_x_0_7,"[False, False, False, False]","[-1, -1, -1, -1]",False,-1,-1,-1,-1
1453,"11/12/19, 09:21",roll_z_0_1pitch_y_0_1roll_y_0_7pris_y_0_7pitch_z_0_4roll_z_0_4,"[False, False, False, False]","[-1, -1, -1, -1]",False,-1,-1,-1,-1
1454,"11/12/19, 09:22",roll_z_0_1pris_y_0_7pitch_x_0_1pris_z_0_1pitch_y_0_1pris_x_0_7,"[False, False, False, False]","[-1, -1, -1, -1]",False,-1,-1,-1,-1
1455,"11/12/19, 09:22",roll_z_0_1pris_y_0_1pitch_y_0_7pitch_z_0_1pitch_y_0_4roll_z_0_4,"[False, False, False, False]","[-1, -1, -1, -1]",False,-1,-1,-1,-1
1456,"11/12/19, 09:22",roll_z_0_1pris_y_0_1pitch_x_0_7pitch_z_0_7pitch_y_0_4roll_x_0_4,"[False, False, False, False]","[-1, -1, -1, -1]",False,-1,-1,-1,-1
1457,"11/12/19, 09:22",roll_z_0_1roll_y_0_4pris_y_0_7roll_x_0_1pitch_y_0_4pris_y_0_7,"[False, False, False, False]","[-1, -1, -1, -1]",False,-1,-1,-1,-1
1458,"11/12/19, 09:23",roll_z_0_1roll_y_0_4roll_y_0_1pitch_y_0_7pitch_z_0_4roll_z_0_7,"[True, True, True, True]","[2.271, 2.297, 2.461, 2.062]",True,2.27,0.191,0.262,0.112
1459,"11/12/19, 09:23",roll_z_0_1pris_y_0_7pris_y_0_1pitch_y_0_4pitch_y_0_7roll_z_0_1,"[False, False, False, False]","[-1, -1, -1, -1]",False,-1,-1,-1,-1
1460,"11/12/19, 09:23",roll_z_0_1roll_y_0_1pris_y_0_1pitch_y_0_1pitch_y_0_7roll_y_0_4,"[False, False, False, False]","[-1, -1, -1, -1]",False,-1,-1,-1,-1
1461,"11/12/19, 09:23",roll_z_0_1pris_z_0_4pris_y_0_1roll_y_0_7pris_z_0_1pitch_y_0_4,"[False, False, False, False]","[-1, -1, -1, -1]",False,-1,-1,-1,-1
1462,"11/12/19, 09:24",roll_z_0_1roll_y_0_1pitch_y_0_7pris_y_0_1pris_x_0_1roll_x_0_1,"[False, False, False, False]","[-1, -1, -1, -1]",False,-1,-1,-1,-1
1463,"11/12/19, 09:24",roll_z_0_1pitch_y_0_4pitch_x_0_4pris_z_0_1pris_y_0_4pitch_z_0_1,"[False, False, False, False]","[-1, -1, -1, -1]",False,-1,-1,-1,-1
1464,"11/12/19, 09:24",roll_z_0_1pitch_y_0_7pitch_y_0_4pitch_y_0_4pris_z_0_4pitch_x_0_1,"[False, False, False, False]","[-1, -1, -1, -1]",False,-1,-1,-1,-1
1465,"11/12/19, 09:24",roll_z_0_1pitch_y_0_4roll_x_0_4pris_y_0_1pitch_y_0_4pris_x_0_4,"[False, False, False, False]","[-1, -1, -1, -1]",False,-1,-1,-1,-1
1466,"11/12/19, 09:25",roll_z_0_1pris_z_0_4pris_y_0_7pitch_z_0_1pitch_y_0_1roll_y_0_7,"[False, False, False, False]","[-1, -1, -1, -1]",False,-1,-1,-1,-1
1467,"11/12/19, 09:25",roll_z_0_1roll_y_0_7pris_y_0_4roll_z_0_1roll_y_0_4roll_y_0_1,"[False, False, False, False]","[-1, -1, -1, -1]",False,-1,-1,-1,-1
1468,"11/12/19, 09:25",roll_z_0_1pris_y_0_4roll_x_0_1pris_y_0_4pris_y_0_4roll_z_0_1,"[False, False, False, False]","[-1, -1, -1, -1]",False,-1,-1,-1,-1
1469,"11/12/19, 09:25",roll_z_0_1pitch_y_0_1pitch_x_0_1pris_z_0_4pris_x_0_4roll_z_0_4,"[False, False, False, False]","[-1, -1, -1, -1]",False,-1,-1,-1,-1
1470,"11/12/19, 09:25",roll_z_0_1pitch_y_0_7pris_x_0_4pitch_x_0_4pris_y_0_1pitch_z_0_7,"[False, False, False, False]","[-1, -1, -1, -1]",False,-1,-1,-1,-1
1471,"11/12/19, 09:26",roll_z_0_1pitch_y_0_1pris_z_0_1pris_y_0_7pitch_x_0_1pris_x_0_4,"[False, False, False, False]","[-1, -1, -1, -1]",False,-1,-1,-1,-1
1472,"11/12/19, 09:26",roll_z_0_1pitch_y_0_7pris_x_0_7pitch_z_0_4pris_y_0_7pitch_y_0_7,"[False, False, False, False]","[-1, -1, -1, -1]",False,-1,-1,-1,-1
1473,"11/12/19, 09:26",roll_z_0_1pitch_y_0_1pitch_y_0_1pitch_z_0_7pris_y_0_4roll_z_0_1,"[False, False, False, False]","[-1, -1, -1, -1]",False,-1,-1,-1,-1
1474,"11/12/19, 09:26",roll_z_0_1pitch_y_0_1pitch_x_0_7pitch_z_0_7pris_x_0_7pris_x_0_7,"[False, False, False, False]","[-1, -1, -1, -1]",False,-1,-1,-1,-1
1475,"11/12/19, 09:26",roll_z_0_1pitch_y_0_1pris_y_0_4pitch_y_0_1pitch_z_0_1pris_x_0_7,"[False, False, False, False]","[-1, -1, -1, -1]",False,-1,-1,-1,-1
1476,"11/12/19, 09:27",roll_z_0_1pris_y_0_7pitch_z_0_1pris_x_0_4pitch_z_0_7pitch_y_0_1,"[False, False, False, False]","[-1, -1, -1, -1]",False,-1,-1,-1,-1
1477,"11/12/19, 09:27",roll_z_0_1roll_y_0_1pitch_y_0_7pitch_x_0_4pris_z_0_4pitch_x_0_4,"[False, False, False, False]","[-1, -1, -1, -1]",False,-1,-1,-1,-1
1478,"11/12/19, 09:27",roll_z_0_1roll_y_0_1pris_y_0_4pitch_y_0_7pris_x_0_4pris_x_0_4,"[False, False, False, False]","[-1, -1, -1, -1]",False,-1,-1,-1,-1
1479,"11/12/19, 09:27",roll_z_0_1pris_y_0_7pris_x_0_4pitch_x_0_7pitch_z_0_1pris_x_0_4,"[False, False, False, False]","[-1, -1, -1, -1]",False,-1,-1,-1,-1
1480,"11/12/19, 09:28",roll_z_0_1pitch_y_0_1pitch_x_0_4pitch_y_0_4pris_z_0_7pris_x_0_7,"[False, False, False, False]","[-1, -1, -1, -1]",False,-1,-1,-1,-1
1481,"11/12/19, 09:28",roll_z_0_1pris_y_0_1pitch_z_0_1pitch_y_0_1pris_z_0_4pitch_z_0_7,"[False, False, False, False]","[-1, -1, -1, -1]",False,-1,-1,-1,-1
1482,"11/12/19, 09:28",roll_z_0_1pitch_y_0_4pris_x_0_1roll_x_0_7roll_y_0_1roll_y_0_4,"[False, False, False, False]","[-1, -1, -1, -1]",False,-1,-1,-1,-1
1483,"11/12/19, 09:28",roll_z_0_1pitch_y_0_1pitch_z_0_4pitch_x_0_4pitch_x_0_7pitch_x_0_4,"[False, False, False, False]","[-1, -1, -1, -1]",False,-1,-1,-1,-1
1484,"11/12/19, 09:29",roll_z_0_1pitch_y_0_7roll_x_0_1pitch_y_0_4roll_x_0_1pitch_y_0_7,"[True, True, True, True]","[3.611, 3.123, 3.522, 2.963]",True,3.3,0.125,0.088,0.079
1485,"11/12/19, 09:29",roll_z_0_1roll_y_0_7pitch_y_0_4pris_y_0_4roll_y_0_4pris_z_0_7,"[False, False, False, False]","[-1, -1, -1, -1]",False,-1,-1,-1,-1
1486,"11/12/19, 09:29",roll_z_0_1pitch_y_0_1pris_y_0_7pitch_z_0_7roll_x_0_7pris_y_0_1,"[False, False, False, False]","[-1, -1, -1, -1]",False,-1,-1,-1,-1
1487,"11/12/19, 09:29",roll_z_0_1pris_y_0_4pitch_z_0_7pris_y_0_1pitch_y_0_4pris_y_0_7,"[False, False, False, False]","[-1, -1, -1, -1]",False,-1,-1,-1,-1
1488,"11/12/19, 09:30",roll_z_0_1roll_y_0_4pitch_y_0_1pris_z_0_7roll_x_0_4pitch_y_0_1,"[True, True, False, False]","[-1, -1, -1, -1]",False,-1,-1,-1,-1
1489,"11/12/19, 09:30",roll_z_0_1pris_y_0_7pris_x_0_1pitch_y_0_4pitch_z_0_1roll_z_0_1,"[False, False, False, False]","[-1, -1, -1, -1]",False,-1,-1,-1,-1
1490,"11/12/19, 09:30",roll_z_0_1pris_y_0_7pris_x_0_7pitch_z_0_1pitch_x_0_7roll_z_0_4,"[False, False, False, False]","[-1, -1, -1, -1]",False,-1,-1,-1,-1
1491,"11/12/19, 09:30",roll_z_0_1pris_y_0_4roll_z_0_1pitch_y_0_4pris_x_0_7pris_y_0_7,"[False, False, False, False]","[-1, -1, -1, -1]",False,-1,-1,-1,-1
1492,"11/12/19, 09:31",roll_z_0_1roll_y_0_4pris_z_0_7pitch_y_0_7roll_y_0_4pris_y_0_7,"[False, False, False, False]","[-1, -1, -1, -1]",False,-1,-1,-1,-1
1493,"11/12/19, 09:31",roll_z_0_1roll_y_0_7pitch_y_0_7pris_z_0_7pitch_y_0_4roll_x_0_1,"[False, False, False, False]","[-1, -1, -1, -1]",False,-1,-1,-1,-1
1494,"11/12/19, 09:31",roll_z_0_1pitch_y_0_7roll_y_0_4pris_y_0_4pris_x_0_1pris_x_0_4,"[False, False, False, False]","[-1, -1, -1, -1]",False,-1,-1,-1,-1
1495,"11/12/19, 09:31",roll_z_0_1pris_y_0_1pitch_z_0_1roll_y_0_4pitch_y_0_1roll_x_0_4,"[False, False, False, False]","[-1, -1, -1, -1]",False,-1,-1,-1,-1
1496,"11/12/19, 09:31",roll_z_0_1pris_z_0_4pris_y_0_7pitch_y_0_4pris_y_0_1pitch_x_0_1,"[False, False, False, False]","[-1, -1, -1, -1]",False,-1,-1,-1,-1
1497,"11/12/19, 09:32",roll_z_0_1pitch_y_0_4pitch_y_0_7pris_z_0_7roll_x_0_7pris_y_0_4,"[False, False, False, False]","[-1, -1, -1, -1]",False,-1,-1,-1,-1
1498,"11/12/19, 09:32",roll_z_0_1pitch_y_0_1pris_x_0_1pris_x_0_4roll_y_0_4pris_z_0_7,"[False, False, False, False]","[-1, -1, -1, -1]",False,-1,-1,-1,-1
1499,"11/12/19, 09:32",roll_z_0_1pitch_y_0_4pris_z_0_4pitch_x_0_1pris_y_0_4roll_y_0_7,"[False, False, False, False]","[-1, -1, -1, -1]",False,-1,-1,-1,-1
1500,"11/12/19, 09:32",roll_z_0_1pris_y_0_1pitch_y_0_1pris_z_0_4pitch_z_0_4roll_x_0_7,"[False, False, False, False]","[-1, -1, -1, -1]",False,-1,-1,-1,-1
1501,"11/12/19, 09:33",roll_z_0_1pitch_y_0_1pris_y_0_4pitch_z_0_1pitch_z_0_7pris_x_0_4,"[False, False, False, True]","[-1, -1, -1, -1]",False,-1,-1,-1,-1
1502,"11/12/19, 09:33",roll_z_0_1roll_y_0_1roll_y_0_7pitch_y_0_7roll_x_0_7pris_z_0_1,"[False, False, False, True]","[-1, -1, -1, -1]",False,-1,-1,-1,-1
1503,"11/12/19, 09:33",roll_z_0_1pris_z_0_1pris_y_0_4roll_z_0_7roll_y_0_7roll_y_0_7,"[False, False, False, False]","[-1, -1, -1, -1]",False,-1,-1,-1,-1
1504,"11/12/19, 09:34",roll_z_0_1pris_y_0_1roll_z_0_7pitch_y_0_4roll_x_0_4roll_y_0_4,"[False, False, False, False]","[-1, -1, -1, -1]",False,-1,-1,-1,-1
1505,"11/12/19, 09:34",roll_z_0_1pris_y_0_1roll_z_0_7pitch_y_0_4pris_z_0_4pitch_z_0_1,"[False, False, False, False]","[-1, -1, -1, -1]",False,-1,-1,-1,-1
1506,"11/12/19, 09:34",roll_z_0_1pris_y_0_1pitch_y_0_7roll_x_0_4pris_y_0_4roll_z_0_7,"[False, False, False, False]","[-1, -1, -1, -1]",False,-1,-1,-1,-1
1507,"11/12/19, 09:34",roll_z_0_1pris_y_0_1pris_y_0_1pitch_y_0_7pitch_x_0_4roll_y_0_1,"[False, False, False, False]","[-1, -1, -1, -1]",False,-1,-1,-1,-1
1508,"11/12/19, 09:35",roll_z_0_1pitch_y_0_7pris_z_0_1pris_y_0_4roll_x_0_4pitch_y_0_4,"[False, False, False, False]","[-1, -1, -1, -1]",False,-1,-1,-1,-1
1509,"11/12/19, 09:35",roll_z_0_1pris_y_0_1pitch_y_0_7pitch_y_0_7pris_y_0_4pitch_z_0_7,"[False, False, False, False]","[-1, -1, -1, -1]",False,-1,-1,-1,-1
1510,"11/12/19, 09:35",roll_z_0_1pitch_y_0_4pris_x_0_1roll_x_0_1pris_y_0_4roll_y_0_7,"[False, False, False, False]","[-1, -1, -1, -1]",False,-1,-1,-1,-1
1511,"11/12/19, 09:35",roll_z_0_1pris_y_0_1roll_x_0_1pitch_y_0_7roll_y_0_7pitch_y_0_1,"[False, False, False, False]","[-1, -1, -1, -1]",False,-1,-1,-1,-1
1512,"11/12/19, 09:36",roll_z_0_1pitch_y_0_1pris_y_0_7pris_y_0_4pitch_z_0_4roll_x_0_1,"[False, False, False, False]","[-1, -1, -1, -1]",False,-1,-1,-1,-1
1513,"11/12/19, 09:36",roll_z_0_1pitch_y_0_7pitch_z_0_7pitch_y_0_4roll_x_0_1pris_y_0_4,"[False, False, False, False]","[-1, -1, -1, -1]",False,-1,-1,-1,-1
1514,"11/12/19, 09:36",roll_z_0_1pris_y_0_4pitch_z_0_4pris_y_0_4pitch_x_0_7roll_x_0_4,"[False, False, False, False]","[-1, -1, -1, -1]",False,-1,-1,-1,-1
1515,"11/12/19, 09:36",roll_z_0_1roll_y_0_7pris_y_0_4pitch_z_0_7roll_y_0_4pitch_y_0_4,"[False, False, False, False]","[-1, -1, -1, -1]",False,-1,-1,-1,-1
1516,"11/12/19, 09:37",roll_z_0_1pitch_y_0_4pris_y_0_7pitch_x_0_4roll_x_0_1roll_y_0_4,"[False, False, False, False]","[-1, -1, -1, -1]",False,-1,-1,-1,-1
1517,"11/12/19, 09:37",roll_z_0_1pris_y_0_1pris_y_0_7pitch_z_0_4roll_z_0_1pris_z_0_4,"[False, False, False, False]","[-1, -1, -1, -1]",False,-1,-1,-1,-1
1518,"11/12/19, 09:37",roll_z_0_1pris_y_0_1pris_y_0_7pitch_x_0_7pitch_x_0_7pris_x_0_1,"[False, False, False, False]","[-1, -1, -1, -1]",False,-1,-1,-1,-1
1519,"11/12/19, 09:37",roll_z_0_1pitch_y_0_4roll_z_0_4pitch_y_0_7roll_x_0_7pris_z_0_1,"[False, False, False, False]","[-1, -1, -1, -1]",False,-1,-1,-1,-1
1520,"11/12/19, 09:38",roll_z_0_1pris_y_0_1pris_x_0_7pris_x_0_7pitch_z_0_7roll_y_0_7,"[False, False, False, False]","[-1, -1, -1, -1]",False,-1,-1,-1,-1
1521,"11/12/19, 09:38",roll_z_0_1pris_y_0_7pris_y_0_1pitch_z_0_4roll_z_0_4pris_y_0_1,"[False, False, False, False]","[-1, -1, -1, -1]",False,-1,-1,-1,-1
1522,"11/12/19, 09:38",roll_z_0_1pris_z_0_1pris_y_0_1roll_x_0_7pris_y_0_1roll_y_0_7,"[False, False, False, False]","[-1, -1, -1, -1]",False,-1,-1,-1,-1
1523,"11/12/19, 09:38",roll_z_0_1pris_y_0_1roll_y_0_4pitch_y_0_1pris_z_0_4roll_y_0_1,"[False, False, False, False]","[-1, -1, -1, -1]",False,-1,-1,-1,-1
1524,"11/12/19, 09:39",roll_z_0_1pitch_y_0_4pitch_x_0_7pris_z_0_7pitch_y_0_7roll_y_0_4,"[False, False, False, False]","[-1, -1, -1, -1]",False,-1,-1,-1,-1
1525,"11/12/19, 09:39",roll_z_0_1roll_y_0_7pitch_y_0_1pitch_x_0_7pitch_x_0_7pitch_y_0_4,"[True, True, True, True]","[2.589, 2.574, 2.748, 2.71]",True,2.66,0.189,0.273,0.099
1526,"11/12/19, 09:39",roll_z_0_1pitch_y_0_7pitch_z_0_4pris_y_0_4pitch_x_0_1roll_y_0_1,"[False, False, False, False]","[-1, -1, -1, -1]",False,-1,-1,-1,-1
1527,"11/12/19, 09:39",roll_z_0_1pitch_y_0_1pris_y_0_4pris_x_0_1roll_x_0_1pris_z_0_7,"[False, False, False, False]","[-1, -1, -1, -1]",False,-1,-1,-1,-1
1528,"11/12/19, 09:40",roll_z_0_1pitch_y_0_1roll_x_0_4pitch_y_0_7pris_y_0_1pris_x_0_7,"[False, False, False, False]","[-1, -1, -1, -1]",False,-1,-1,-1,-1
1529,"11/12/19, 09:40",roll_z_0_1pris_y_0_7pitch_y_0_7roll_x_0_4pitch_y_0_7pris_z_0_4,"[False, False, False, False]","[-1, -1, -1, -1]",False,-1,-1,-1,-1
1530,"11/12/19, 09:40",roll_z_0_1pitch_y_0_7pris_x_0_1pris_y_0_4pris_x_0_7roll_y_0_1,"[False, False, False, False]","[-1, -1, -1, -1]",False,-1,-1,-1,-1
1531,"11/12/19, 09:40",roll_z_0_1pitch_y_0_4pris_y_0_1roll_y_0_7pitch_y_0_4pris_z_0_1,"[False, False, False, False]","[-1, -1, -1, -1]",False,-1,-1,-1,-1
1532,"11/12/19, 09:40",roll_z_0_1pris_z_0_1pitch_y_0_7pris_x_0_1pitch_y_0_4pris_y_0_1,"[False, False, False, False]","[-1, -1, -1, -1]",False,-1,-1,-1,-1
1533,"11/12/19, 09:41",roll_z_0_1roll_y_0_4pris_y_0_1roll_y_0_1pitch_y_0_4pitch_z_0_1,"[False, False, False, False]","[-1, -1, -1, -1]",False,-1,-1,-1,-1
1534,"11/12/19, 09:41",roll_z_0_1pris_y_0_7pitch_x_0_7pitch_x_0_1roll_z_0_4pitch_y_0_1,"[False, False, False, False]","[-1, -1, -1, -1]",False,-1,-1,-1,-1
1535,"11/12/19, 09:41",roll_z_0_1pris_y_0_7pitch_x_0_4pris_x_0_1pitch_x_0_4pitch_z_0_4,"[False, False, False, False]","[-1, -1, -1, -1]",False,-1,-1,-1,-1
1536,"11/12/19, 09:41",roll_z_0_1pris_z_0_7pitch_y_0_7pitch_y_0_7pitch_y_0_1pris_z_0_1,"[False, False, False, False]","[-1, -1, -1, -1]",False,-1,-1,-1,-1
1537,"11/12/19, 09:41",roll_z_0_1pris_y_0_4pitch_x_0_4pris_z_0_7pris_y_0_1roll_y_0_7,"[False, False, False, False]","[-1, -1, -1, -1]",False,-1,-1,-1,-1
1538,"11/12/19, 09:42",roll_z_0_1roll_y_0_7pris_y_0_4pitch_z_0_1pris_z_0_7pris_y_0_4,"[False, False, False, False]","[-1, -1, -1, -1]",False,-1,-1,-1,-1
1539,"11/12/19, 09:42",roll_z_0_1pitch_y_0_1pitch_x_0_4pris_x_0_1pitch_x_0_1pris_z_0_4,"[False, False, False, False]","[-1, -1, -1, -1]",False,-1,-1,-1,-1
1540,"11/12/19, 09:42",roll_z_0_1pitch_y_0_4pris_z_0_4roll_x_0_1pitch_y_0_1pris_y_0_7,"[False, False, False, False]","[-1, -1, -1, -1]",False,-1,-1,-1,-1
1541,"11/12/19, 09:42",roll_z_0_1pitch_y_0_4pitch_y_0_4pitch_y_0_1pris_z_0_4roll_x_0_4,"[False, False, False, False]","[-1, -1, -1, -1]",False,-1,-1,-1,-1
1542,"11/12/19, 09:43",roll_z_0_1pris_z_0_7pitch_y_0_4pris_z_0_4pitch_z_0_4pris_x_0_4,"[False, False, False, False]","[-1, -1, -1, -1]",False,-1,-1,-1,-1
1543,"11/12/19, 09:43",roll_z_0_1pris_y_0_4roll_z_0_7roll_y_0_1pris_z_0_1roll_y_0_1,"[False, False, False, False]","[-1, -1, -1, -1]",False,-1,-1,-1,-1
1544,"11/12/19, 09:43",roll_z_0_1roll_y_0_1roll_y_0_7pitch_y_0_7pris_x_0_4roll_x_0_7,"[False, False, False, False]","[-1, -1, -1, -1]",False,-1,-1,-1,-1
1545,"11/12/19, 09:43",roll_z_0_1pris_y_0_7pitch_z_0_4pitch_z_0_7roll_x_0_7pris_y_0_7,"[False, False, False, False]","[-1, -1, -1, -1]",False,-1,-1,-1,-1
1546,"11/12/19, 09:43",roll_z_0_1pitch_y_0_1pitch_x_0_7pris_z_0_1pris_x_0_4pitch_y_0_7,"[False, False, False, False]","[-1, -1, -1, -1]",False,-1,-1,-1,-1
1547,"11/12/19, 09:44",roll_z_0_1roll_y_0_4pitch_y_0_7roll_z_0_7pitch_y_0_1pris_x_0_7,"[False, False, False, True]","[-1, -1, -1, -1]",False,-1,-1,-1,-1
1548,"11/12/19, 09:44",roll_z_0_1pitch_y_0_4pitch_y_0_7pris_x_0_7pitch_y_0_1roll_y_0_7,"[False, False, False, False]","[-1, -1, -1, -1]",False,-1,-1,-1,-1
1549,"11/12/19, 09:44",roll_z_0_1pitch_y_0_1roll_y_0_1pris_y_0_7pitch_y_0_7roll_x_0_4,"[True, False, False, False]","[-1, -1, -1, -1]",False,-1,-1,-1,-1
1550,"11/12/19, 09:44",roll_z_0_1pitch_y_0_7pris_x_0_7pitch_y_0_7pris_z_0_1pris_y_0_7,"[False, False, False, False]","[-1, -1, -1, -1]",False,-1,-1,-1,-1
1551,"11/12/19, 09:45",roll_z_0_1pris_y_0_1pitch_z_0_7roll_z_0_7pitch_y_0_4pris_x_0_4,"[False, False, False, False]","[-1, -1, -1, -1]",False,-1,-1,-1,-1
1552,"11/12/19, 09:45",roll_z_0_1pitch_y_0_4pitch_y_0_1roll_y_0_7roll_y_0_1pris_y_0_4,"[False, False, False, False]","[-1, -1, -1, -1]",False,-1,-1,-1,-1
1553,"11/12/19, 09:45",roll_z_0_1pitch_y_0_4pris_z_0_1pitch_z_0_4pris_y_0_4pitch_x_0_7,"[False, False, False, False]","[-1, -1, -1, -1]",False,-1,-1,-1,-1
1554,"11/12/19, 09:45",roll_z_0_1roll_y_0_1pitch_y_0_1pris_y_0_1pitch_z_0_7roll_x_0_7,"[False, False, False, False]","[-1, -1, -1, -1]",False,-1,-1,-1,-1
1555,"11/12/19, 09:46",roll_z_0_1pris_y_0_1pitch_z_0_4pitch_y_0_7roll_z_0_1roll_y_0_1,"[False, False, False, False]","[-1, -1, -1, -1]",False,-1,-1,-1,-1
1556,"11/12/19, 09:46",roll_z_0_1pitch_y_0_4pitch_y_0_4pitch_x_0_4pris_x_0_1pitch_z_0_7,"[False, False, False, False]","[-1, -1, -1, -1]",False,-1,-1,-1,-1
1557,"11/12/19, 09:46",roll_z_0_1pris_y_0_4pitch_x_0_1pitch_y_0_1pitch_z_0_4roll_x_0_4,"[False, False, False, False]","[-1, -1, -1, -1]",False,-1,-1,-1,-1
1558,"11/12/19, 09:46",roll_z_0_1pitch_y_0_4pris_y_0_7pitch_z_0_7pris_y_0_4pitch_x_0_1,"[False, False, False, False]","[-1, -1, -1, -1]",False,-1,-1,-1,-1
1559,"11/12/19, 09:46",roll_z_0_1pitch_y_0_4pris_x_0_1pitch_z_0_7pris_x_0_7pitch_x_0_4,"[False, False, False, False]","[-1, -1, -1, -1]",False,-1,-1,-1,-1
1560,"11/12/19, 09:46",roll_z_0_1pris_y_0_4pitch_x_0_4pitch_z_0_7pitch_z_0_7pitch_z_0_4,"[False, False, False, False]","[-1, -1, -1, -1]",False,-1,-1,-1,-1
1561,"11/12/19, 09:47",roll_z_0_1pris_z_0_7pitch_y_0_1pris_z_0_4roll_x_0_1pris_y_0_7,"[False, False, False, False]","[-1, -1, -1, -1]",False,-1,-1,-1,-1
1562,"11/12/19, 09:47",roll_z_0_1pris_y_0_1pitch_x_0_4pitch_y_0_1pris_y_0_4roll_x_0_1,"[False, False, False, False]","[-1, -1, -1, -1]",False,-1,-1,-1,-1
1563,"11/12/19, 09:47",roll_z_0_1pitch_y_0_4pitch_z_0_7pitch_z_0_1pitch_y_0_7roll_z_0_7,"[True, True, False, False]","[-1, -1, -1, -1]",False,-1,-1,-1,-1
1564,"11/12/19, 09:47",roll_z_0_1pris_y_0_4pris_x_0_1roll_y_0_1roll_y_0_1pris_z_0_4,"[False, False, False, False]","[-1, -1, -1, -1]",False,-1,-1,-1,-1
1565,"11/12/19, 09:48",roll_z_0_1pitch_y_0_4pitch_x_0_1pitch_x_0_7roll_x_0_4roll_y_0_7,"[True, True, True, False]","[-1, -1, -1, -1]",False,-1,-1,-1,-1
1566,"11/12/19, 09:48",roll_z_0_1pris_y_0_1pris_x_0_4pris_x_0_4pitch_z_0_4roll_x_0_1,"[False, False, False, False]","[-1, -1, -1, -1]",False,-1,-1,-1,-1
1567,"11/12/19, 09:48",roll_z_0_1pris_y_0_4roll_x_0_7pris_z_0_7roll_y_0_4pitch_y_0_7,"[False, False, False, False]","[-1, -1, -1, -1]",False,-1,-1,-1,-1
1568,"11/12/19, 09:49",roll_z_0_1pris_y_0_1pitch_y_0_7pitch_x_0_4pris_x_0_7pitch_z_0_4,"[False, False, False, False]","[-1, -1, -1, -1]",False,-1,-1,-1,-1
1569,"11/12/19, 09:49",roll_z_0_1pitch_y_0_1pitch_y_0_7pris_z_0_1pitch_y_0_1pitch_x_0_1,"[False, False, False, False]","[-1, -1, -1, -1]",False,-1,-1,-1,-1
1570,"11/12/19, 09:49",roll_z_0_1pitch_y_0_4roll_x_0_1pris_y_0_1pris_y_0_7roll_y_0_1,"[False, False, False, False]","[-1, -1, -1, -1]",False,-1,-1,-1,-1
1571,"11/12/19, 09:49",roll_z_0_1pris_y_0_1pris_x_0_7pris_x_0_4pitch_x_0_7roll_y_0_4,"[False, False, False, False]","[-1, -1, -1, -1]",False,-1,-1,-1,-1
1572,"11/12/19, 09:50",roll_z_0_1roll_y_0_1roll_y_0_1pris_y_0_4pitch_y_0_4pris_x_0_4,"[False, False, False, False]","[-1, -1, -1, -1]",False,-1,-1,-1,-1
1573,"11/12/19, 09:50",roll_z_0_1pris_y_0_4pitch_x_0_4pris_z_0_1pris_x_0_1roll_y_0_1,"[False, False, False, False]","[-1, -1, -1, -1]",False,-1,-1,-1,-1
1574,"11/12/19, 09:50",roll_z_0_1pris_y_0_7pris_x_0_7roll_x_0_1pris_y_0_1pitch_z_0_7,"[False, False, False, False]","[-1, -1, -1, -1]",False,-1,-1,-1,-1
1575,"11/12/19, 09:50",roll_z_0_1pitch_y_0_1roll_z_0_7pitch_y_0_4pris_y_0_7pitch_z_0_7,"[False, False, False, False]","[-1, -1, -1, -1]",False,-1,-1,-1,-1
1576,"11/12/19, 09:51",roll_z_0_1pris_y_0_1pitch_z_0_1pitch_x_0_7pris_x_0_7roll_x_0_4,"[False, False, False, False]","[-1, -1, -1, -1]",False,-1,-1,-1,-1
1577,"11/12/19, 09:51",roll_z_0_1roll_y_0_1pris_y_0_7pris_y_0_4pitch_y_0_1roll_z_0_7,"[True, False, False, False]","[-1, -1, -1, -1]",False,-1,-1,-1,-1
1578,"11/12/19, 09:51",roll_z_0_1pris_y_0_4pris_x_0_1pitch_x_0_4roll_z_0_7pris_y_0_4,"[False, False, False, False]","[-1, -1, -1, -1]",False,-1,-1,-1,-1
1579,"11/12/19, 09:51",roll_z_0_1pris_y_0_4pitch_y_0_4pris_x_0_7roll_x_0_4roll_y_0_1,"[False, False, False, False]","[-1, -1, -1, -1]",False,-1,-1,-1,-1
1580,"11/12/19, 09:52",roll_z_0_1roll_y_0_7pitch_y_0_7pitch_y_0_7pitch_x_0_4pitch_x_0_1,"[True, True, True, True]","[1.849, 2.067, 2.676, 1.855]",True,2.11,0.176,0.266,0.1
1581,"11/12/19, 09:52",roll_z_0_1pris_y_0_4pitch_y_0_7pitch_y_0_4pitch_x_0_4pitch_x_0_1,"[False, False, False, False]","[-1, -1, -1, -1]",False,-1,-1,-1,-1
1582,"11/12/19, 09:52",roll_z_0_1pris_y_0_4pitch_y_0_4pris_z_0_4pitch_z_0_7roll_x_0_1,"[False, False, False, False]","[-1, -1, -1, -1]",False,-1,-1,-1,-1
1583,"11/12/19, 09:53",roll_z_0_1pris_y_0_4pitch_z_0_7pitch_x_0_7pitch_z_0_1roll_z_0_4,"[False, False, False, False]","[-1, -1, -1, -1]",False,-1,-1,-1,-1
1584,"11/12/19, 09:53",roll_z_0_1pitch_y_0_4pitch_x_0_7pitch_y_0_4roll_z_0_1pris_y_0_4,"[False, False, True, True]","[-1, -1, -1, -1]",False,-1,-1,-1,-1
1585,"11/12/19, 09:53",roll_z_0_1roll_y_0_1roll_y_0_1pitch_y_0_7roll_x_0_4roll_y_0_1,"[True, True, True, True]","[2.369, 2.34, 2.491, 2.51]",True,2.43,0.208,0.246,0.112
1586,"11/12/19, 09:53",roll_z_0_1pris_y_0_4pitch_z_0_4pitch_y_0_1pris_x_0_1pitch_y_0_4,"[False, False, False, False]","[-1, -1, -1, -1]",False,-1,-1,-1,-1
1587,"11/12/19, 09:54",roll_z_0_1pris_z_0_7pitch_y_0_4pris_x_0_7roll_y_0_4pitch_y_0_7,"[False, False, False, False]","[-1, -1, -1, -1]",False,-1,-1,-1,-1
1588,"11/12/19, 09:54",roll_z_0_1pris_z_0_4pris_y_0_4pitch_z_0_4pitch_y_0_1roll_x_0_1,"[False, False, False, False]","[-1, -1, -1, -1]",False,-1,-1,-1,-1
1589,"11/12/19, 09:54",roll_z_0_1pris_y_0_4pris_x_0_1roll_y_0_4pitch_y_0_1pris_x_0_1,"[False, False, False, False]","[-1, -1, -1, -1]",False,-1,-1,-1,-1
1590,"11/12/19, 09:54",roll_z_0_1pitch_y_0_4roll_z_0_7roll_y_0_7pris_y_0_1roll_y_0_7,"[False, False, False, False]","[-1, -1, -1, -1]",False,-1,-1,-1,-1
1591,"11/12/19, 09:55",roll_z_0_1pitch_y_0_4pitch_z_0_7pitch_z_0_1pitch_z_0_4roll_y_0_7,"[True, True, True, True]","[2.482, 2.546, 2.54, 2.803]",True,2.59,0.147,0.239,0.083
1592,"11/12/19, 09:55",roll_z_0_1roll_y_0_4pitch_y_0_1roll_y_0_1pris_y_0_7roll_x_0_4,"[False, False, False, False]","[-1, -1, -1, -1]",False,-1,-1,-1,-1
1593,"11/12/19, 09:55",roll_z_0_1pris_y_0_4roll_x_0_1pitch_y_0_7pitch_x_0_1pris_y_0_4,"[False, False, False, False]","[-1, -1, -1, -1]",False,-1,-1,-1,-1
1594,"11/12/19, 09:55",roll_z_0_1pitch_y_0_4pris_z_0_7pitch_z_0_4pris_x_0_7pris_y_0_1,"[False, False, False, False]","[-1, -1, -1, -1]",False,-1,-1,-1,-1
1595,"11/12/19, 09:56",roll_z_0_1pris_y_0_4pitch_z_0_4pris_x_0_1pitch_y_0_7pitch_x_0_1,"[False, False, False, False]","[-1, -1, -1, -1]",False,-1,-1,-1,-1
1596,"11/12/19, 09:56",roll_z_0_1pitch_y_0_1pris_x_0_7pitch_y_0_1pris_x_0_7pitch_x_0_7,"[False, False, False, False]","[-1, -1, -1, -1]",False,-1,-1,-1,-1
1597,"11/12/19, 09:56",roll_z_0_1pris_y_0_1pitch_x_0_1pitch_y_0_4pitch_z_0_4pitch_y_0_7,"[False, False, False, False]","[-1, -1, -1, -1]",False,-1,-1,-1,-1
1598,"11/12/19, 09:56",roll_z_0_1pitch_y_0_4pris_y_0_7pitch_z_0_7pitch_y_0_7pitch_z_0_1,"[False, False, False, False]","[-1, -1, -1, -1]",False,-1,-1,-1,-1
1599,"11/12/19, 09:56",roll_z_0_1pris_z_0_1pitch_y_0_1pitch_z_0_7pitch_x_0_1pitch_x_0_4,"[False, False, False, False]","[-1, -1, -1, -1]",False,-1,-1,-1,-1
1600,"11/12/19, 09:57",roll_z_0_1roll_y_0_4pris_z_0_1pris_y_0_7pitch_y_0_1pris_x_0_4,"[False, False, False, False]","[-1, -1, -1, -1]",False,-1,-1,-1,-1
1601,"11/12/19, 09:57",roll_z_0_1pris_y_0_7pitch_z_0_4roll_z_0_1pris_y_0_4roll_x_0_4,"[False, False, False, False]","[-1, -1, -1, -1]",False,-1,-1,-1,-1
1602,"11/12/19, 09:58",roll_z_0_1pris_z_0_4roll_y_0_1pitch_y_0_4pris_z_0_4pitch_z_0_4,"[False, False, False, False]","[-1, -1, -1, -1]",False,-1,-1,-1,-1
1603,"11/12/19, 09:58",roll_z_0_1pitch_y_0_4pitch_z_0_7pitch_x_0_4roll_y_0_4pris_z_0_4,"[False, False, False, False]","[-1, -1, -1, -1]",False,-1,-1,-1,-1
1604,"11/12/19, 09:58",roll_z_0_1pitch_y_0_7pris_z_0_1roll_z_0_4pitch_y_0_4pris_y_0_7,"[False, False, False, False]","[-1, -1, -1, -1]",False,-1,-1,-1,-1
1605,"11/12/19, 09:58",roll_z_0_1pitch_y_0_7pitch_x_0_4pitch_z_0_7pitch_x_0_7pitch_y_0_1,"[True, True, True, False]","[-1, -1, -1, -1]",False,-1,-1,-1,-1
1606,"11/12/19, 09:58",roll_z_0_1pitch_y_0_4pris_y_0_1pris_y_0_7pris_x_0_4pitch_x_0_7,"[False, False, False, False]","[-1, -1, -1, -1]",False,-1,-1,-1,-1
1607,"11/12/19, 09:59",roll_z_0_1pris_y_0_4pris_y_0_1pris_x_0_1pitch_x_0_1pitch_y_0_4,"[False, False, False, False]","[-1, -1, -1, -1]",False,-1,-1,-1,-1
1608,"11/12/19, 09:59",roll_z_0_1pitch_y_0_7roll_z_0_1roll_y_0_4pris_y_0_1pris_x_0_4,"[False, False, False, False]","[-1, -1, -1, -1]",False,-1,-1,-1,-1
1609,"11/12/19, 09:59",roll_z_0_1pris_y_0_7pitch_z_0_1pitch_y_0_4pitch_y_0_1pitch_x_0_7,"[False, False, False, False]","[-1, -1, -1, -1]",False,-1,-1,-1,-1
1610,"11/12/19, 09:59",roll_z_0_1pitch_y_0_7pris_y_0_1pitch_y_0_7pitch_x_0_7pris_x_0_7,"[False, False, False, False]","[-1, -1, -1, -1]",False,-1,-1,-1,-1
1611,"11/12/19, 10:00",roll_z_0_1pris_y_0_1pitch_x_0_4roll_z_0_7pris_y_0_7pris_x_0_7,"[False, False, False, False]","[-1, -1, -1, -1]",False,-1,-1,-1,-1
1612,"11/12/19, 10:00",roll_z_0_1roll_y_0_1pitch_y_0_1pitch_z_0_7pitch_y_0_7roll_y_0_4,"[True, True, True, True]","[2.275, 2.577, 2.587, 2.703]",True,2.54,0.177,0.264,0.095
1613,"11/12/19, 10:00",roll_z_0_1pris_y_0_1roll_y_0_7pris_y_0_4pris_x_0_7pitch_y_0_4,"[False, False, False, False]","[-1, -1, -1, -1]",False,-1,-1,-1,-1
1614,"11/12/19, 10:01",roll_z_0_1roll_y_0_7pris_z_0_7pitch_y_0_7pitch_z_0_4roll_y_0_1,"[False, True, False, False]","[-1, -1, -1, -1]",False,-1,-1,-1,-1
1615,"11/12/19, 10:01",roll_z_0_1pitch_y_0_4roll_y_0_4pitch_y_0_4pitch_x_0_4roll_y_0_7,"[True, True, True, True]","[1.702, 1.713, 2.222, 2.889]",True,2.13,0.19,0.249,0.107
1616,"11/12/19, 10:01",roll_z_0_1pris_y_0_1pris_y_0_7pitch_x_0_4pris_y_0_7pitch_y_0_4,"[False, False, False, False]","[-1, -1, -1, -1]",False,-1,-1,-1,-1
1617,"11/12/19, 10:01",roll_z_0_1pitch_y_0_1pris_z_0_7pitch_z_0_1roll_x_0_1roll_y_0_4,"[False, False, False, False]","[-1, -1, -1, -1]",False,-1,-1,-1,-1
1618,"11/12/19, 10:02",roll_z_0_1pitch_y_0_4pitch_z_0_4pitch_z_0_1pris_x_0_4roll_x_0_7,"[False, False, False, False]","[-1, -1, -1, -1]",False,-1,-1,-1,-1
1619,"11/12/19, 10:02",roll_z_0_1pris_y_0_1pitch_x_0_4pitch_x_0_7pris_x_0_7roll_y_0_1,"[False, False, False, False]","[-1, -1, -1, -1]",False,-1,-1,-1,-1
1620,"11/12/19, 10:02",roll_z_0_1roll_y_0_1pitch_y_0_7pitch_y_0_7pitch_x_0_1pris_y_0_7,"[False, False, False, True]","[-1, -1, -1, -1]",False,-1,-1,-1,-1
1621,"11/12/19, 10:02",roll_z_0_1pitch_y_0_1pris_y_0_1roll_x_0_1pitch_y_0_7roll_x_0_7,"[False, False, False, False]","[-1, -1, -1, -1]",False,-1,-1,-1,-1
1622,"11/12/19, 10:02",roll_z_0_1pris_y_0_7pris_y_0_4roll_y_0_1pris_y_0_4roll_z_0_1,"[False, False, False, False]","[-1, -1, -1, -1]",False,-1,-1,-1,-1
1623,"11/12/19, 10:03",roll_z_0_1pitch_y_0_4pitch_x_0_7pris_y_0_4pitch_x_0_7pitch_x_0_7,"[False, False, False, False]","[-1, -1, -1, -1]",False,-1,-1,-1,-1
1624,"11/12/19, 10:03",roll_z_0_1pris_y_0_1pris_y_0_7pitch_z_0_1roll_z_0_7roll_y_0_1,"[False, False, False, False]","[-1, -1, -1, -1]",False,-1,-1,-1,-1
1625,"11/12/19, 10:03",roll_z_0_1pris_z_0_1pris_y_0_4roll_y_0_4roll_y_0_4pris_z_0_4,"[False, False, False, False]","[-1, -1, -1, -1]",False,-1,-1,-1,-1
1626,"11/12/19, 10:04",roll_z_0_1pitch_y_0_1pitch_z_0_7pitch_z_0_4roll_z_0_7pris_z_0_1,"[True, True, True, True]","[2.24, 2.459, 2.672, 2.448]",True,2.45,0.172,0.266,0.093
1627,"11/12/19, 10:04",roll_z_0_1pitch_y_0_1pitch_z_0_1pitch_z_0_1pitch_z_0_4pitch_y_0_4,"[True, True, True, True]","[2.438, 2.472, 2.677, 2.671]",True,2.56,0.177,0.269,0.094
1628,"11/12/19, 10:04",roll_z_0_1pitch_y_0_4pris_z_0_4pris_y_0_1roll_x_0_1pitch_y_0_4,"[False, False, False, False]","[-1, -1, -1, -1]",False,-1,-1,-1,-1
1629,"11/12/19, 10:04",roll_z_0_1roll_y_0_4pris_z_0_1pitch_y_0_7roll_z_0_7pris_y_0_1,"[False, False, False, False]","[-1, -1, -1, -1]",False,-1,-1,-1,-1
1630,"11/12/19, 10:04",roll_z_0_1roll_y_0_4pris_y_0_7pris_y_0_1roll_x_0_4pris_y_0_1,"[False, False, False, False]","[-1, -1, -1, -1]",False,-1,-1,-1,-1
1631,"11/12/19, 10:05",roll_z_0_1pitch_y_0_7pitch_x_0_1pris_z_0_4pitch_z_0_4pitch_x_0_4,"[False, False, False, False]","[-1, -1, -1, -1]",False,-1,-1,-1,-1
1632,"11/12/19, 10:05",roll_z_0_1pris_z_0_7pris_y_0_7pitch_y_0_1pitch_y_0_7roll_x_0_4,"[False, False, False, False]","[-1, -1, -1, -1]",False,-1,-1,-1,-1
1633,"11/12/19, 10:05",roll_z_0_1pitch_y_0_7pris_z_0_7pitch_x_0_4pitch_z_0_4roll_z_0_4,"[False, False, False, False]","[-1, -1, -1, -1]",False,-1,-1,-1,-1
1634,"11/12/19, 10:05",roll_z_0_1pitch_y_0_7pitch_x_0_7roll_z_0_4pris_z_0_7pitch_y_0_1,"[False, False, False, False]","[-1, -1, -1, -1]",False,-1,-1,-1,-1
1635,"11/12/19, 10:05",roll_z_0_1pris_z_0_4pris_y_0_1pitch_z_0_1pitch_x_0_1roll_y_0_7,"[False, False, False, False]","[-1, -1, -1, -1]",False,-1,-1,-1,-1
1636,"11/12/19, 10:06",roll_z_0_1pris_z_0_7pris_y_0_7pitch_x_0_7pitch_z_0_4pitch_y_0_7,"[False, False, False, False]","[-1, -1, -1, -1]",False,-1,-1,-1,-1
1637,"11/12/19, 10:06",roll_z_0_1pitch_y_0_7pris_x_0_1pris_x_0_1pris_x_0_7roll_z_0_7,"[False, False, False, False]","[-1, -1, -1, -1]",False,-1,-1,-1,-1
1638,"11/12/19, 10:06",roll_z_0_1pitch_y_0_7pitch_x_0_1pitch_y_0_4pris_z_0_1pris_x_0_1,"[False, False, False, False]","[-1, -1, -1, -1]",False,-1,-1,-1,-1
1639,"11/12/19, 10:06",roll_z_0_1pitch_y_0_7pris_z_0_4pitch_x_0_4pris_z_0_7pitch_x_0_7,"[False, False, False, False]","[-1, -1, -1, -1]",False,-1,-1,-1,-1
1640,"11/12/19, 10:06",roll_z_0_1roll_y_0_1pris_y_0_1pris_y_0_7pris_x_0_1pitch_z_0_1,"[False, False, False, False]","[-1, -1, -1, -1]",False,-1,-1,-1,-1
1641,"11/12/19, 10:06",roll_z_0_1pitch_y_0_1pitch_x_0_7pris_z_0_1pris_y_0_1pitch_x_0_7,"[False, False, False, False]","[-1, -1, -1, -1]",False,-1,-1,-1,-1
1642,"11/12/19, 10:07",roll_z_0_1roll_y_0_7pris_y_0_1roll_y_0_1pris_y_0_1pitch_y_0_7,"[False, False, False, False]","[-1, -1, -1, -1]",False,-1,-1,-1,-1
1643,"11/12/19, 10:07",roll_z_0_1pris_y_0_7pitch_y_0_7pris_z_0_4pitch_x_0_1pris_y_0_7,"[False, False, False, False]","[-1, -1, -1, -1]",False,-1,-1,-1,-1
1644,"11/12/19, 10:07",roll_z_0_1pitch_y_0_7pris_y_0_4pitch_y_0_4pris_z_0_1roll_z_0_1,"[False, False, False, False]","[-1, -1, -1, -1]",False,-1,-1,-1,-1
1645,"11/12/19, 10:07",roll_z_0_1pitch_y_0_4pris_z_0_7pris_y_0_7roll_y_0_1pitch_y_0_7,"[False, False, False, False]","[-1, -1, -1, -1]",False,-1,-1,-1,-1
1646,"11/12/19, 10:08",roll_z_0_1roll_y_0_7pris_z_0_4pitch_y_0_1pris_x_0_1roll_x_0_1,"[False, False, False, False]","[-1, -1, -1, -1]",False,-1,-1,-1,-1
1647,"11/12/19, 10:08",roll_z_0_1pris_y_0_7roll_y_0_4pitch_y_0_1pitch_y_0_7pris_y_0_1,"[False, False, False, False]","[-1, -1, -1, -1]",False,-1,-1,-1,-1
1648,"11/12/19, 10:08",roll_z_0_1roll_y_0_7pitch_y_0_4pris_y_0_4roll_x_0_4pris_y_0_7,"[False, False, False, False]","[-1, -1, -1, -1]",False,-1,-1,-1,-1
1649,"11/12/19, 10:08",roll_z_0_1pris_y_0_1pitch_y_0_1roll_z_0_7roll_y_0_4roll_y_0_1,"[False, False, False, False]","[-1, -1, -1, -1]",False,-1,-1,-1,-1
1650,"11/12/19, 10:09",roll_z_0_1pris_z_0_1pris_y_0_1pitch_z_0_7pitch_y_0_4pitch_x_0_4,"[False, False, False, False]","[-1, -1, -1, -1]",False,-1,-1,-1,-1
1651,"11/12/19, 10:09",roll_z_0_1roll_y_0_4pris_y_0_7roll_z_0_4pris_y_0_7pitch_z_0_7,"[False, False, False, False]","[-1, -1, -1, -1]",False,-1,-1,-1,-1
1652,"11/12/19, 10:09",roll_z_0_1pris_y_0_4pitch_y_0_1pris_x_0_4pris_x_0_1pitch_x_0_7,"[False, False, False, False]","[-1, -1, -1, -1]",False,-1,-1,-1,-1
1653,"11/12/19, 10:09",roll_z_0_1pris_y_0_7pris_x_0_4roll_x_0_4pitch_y_0_7roll_y_0_4,"[False, False, False, False]","[-1, -1, -1, -1]",False,-1,-1,-1,-1
1654,"11/12/19, 10:10",roll_z_0_1pris_z_0_4pitch_y_0_1roll_x_0_1pris_z_0_4pitch_y_0_1,"[False, False, False, False]","[-1, -1, -1, -1]",False,-1,-1,-1,-1
1655,"11/12/19, 10:10",roll_z_0_1roll_y_0_4pris_y_0_7pitch_x_0_1pitch_y_0_4pris_y_0_1,"[False, False, False, False]","[-1, -1, -1, -1]",False,-1,-1,-1,-1
1656,"11/12/19, 10:11",roll_z_0_1pris_y_0_7pitch_y_0_1roll_y_0_1pitch_y_0_7pitch_x_0_4,"[False, False, True, False]","[-1, -1, -1, -1]",False,-1,-1,-1,-1
1657,"11/12/19, 10:11",roll_z_0_1pris_z_0_7pitch_y_0_7pitch_x_0_7pris_z_0_7pitch_y_0_7,"[False, False, False, False]","[-1, -1, -1, -1]",False,-1,-1,-1,-1
1658,"11/12/19, 10:11",roll_z_0_1pitch_y_0_1pris_x_0_7roll_x_0_7roll_y_0_1pitch_y_0_4,"[False, False, False, False]","[-1, -1, -1, -1]",False,-1,-1,-1,-1
1659,"11/12/19, 10:11",roll_z_0_1pitch_y_0_7pitch_y_0_1pitch_z_0_4pitch_y_0_4pitch_y_0_4,"[True, True, True, True]","[1.648, 1.904, 2.712, 2.654]",True,2.23,0.173,0.261,0.089
1660,"11/12/19, 10:12",roll_z_0_1pris_y_0_7roll_x_0_4roll_y_0_1pitch_y_0_7pris_x_0_1,"[False, False, False, False]","[-1, -1, -1, -1]",False,-1,-1,-1,-1
1661,"11/12/19, 10:12",roll_z_0_1pris_y_0_4pitch_y_0_1pitch_z_0_7pitch_y_0_1roll_z_0_4,"[False, False, False, False]","[-1, -1, -1, -1]",False,-1,-1,-1,-1
1662,"11/12/19, 10:12",roll_z_0_1pris_z_0_4roll_y_0_7pris_y_0_1pitch_y_0_4pris_y_0_7,"[False, False, False, False]","[-1, -1, -1, -1]",False,-1,-1,-1,-1
1663,"11/12/19, 10:12",roll_z_0_1pitch_y_0_7roll_x_0_1pris_y_0_1pris_y_0_1pris_x_0_4,"[False, False, False, False]","[-1, -1, -1, -1]",False,-1,-1,-1,-1
1664,"11/12/19, 10:13",roll_z_0_1pitch_y_0_1roll_z_0_7pitch_y_0_4pitch_z_0_7roll_z_0_7,"[True, True, True, False]","[-1, -1, -1, -1]",False,-1,-1,-1,-1
1665,"11/12/19, 10:13",roll_z_0_1pris_z_0_7pris_y_0_4pitch_y_0_4pitch_x_0_4pitch_x_0_1,"[False, False, False, False]","[-1, -1, -1, -1]",False,-1,-1,-1,-1
1666,"11/12/19, 10:13",roll_z_0_1pitch_y_0_1pitch_z_0_1pris_y_0_4roll_x_0_7roll_y_0_4,"[False, False, False, False]","[-1, -1, -1, -1]",False,-1,-1,-1,-1
1667,"11/12/19, 10:13",roll_z_0_1pitch_y_0_1pitch_x_0_1pris_z_0_4pitch_y_0_7roll_z_0_7,"[False, False, False, False]","[-1, -1, -1, -1]",False,-1,-1,-1,-1
1668,"11/12/19, 10:14",roll_z_0_1pris_z_0_7pitch_y_0_1pris_z_0_4pitch_x_0_7roll_y_0_4,"[False, False, False, False]","[-1, -1, -1, -1]",False,-1,-1,-1,-1
1669,"11/12/19, 10:14",roll_z_0_1pitch_y_0_7pris_y_0_1pitch_y_0_4pitch_z_0_1pitch_y_0_4,"[False, False, False, False]","[-1, -1, -1, -1]",False,-1,-1,-1,-1
1670,"11/12/19, 10:14",roll_z_0_1pris_y_0_1pitch_z_0_1pris_z_0_7pitch_y_0_7pitch_z_0_7,"[False, False, False, False]","[-1, -1, -1, -1]",False,-1,-1,-1,-1
1671,"11/12/19, 10:14",roll_z_0_1pitch_y_0_7pitch_y_0_1pris_y_0_7pitch_z_0_1pitch_x_0_1,"[False, False, False, False]","[-1, -1, -1, -1]",False,-1,-1,-1,-1
1672,"11/12/19, 10:15",roll_z_0_1pris_y_0_7pris_y_0_1pitch_y_0_1pris_y_0_7pitch_x_0_4,"[False, False, False, False]","[-1, -1, -1, -1]",False,-1,-1,-1,-1
1673,"11/12/19, 10:15",roll_z_0_1pitch_y_0_4roll_z_0_7roll_y_0_1pitch_y_0_1pris_x_0_4,"[False, False, False, False]","[-1, -1, -1, -1]",False,-1,-1,-1,-1
1674,"11/12/19, 10:15",roll_z_0_1pitch_y_0_7pitch_z_0_7pris_y_0_4pitch_x_0_1roll_x_0_7,"[False, False, False, False]","[-1, -1, -1, -1]",False,-1,-1,-1,-1
1675,"11/12/19, 10:15",roll_z_0_1pitch_y_0_4roll_y_0_1roll_y_0_7pitch_y_0_7pitch_y_0_1,"[True, True, True, True]","[2.513, 2.603, 2.725, 2.522]",True,2.59,0.208,0.273,0.12
1676,"11/12/19, 10:16",roll_z_0_1pitch_y_0_4roll_z_0_4roll_y_0_7roll_y_0_1roll_y_0_4,"[False, False, False, False]","[-1, -1, -1, -1]",False,-1,-1,-1,-1
1677,"11/12/19, 10:16",roll_z_0_1pitch_y_0_4roll_y_0_1pris_z_0_7pitch_y_0_7pris_x_0_1,"[False, False, False, False]","[-1, -1, -1, -1]",False,-1,-1,-1,-1
1678,"11/12/19, 10:16",roll_z_0_1pitch_y_0_4pitch_z_0_7pris_y_0_7roll_x_0_4pris_z_0_7,"[False, False, False, False]","[-1, -1, -1, -1]",False,-1,-1,-1,-1
1679,"11/12/19, 10:16",roll_z_0_1roll_y_0_1pitch_y_0_7pitch_y_0_4pitch_z_0_7pitch_y_0_4,"[True, True, False, True]","[2.263, 2.469, 3.495, 2.485]",True,2.68,0.266,0.27,0.161
1680,"11/12/19, 10:17",roll_z_0_1pitch_y_0_7pris_y_0_7pitch_z_0_1pitch_x_0_7pris_y_0_4,"[False, False, False, False]","[-1, -1, -1, -1]",False,-1,-1,-1,-1
1681,"11/12/19, 10:17",roll_z_0_1pitch_y_0_7pitch_y_0_4pris_y_0_4pris_y_0_4pitch_z_0_4,"[False, False, False, False]","[-1, -1, -1, -1]",False,-1,-1,-1,-1
1682,"11/12/19, 10:17",roll_z_0_1pris_y_0_1pitch_y_0_4pitch_y_0_4roll_z_0_7pris_z_0_7,"[False, False, False, False]","[-1, -1, -1, -1]",False,-1,-1,-1,-1
1683,"11/12/19, 10:17",roll_z_0_1pris_z_0_4pitch_y_0_7pris_x_0_1pitch_z_0_4pitch_x_0_4,"[False, False, False, False]","[-1, -1, -1, -1]",False,-1,-1,-1,-1
1684,"11/12/19, 10:17",roll_z_0_1pris_y_0_1pris_x_0_7roll_x_0_1pitch_y_0_4pris_x_0_7,"[False, False, False, False]","[-1, -1, -1, -1]",False,-1,-1,-1,-1
1685,"11/12/19, 10:18",roll_z_0_1pitch_y_0_1pitch_x_0_7pris_x_0_7pris_x_0_1roll_y_0_7,"[False, False, False, False]","[-1, -1, -1, -1]",False,-1,-1,-1,-1
1686,"11/12/19, 10:18",roll_z_0_1pris_y_0_1pris_x_0_1pitch_z_0_1roll_z_0_1roll_y_0_7,"[False, False, False, False]","[-1, -1, -1, -1]",False,-1,-1,-1,-1
1687,"11/12/19, 10:18",roll_z_0_1pitch_y_0_1pitch_z_0_7pitch_x_0_4pitch_z_0_7pris_x_0_1,"[False, False, False, True]","[-1, -1, -1, -1]",False,-1,-1,-1,-1
1688,"11/12/19, 10:18",roll_z_0_1roll_y_0_1pris_y_0_4pris_y_0_4pitch_z_0_4roll_y_0_7,"[False, False, False, False]","[-1, -1, -1, -1]",False,-1,-1,-1,-1
1689,"11/12/19, 10:18",roll_z_0_1pitch_y_0_4pitch_y_0_7pris_y_0_4pris_y_0_7roll_y_0_1,"[False, False, False, False]","[-1, -1, -1, -1]",False,-1,-1,-1,-1
1690,"11/12/19, 10:19",roll_z_0_1pris_z_0_7pitch_y_0_7pris_x_0_7pitch_z_0_1pitch_x_0_4,"[False, False, False, False]","[-1, -1, -1, -1]",False,-1,-1,-1,-1
1691,"11/12/19, 10:19",roll_z_0_1pris_y_0_4pitch_y_0_1pitch_z_0_1pris_x_0_7pitch_x_0_1,"[False, False, False, False]","[-1, -1, -1, -1]",False,-1,-1,-1,-1
1692,"11/12/19, 10:19",roll_z_0_1pris_y_0_1pitch_y_0_7pitch_x_0_7roll_x_0_7pitch_y_0_7,"[False, True, False, False]","[-1, -1, -1, -1]",False,-1,-1,-1,-1
1693,"11/12/19, 10:20",roll_z_0_1pris_y_0_1pitch_y_0_1pitch_x_0_4pris_y_0_1roll_z_0_7,"[False, False, False, False]","[-1, -1, -1, -1]",False,-1,-1,-1,-1
1694,"11/12/19, 10:20",roll_z_0_1roll_y_0_7pitch_y_0_4pitch_x_0_7pitch_y_0_1pitch_x_0_1,"[True, False, False, False]","[-1, -1, -1, -1]",False,-1,-1,-1,-1
1695,"11/12/19, 10:20",roll_z_0_1pitch_y_0_7roll_y_0_4pitch_y_0_7pitch_z_0_4roll_y_0_7,"[True, True, True, True]","[2.044, 2.772, 2.654, 2.914]",True,2.6,0.159,0.265,0.083
1696,"11/12/19, 10:20",roll_z_0_1pris_y_0_4roll_x_0_7pris_y_0_7roll_y_0_4roll_y_0_1,"[False, False, False, False]","[-1, -1, -1, -1]",False,-1,-1,-1,-1
1697,"11/12/19, 10:21",roll_z_0_1pris_y_0_1roll_y_0_7pris_y_0_4pitch_x_0_1pris_y_0_1,"[False, False, False, False]","[-1, -1, -1, -1]",False,-1,-1,-1,-1
1698,"11/12/19, 10:21",roll_z_0_1pitch_y_0_7pitch_z_0_4pris_y_0_4pitch_x_0_7pitch_x_0_7,"[False, False, False, False]","[-1, -1, -1, -1]",False,-1,-1,-1,-1
1699,"11/12/19, 10:21",roll_z_0_1pitch_y_0_4pris_z_0_1pitch_x_0_7pris_x_0_4roll_y_0_1,"[False, False, False, False]","[-1, -1, -1, -1]",False,-1,-1,-1,-1
1700,"11/12/19, 10:21",roll_z_0_1pitch_y_0_7pitch_y_0_7pris_x_0_1pitch_y_0_7roll_y_0_4,"[False, False, False, False]","[-1, -1, -1, -1]",False,-1,-1,-1,-1
1701,"11/12/19, 10:32",roll_z_0_1pitch_y_0_4roll_y_0_7pris_y_0_1roll_y_0_4pris_y_0_7,"[False, False, False, False]","[-1, -1, -1, -1]",False,-1,-1,-1,-1
1702,"11/12/19, 10:32",roll_z_0_1pitch_y_0_4pitch_z_0_1roll_z_0_7roll_y_0_4pris_z_0_1,"[False, False, False, False]","[-1, -1, -1, -1]",False,-1,-1,-1,-1
1703,"11/12/19, 10:32",roll_z_0_1roll_y_0_1pris_y_0_1pitch_z_0_4pitch_z_0_1pitch_x_0_7,"[False, False, False, False]","[-1, -1, -1, -1]",False,-1,-1,-1,-1
1704,"11/12/19, 10:32",roll_z_0_1pris_z_0_1roll_y_0_4pris_y_0_7pitch_z_0_1pris_y_0_1,"[False, False, False, False]","[-1, -1, -1, -1]",False,-1,-1,-1,-1
1705,"11/12/19, 10:33",roll_z_0_1roll_y_0_7roll_y_0_1pris_y_0_4pris_y_0_7pris_x_0_4,"[False, False, False, False]","[-1, -1, -1, -1]",False,-1,-1,-1,-1
1706,"11/12/19, 10:33",roll_z_0_1pitch_y_0_1pitch_y_0_4pitch_z_0_4pitch_y_0_7roll_z_0_4,"[True, True, True, True]","[1.71, 2.268, 1.873, 2.676]",True,2.13,0.163,0.279,0.079
1707,"11/12/19, 10:33",roll_z_0_1pris_y_0_7pitch_z_0_4roll_x_0_1pitch_y_0_1roll_x_0_7,"[False, False, False, False]","[-1, -1, -1, -1]",False,-1,-1,-1,-1
1708,"11/12/19, 10:33",roll_z_0_1pitch_y_0_1pitch_x_0_7pris_y_0_7pitch_x_0_7roll_z_0_7,"[False, False, False, False]","[-1, -1, -1, -1]",False,-1,-1,-1,-1
1709,"11/12/19, 10:34",roll_z_0_1pitch_y_0_4pitch_y_0_1pris_x_0_1roll_y_0_7pris_y_0_1,"[False, False, False, False]","[-1, -1, -1, -1]",False,-1,-1,-1,-1
1710,"11/12/19, 10:34",roll_z_0_1pris_y_0_4pris_x_0_1pitch_z_0_7pitch_y_0_4roll_y_0_7,"[False, False, False, False]","[-1, -1, -1, -1]",False,-1,-1,-1,-1
1711,"11/12/19, 10:34",roll_z_0_1pitch_y_0_4roll_y_0_1pitch_y_0_1roll_x_0_7pitch_y_0_4,"[True, True, True, True]","[2.316, 2.466, 2.699, 2.531]",True,2.5,0.204,0.257,0.117
1712,"11/12/19, 10:34",roll_z_0_1pitch_y_0_4roll_y_0_7pris_y_0_1pitch_x_0_1pitch_y_0_1,"[False, False, False, False]","[-1, -1, -1, -1]",False,-1,-1,-1,-1
1713,"11/12/19, 10:35",roll_z_0_1pris_y_0_1pitch_x_0_7pitch_y_0_7pris_z_0_7roll_y_0_1,"[False, False, False, False]","[-1, -1, -1, -1]",False,-1,-1,-1,-1
1714,"11/12/19, 10:35",roll_z_0_1pris_y_0_7pitch_y_0_4roll_y_0_1pitch_y_0_1pitch_x_0_7,"[False, False, False, False]","[-1, -1, -1, -1]",False,-1,-1,-1,-1
1715,"11/12/19, 10:35",roll_z_0_1pitch_y_0_7pris_z_0_7pitch_y_0_4roll_y_0_7pris_z_0_1,"[False, False, False, False]","[-1, -1, -1, -1]",False,-1,-1,-1,-1
1716,"11/12/19, 10:35",roll_z_0_1roll_y_0_1pris_y_0_7pitch_x_0_7pris_y_0_7pitch_z_0_1,"[False, False, False, False]","[-1, -1, -1, -1]",False,-1,-1,-1,-1
1717,"11/12/19, 10:36",roll_z_0_1pitch_y_0_7pitch_y_0_4pris_y_0_1pitch_x_0_7pitch_y_0_4,"[False, False, False, False]","[-1, -1, -1, -1]",False,-1,-1,-1,-1
1718,"11/12/19, 10:36",roll_z_0_1pitch_y_0_7roll_z_0_4pris_y_0_4pitch_x_0_1roll_z_0_7,"[False, False, False, False]","[-1, -1, -1, -1]",False,-1,-1,-1,-1
1719,"11/12/19, 10:36",roll_z_0_1roll_y_0_1pitch_y_0_4pris_y_0_7pitch_z_0_4roll_z_0_1,"[False, False, False, False]","[-1, -1, -1, -1]",False,-1,-1,-1,-1
1720,"11/12/19, 10:36",roll_z_0_1roll_y_0_1pitch_y_0_7pris_x_0_7pitch_y_0_4roll_z_0_7,"[False, False, False, False]","[-1, -1, -1, -1]",False,-1,-1,-1,-1
1721,"11/12/19, 10:36",roll_z_0_1roll_y_0_7pitch_y_0_7pris_y_0_7roll_z_0_7roll_y_0_1,"[False, False, False, False]","[-1, -1, -1, -1]",False,-1,-1,-1,-1
1722,"11/12/19, 10:37",roll_z_0_1pitch_y_0_4pris_x_0_1pitch_y_0_7pitch_y_0_7pris_z_0_1,"[False, False, False, False]","[-1, -1, -1, -1]",False,-1,-1,-1,-1
1723,"11/12/19, 10:37",roll_z_0_1pris_y_0_4pitch_z_0_7pitch_x_0_1pitch_z_0_4pris_x_0_1,"[False, False, False, False]","[-1, -1, -1, -1]",False,-1,-1,-1,-1
1724,"11/12/19, 10:37",roll_z_0_1pris_y_0_7roll_y_0_1pitch_y_0_7pitch_x_0_1pris_x_0_7,"[False, False, False, False]","[-1, -1, -1, -1]",False,-1,-1,-1,-1
1725,"11/12/19, 10:37",roll_z_0_1pris_y_0_7roll_z_0_1roll_y_0_4pitch_y_0_4pris_z_0_1,"[False, False, False, False]","[-1, -1, -1, -1]",False,-1,-1,-1,-1
1726,"11/12/19, 10:38",roll_z_0_1pitch_y_0_1pris_z_0_7pris_x_0_4pitch_z_0_7roll_z_0_4,"[False, False, False, False]","[-1, -1, -1, -1]",False,-1,-1,-1,-1
1727,"11/12/19, 10:38",roll_z_0_1pitch_y_0_1pitch_y_0_4pris_x_0_7pitch_y_0_7pitch_x_0_1,"[False, False, False, False]","[-1, -1, -1, -1]",False,-1,-1,-1,-1
1728,"11/12/19, 10:38",roll_z_0_1pris_y_0_1pitch_y_0_1pitch_y_0_1pris_y_0_4roll_y_0_4,"[False, False, False, False]","[-1, -1, -1, -1]",False,-1,-1,-1,-1
1729,"11/12/19, 10:38",roll_z_0_1roll_y_0_4pris_y_0_7pitch_y_0_1pitch_x_0_4pitch_x_0_7,"[True, False, False, False]","[-1, -1, -1, -1]",False,-1,-1,-1,-1
1730,"11/12/19, 10:39",roll_z_0_1roll_y_0_7pitch_y_0_4pris_x_0_4roll_x_0_7pitch_y_0_1,"[False, False, False, False]","[-1, -1, -1, -1]",False,-1,-1,-1,-1
1731,"11/12/19, 10:39",roll_z_0_1pris_z_0_7pitch_y_0_4pitch_x_0_7pris_x_0_7pitch_y_0_1,"[False, False, False, False]","[-1, -1, -1, -1]",False,-1,-1,-1,-1
1732,"11/12/19, 10:39",roll_z_0_1pitch_y_0_4pitch_y_0_4pitch_x_0_1pris_z_0_4roll_x_0_7,"[False, False, True, False]","[-1, -1, -1, -1]",False,-1,-1,-1,-1
1733,"11/12/19, 10:39",roll_z_0_1pris_y_0_4roll_x_0_1roll_y_0_7roll_y_0_1pris_z_0_1,"[False, False, False, False]","[-1, -1, -1, -1]",False,-1,-1,-1,-1
1734,"11/12/19, 10:40",roll_z_0_1pitch_y_0_7roll_x_0_7pris_y_0_7pitch_x_0_1roll_x_0_4,"[False, False, False, False]","[-1, -1, -1, -1]",False,-1,-1,-1,-1
1735,"11/12/19, 10:40",roll_z_0_1pris_y_0_1pitch_y_0_1pris_z_0_1pitch_z_0_4pris_x_0_7,"[False, False, False, False]","[-1, -1, -1, -1]",False,-1,-1,-1,-1
1736,"11/12/19, 10:40",roll_z_0_1pitch_y_0_7pris_z_0_4roll_z_0_4roll_y_0_1roll_y_0_7,"[False, False, False, False]","[-1, -1, -1, -1]",False,-1,-1,-1,-1
1737,"11/12/19, 10:40",roll_z_0_1pris_y_0_7pris_x_0_4pitch_z_0_4pitch_y_0_7pitch_z_0_1,"[False, False, False, False]","[-1, -1, -1, -1]",False,-1,-1,-1,-1
1738,"11/12/19, 10:41",roll_z_0_1roll_y_0_4pris_y_0_1pitch_z_0_1pris_z_0_4roll_y_0_7,"[False, False, False, False]","[-1, -1, -1, -1]",False,-1,-1,-1,-1
1739,"11/12/19, 10:41",roll_z_0_1roll_y_0_7pitch_y_0_1pitch_z_0_4roll_y_0_4pitch_y_0_1,"[True, True, True, False]","[-1, -1, -1, -1]",False,-1,-1,-1,-1
1740,"11/12/19, 10:41",roll_z_0_1pris_z_0_4pitch_y_0_7pris_x_0_1pitch_y_0_7pitch_x_0_1,"[False, False, False, False]","[-1, -1, -1, -1]",False,-1,-1,-1,-1
1741,"11/12/19, 10:41",roll_z_0_1pris_y_0_7pitch_y_0_1pris_x_0_4pitch_z_0_1pris_y_0_7,"[False, False, False, False]","[-1, -1, -1, -1]",False,-1,-1,-1,-1
1742,"11/12/19, 10:41",roll_z_0_1pitch_y_0_4pitch_z_0_1pitch_y_0_7pris_y_0_7pitch_x_0_7,"[False, False, False, False]","[-1, -1, -1, -1]",False,-1,-1,-1,-1
1743,"11/12/19, 10:42",roll_z_0_1pitch_y_0_4pris_z_0_4pris_x_0_7pitch_z_0_7roll_y_0_7,"[False, False, False, False]","[-1, -1, -1, -1]",False,-1,-1,-1,-1
1744,"11/12/19, 10:42",roll_z_0_1pris_z_0_4roll_y_0_4pris_y_0_7pitch_x_0_7pris_x_0_7,"[False, False, False, False]","[-1, -1, -1, -1]",False,-1,-1,-1,-1
1745,"11/12/19, 10:42",roll_z_0_1pitch_y_0_1pitch_z_0_7pris_x_0_1pitch_x_0_4pris_z_0_1,"[False, False, False, False]","[-1, -1, -1, -1]",False,-1,-1,-1,-1
1746,"11/12/19, 10:42",roll_z_0_1pris_y_0_1pitch_z_0_1pitch_z_0_1pitch_x_0_4pris_y_0_7,"[False, False, False, False]","[-1, -1, -1, -1]",False,-1,-1,-1,-1
1747,"11/12/19, 10:42",roll_z_0_1pris_z_0_7roll_y_0_1pris_y_0_7roll_x_0_1roll_y_0_7,"[False, False, False, False]","[-1, -1, -1, -1]",False,-1,-1,-1,-1
1748,"11/12/19, 10:43",roll_z_0_1pris_y_0_1pris_x_0_7roll_z_0_4pris_y_0_7roll_x_0_7,"[False, False, False, False]","[-1, -1, -1, -1]",False,-1,-1,-1,-1
1749,"11/12/19, 10:43",roll_z_0_1roll_y_0_7pitch_y_0_7pitch_y_0_1roll_y_0_7pris_y_0_1,"[False, False, False, False]","[-1, -1, -1, -1]",False,-1,-1,-1,-1
1750,"11/12/19, 10:43",roll_z_0_1pris_z_0_1pitch_y_0_1pitch_y_0_7pitch_z_0_1roll_y_0_4,"[False, False, False, False]","[-1, -1, -1, -1]",False,-1,-1,-1,-1
1751,"11/12/19, 10:44",roll_z_0_1pris_y_0_4pris_y_0_4roll_y_0_1roll_y_0_1pris_y_0_1,"[False, False, False, False]","[-1, -1, -1, -1]",False,-1,-1,-1,-1
1752,"11/12/19, 10:44",roll_z_0_1pris_y_0_4pitch_z_0_7pris_y_0_7pris_x_0_1roll_z_0_7,"[False, False, False, False]","[-1, -1, -1, -1]",False,-1,-1,-1,-1
1753,"11/12/19, 10:44",roll_z_0_1pris_z_0_7pris_y_0_7roll_x_0_4roll_y_0_1pris_z_0_7,"[False, False, False, False]","[-1, -1, -1, -1]",False,-1,-1,-1,-1
1754,"11/12/19, 10:44",roll_z_0_1pitch_y_0_1pris_x_0_1roll_z_0_1pris_y_0_7pitch_z_0_7,"[False, False, False, False]","[-1, -1, -1, -1]",False,-1,-1,-1,-1
1755,"11/12/19, 10:45",roll_z_0_1roll_y_0_7pris_y_0_1pitch_y_0_7pris_x_0_1pitch_x_0_1,"[False, False, False, False]","[-1, -1, -1, -1]",False,-1,-1,-1,-1
1756,"11/12/19, 10:45",roll_z_0_1pris_y_0_4pitch_x_0_1pitch_y_0_4roll_x_0_7pris_y_0_7,"[False, False, False, False]","[-1, -1, -1, -1]",False,-1,-1,-1,-1
1757,"11/12/19, 10:45",roll_z_0_1pitch_y_0_7pris_x_0_1pitch_z_0_1pris_z_0_4roll_y_0_1,"[False, False, False, False]","[-1, -1, -1, -1]",False,-1,-1,-1,-1
1758,"11/12/19, 10:45",roll_z_0_1pris_y_0_1roll_z_0_4pitch_y_0_7pitch_z_0_1pitch_x_0_7,"[False, True, False, False]","[-1, -1, -1, -1]",False,-1,-1,-1,-1
1759,"11/12/19, 10:46",roll_z_0_1pris_z_0_7pris_y_0_4pitch_x_0_7pitch_z_0_1pris_y_0_1,"[False, False, False, False]","[-1, -1, -1, -1]",False,-1,-1,-1,-1
1760,"11/12/19, 10:46",roll_z_0_1pris_y_0_7pris_y_0_4pitch_z_0_7pitch_z_0_7pris_x_0_1,"[False, False, False, False]","[-1, -1, -1, -1]",False,-1,-1,-1,-1
1761,"11/12/19, 10:46",roll_z_0_1pitch_y_0_4roll_x_0_4pris_z_0_4pitch_y_0_1pris_y_0_4,"[False, False, False, False]","[-1, -1, -1, -1]",False,-1,-1,-1,-1
1762,"11/12/19, 10:46",roll_z_0_1roll_y_0_7pitch_y_0_4roll_z_0_7roll_y_0_1pris_z_0_1,"[False, False, False, True]","[-1, -1, -1, -1]",False,-1,-1,-1,-1
1763,"11/12/19, 10:47",roll_z_0_1pris_y_0_4roll_z_0_7pitch_y_0_7pitch_z_0_1roll_x_0_1,"[False, True, False, False]","[-1, -1, -1, -1]",False,-1,-1,-1,-1
1764,"11/12/19, 10:47",roll_z_0_1pitch_y_0_7roll_x_0_1pitch_y_0_1pris_y_0_7pitch_x_0_7,"[False, False, False, False]","[-1, -1, -1, -1]",False,-1,-1,-1,-1
1765,"11/12/19, 10:47",roll_z_0_1roll_y_0_4pris_z_0_4pris_y_0_1roll_z_0_1roll_y_0_4,"[False, False, False, False]","[-1, -1, -1, -1]",False,-1,-1,-1,-1
1766,"11/12/19, 10:47",roll_z_0_1pris_y_0_7pitch_x_0_7pitch_z_0_1pris_x_0_4pitch_z_0_1,"[False, False, False, False]","[-1, -1, -1, -1]",False,-1,-1,-1,-1
1767,"11/12/19, 10:48",roll_z_0_1pitch_y_0_7roll_y_0_1pris_y_0_1roll_z_0_4pris_y_0_7,"[False, False, False, False]","[-1, -1, -1, -1]",False,-1,-1,-1,-1
1768,"11/12/19, 10:48",roll_z_0_1pris_y_0_1pitch_x_0_7pitch_x_0_4pris_y_0_7roll_y_0_7,"[False, False, False, False]","[-1, -1, -1, -1]",False,-1,-1,-1,-1
1769,"11/12/19, 10:48",roll_z_0_1pris_y_0_1roll_x_0_4pris_y_0_4pitch_y_0_1roll_z_0_7,"[False, False, False, False]","[-1, -1, -1, -1]",False,-1,-1,-1,-1
1770,"11/12/19, 10:49",roll_z_0_1pris_y_0_4pitch_x_0_7pris_x_0_1roll_y_0_7pris_z_0_1,"[False, False, False, False]","[-1, -1, -1, -1]",False,-1,-1,-1,-1
1771,"11/12/19, 10:49",roll_z_0_1pitch_y_0_4pitch_z_0_4roll_z_0_4pris_z_0_4pitch_y_0_1,"[False, False, False, False]","[-1, -1, -1, -1]",False,-1,-1,-1,-1
1772,"11/12/19, 10:49",roll_z_0_1pitch_y_0_1pitch_z_0_1pitch_x_0_4pitch_x_0_7pitch_x_0_1,"[True, True, True, True]","[3.256, 3.01, 2.974, 7.082]",True,4.08,0.027,0.232,0.058
1773,"11/12/19, 10:49",roll_z_0_1pitch_y_0_1pris_x_0_7pris_x_0_1pris_x_0_1roll_y_0_7,"[False, False, False, False]","[-1, -1, -1, -1]",False,-1,-1,-1,-1
1774,"11/12/19, 10:50",roll_z_0_1pitch_y_0_1roll_y_0_4pris_y_0_7pitch_y_0_7pitch_z_0_4,"[False, False, False, False]","[-1, -1, -1, -1]",False,-1,-1,-1,-1
1775,"11/12/19, 10:50",roll_z_0_1pris_y_0_7pitch_y_0_7pitch_z_0_1pitch_x_0_4roll_z_0_7,"[False, False, True, False]","[-1, -1, -1, -1]",False,-1,-1,-1,-1
1776,"11/12/19, 10:50",roll_z_0_1pitch_y_0_1pris_x_0_1pris_x_0_1roll_z_0_4pitch_y_0_4,"[False, False, False, False]","[-1, -1, -1, -1]",False,-1,-1,-1,-1
1777,"11/12/19, 10:51",roll_z_0_1pitch_y_0_1pris_y_0_1pitch_x_0_4pris_z_0_7roll_y_0_4,"[False, False, False, False]","[-1, -1, -1, -1]",False,-1,-1,-1,-1
1778,"11/12/19, 10:51",roll_z_0_1roll_y_0_7pris_y_0_4pitch_z_0_7pris_z_0_1roll_y_0_1,"[False, False, False, False]","[-1, -1, -1, -1]",False,-1,-1,-1,-1
1779,"11/12/19, 10:51",roll_z_0_1pris_z_0_1pris_y_0_7pitch_x_0_4pris_x_0_4roll_x_0_4,"[False, False, False, False]","[-1, -1, -1, -1]",False,-1,-1,-1,-1
1780,"11/12/19, 10:51",roll_z_0_1pitch_y_0_1pitch_y_0_4pitch_z_0_4pitch_y_0_1pris_x_0_4,"[False, False, False, True]","[-1, -1, -1, -1]",False,-1,-1,-1,-1
1781,"11/12/19, 10:52",roll_z_0_1pitch_y_0_7pitch_y_0_1pitch_y_0_1pris_y_0_7pitch_z_0_4,"[False, False, False, False]","[-1, -1, -1, -1]",False,-1,-1,-1,-1
1782,"11/12/19, 10:52",roll_z_0_1pitch_y_0_1pitch_z_0_1pris_y_0_4pris_y_0_4pitch_z_0_7,"[False, False, False, False]","[-1, -1, -1, -1]",False,-1,-1,-1,-1
1783,"11/12/19, 10:52",roll_z_0_1pitch_y_0_4pitch_x_0_7pris_x_0_4pris_y_0_4pitch_x_0_4,"[False, False, False, False]","[-1, -1, -1, -1]",False,-1,-1,-1,-1
1784,"11/12/19, 10:52",roll_z_0_1pris_z_0_1pris_y_0_7pitch_y_0_7pris_y_0_1roll_x_0_4,"[False, False, False, False]","[-1, -1, -1, -1]",False,-1,-1,-1,-1
1785,"11/12/19, 10:52",roll_z_0_1pris_z_0_4pitch_y_0_1pitch_z_0_4pris_x_0_7pris_y_0_4,"[False, False, False, False]","[-1, -1, -1, -1]",False,-1,-1,-1,-1
1786,"11/12/19, 10:53",roll_z_0_1pris_y_0_7pris_x_0_4pitch_x_0_4pitch_z_0_4roll_y_0_4,"[False, False, False, False]","[-1, -1, -1, -1]",False,-1,-1,-1,-1
1787,"11/12/19, 10:53",roll_z_0_1pris_z_0_4pitch_y_0_7roll_y_0_7roll_y_0_1roll_y_0_7,"[False, False, False, True]","[-1, -1, -1, -1]",False,-1,-1,-1,-1
1788,"11/12/19, 10:53",roll_z_0_1pitch_y_0_7roll_x_0_1pris_y_0_7roll_z_0_4pris_y_0_1,"[False, False, False, False]","[-1, -1, -1, -1]",False,-1,-1,-1,-1
1789,"11/12/19, 10:54",roll_z_0_1pitch_y_0_1roll_x_0_4roll_y_0_4roll_y_0_1pris_z_0_4,"[False, False, False, True]","[-1, -1, -1, -1]",False,-1,-1,-1,-1
1790,"11/12/19, 10:54",roll_z_0_1pris_y_0_7pitch_x_0_4roll_z_0_4roll_y_0_1pris_z_0_7,"[False, False, True, False]","[-1, -1, -1, -1]",False,-1,-1,-1,-1
1791,"11/12/19, 10:54",roll_z_0_1pris_y_0_7pris_x_0_4pitch_y_0_1pitch_y_0_1roll_x_0_1,"[False, False, False, False]","[-1, -1, -1, -1]",False,-1,-1,-1,-1
1792,"11/12/19, 10:54",roll_z_0_1pitch_y_0_1roll_z_0_7pris_y_0_4roll_z_0_7pitch_y_0_4,"[False, False, False, False]","[-1, -1, -1, -1]",False,-1,-1,-1,-1
1793,"11/12/19, 10:55",roll_z_0_1roll_y_0_1pitch_y_0_1pitch_x_0_7roll_x_0_1pris_y_0_4,"[False, True, False, False]","[-1, -1, -1, -1]",False,-1,-1,-1,-1
1794,"11/12/19, 10:55",roll_z_0_1pitch_y_0_4pris_y_0_4roll_x_0_4pris_y_0_4pitch_x_0_4,"[False, False, False, False]","[-1, -1, -1, -1]",False,-1,-1,-1,-1
1795,"11/12/19, 10:55",roll_z_0_1pitch_y_0_7pris_z_0_4pitch_y_0_7pitch_y_0_1roll_x_0_7,"[False, False, False, False]","[-1, -1, -1, -1]",False,-1,-1,-1,-1
1796,"11/12/19, 10:55",roll_z_0_1pris_y_0_7roll_y_0_7pris_z_0_1roll_y_0_1roll_y_0_4,"[False, False, False, False]","[-1, -1, -1, -1]",False,-1,-1,-1,-1
1797,"11/12/19, 10:55",roll_z_0_1pris_y_0_1pitch_x_0_1pris_x_0_7pris_x_0_7roll_z_0_4,"[False, False, False, False]","[-1, -1, -1, -1]",False,-1,-1,-1,-1
1798,"11/12/19, 10:55",roll_z_0_1roll_y_0_4pris_y_0_7pitch_y_0_1pris_x_0_1pris_x_0_4,"[False, False, False, False]","[-1, -1, -1, -1]",False,-1,-1,-1,-1
1799,"11/12/19, 10:56",roll_z_0_1pris_z_0_7pris_y_0_1roll_x_0_4pitch_y_0_1pris_z_0_7,"[False, False, False, False]","[-1, -1, -1, -1]",False,-1,-1,-1,-1
1800,"11/12/19, 10:56",roll_z_0_1pitch_y_0_7roll_x_0_1pris_y_0_1roll_y_0_1pris_y_0_7,"[False, False, False, False]","[-1, -1, -1, -1]",False,-1,-1,-1,-1
