1,"26/12/19, 19:04",roll_z_0_1roll_y_0_7pitch_y_0_1roll_y_0_7pitch_y_0_7pitch_y_0_7,"[True, True, True, True]","[2.252, 2.496, 2.447, 2.649]",True,2.46,0.155,0.118,0.083
2,"26/12/19, 19:04",roll_z_0_1pitch_y_0_1roll_z_0_1pitch_y_0_7pitch_x_0_7roll_x_0_1,"[True, True, True, True]","[2.249, 2.469, 2.669, 2.688]",True,2.52,0.169,0.119,0.095
3,"26/12/19, 19:04",roll_z_0_1pitch_y_0_4pitch_z_0_4pitch_y_0_4pitch_x_0_4pitch_y_0_1,"[True, True, True, True]","[1.656, 2.268, 2.062, 2.465]",True,2.11,0.205,0.112,0.12
4,"26/12/19, 19:05",roll_z_0_1pitch_y_0_7pitch_y_0_4roll_z_0_4roll_y_0_7roll_y_0_4,"[True, True, True, True]","[2.282, 2.467, 2.43, 2.669]",True,2.46,0.168,0.116,0.085
5,"26/12/19, 19:05",roll_z_0_1pitch_y_0_7pitch_y_0_7pitch_y_0_7roll_x_0_4pris_z_0_7,"[False, False, False, True]","[-1, -1, -1, -1]",False,-1,-1,-1,-1
6,"26/12/19, 19:05",roll_z_0_1pitch_y_0_7roll_x_0_7pitch_y_0_4pitch_y_0_7pitch_y_0_7,"[False, False, False, False]","[-1, -1, -1, -1]",False,-1,-1,-1,-1
7,"26/12/19, 19:06",roll_z_0_1roll_y_0_7pitch_y_0_7pitch_y_0_7roll_x_0_4roll_y_0_4,"[True, True, True, True]","[1.683, 2.26, 2.474, 2.669]",True,2.27,0.171,0.111,0.096
8,"26/12/19, 19:06",roll_z_0_1pitch_y_0_1pitch_x_0_7pitch_z_0_7pitch_y_0_7roll_y_0_1,"[True, True, True, True]","[1.73, 2.507, 2.658, 2.662]",True,2.39,0.178,0.118,0.1
9,"26/12/19, 19:06",roll_z_0_1roll_y_0_7pitch_y_0_4pitch_y_0_7pitch_y_0_7pris_x_0_4,"[False, False, False, False]","[-1, -1, -1, -1]",False,-1,-1,-1,-1
10,"26/12/19, 19:06",roll_z_0_1pitch_y_0_7pitch_y_0_7roll_z_0_1roll_y_0_4roll_y_0_4,"[True, True, True, True]","[2.316, 2.466, 2.473, 2.467]",True,2.43,0.181,0.119,0.096
11,"26/12/19, 19:07",roll_z_0_1pitch_y_0_4pitch_y_0_7pitch_x_0_7pris_x_0_7roll_x_0_7,"[False, False, False, False]","[-1, -1, -1, -1]",False,-1,-1,-1,-1
12,"26/12/19, 19:07",roll_z_0_1pitch_y_0_1pitch_y_0_1pris_x_0_7pris_y_0_1pris_x_0_1,"[False, False, False, False]","[-1, -1, -1, -1]",False,-1,-1,-1,-1
13,"26/12/19, 19:07",roll_z_0_1roll_y_0_4roll_y_0_7roll_y_0_1pris_y_0_4roll_z_0_7,"[False, False, False, False]","[-1, -1, -1, -1]",False,-1,-1,-1,-1
14,"26/12/19, 19:07",roll_z_0_1pitch_y_0_7pitch_x_0_7pitch_y_0_7pitch_y_0_1pitch_y_0_4,"[True, True, True, True]","[2.261, 1.653, 2.745, 2.696]",True,2.34,0.169,0.111,0.094
15,"26/12/19, 19:08",roll_z_0_1roll_y_0_7pris_y_0_4roll_y_0_7roll_y_0_7roll_y_0_7,"[False, False, False, False]","[-1, -1, -1, -1]",False,-1,-1,-1,-1
16,"26/12/19, 19:08",roll_z_0_1roll_y_0_4pitch_y_0_7pitch_y_0_4pitch_z_0_7pitch_x_0_4,"[True, True, True, True]","[2.278, 1.893, 2.746, 2.503]",True,2.36,0.182,0.111,0.104
17,"26/12/19, 19:08",roll_z_0_1pitch_y_0_7roll_z_0_7pitch_y_0_7pitch_x_0_1roll_x_0_1,"[True, True, True, True]","[2.392, 1.883, 2.797, 2.528]",True,2.4,0.165,0.117,0.094
18,"26/12/19, 19:08",roll_z_0_1roll_y_0_7pitch_y_0_1pitch_y_0_4roll_x_0_4roll_y_0_4,"[True, True, True, True]","[1.725, 2.082, 3.389, 3.532]",True,2.68,0.125,0.123,0.073
19,"26/12/19, 19:09",roll_z_0_1pitch_y_0_4pitch_y_0_1pitch_z_0_1pitch_y_0_7pitch_z_0_4,"[True, True, True, True]","[2.425, 2.792, 2.746, 2.76]",True,2.68,0.18,0.118,0.101
20,"26/12/19, 19:09",roll_z_0_1pris_z_0_4pitch_y_0_7pitch_y_0_4pitch_y_0_7roll_z_0_4,"[False, False, False, False]","[-1, -1, -1, -1]",False,-1,-1,-1,-1
21,"26/12/19, 19:09",roll_z_0_1pitch_y_0_1pitch_y_0_4pitch_x_0_4pitch_z_0_1pitch_z_0_1,"[True, True, True, True]","[1.747, 1.55, 2.295, 2.032]",True,1.91,0.187,0.114,0.1
22,"26/12/19, 19:09",roll_z_0_1pitch_y_0_7pitch_y_0_7pris_y_0_4pris_y_0_7roll_y_0_7,"[False, False, False, False]","[-1, -1, -1, -1]",False,-1,-1,-1,-1
23,"26/12/19, 19:10",roll_z_0_1pitch_y_0_7pitch_y_0_7pitch_y_0_4pitch_z_0_7roll_z_0_7,"[True, True, True, True]","[2.678, 2.477, 2.482, 2.961]",True,2.65,0.16,0.114,0.085
24,"26/12/19, 19:10",roll_z_0_1pitch_y_0_1roll_y_0_7pitch_y_0_7pitch_z_0_7roll_x_0_7,"[True, True, True, True]","[2.75, 2.317, 1.865, 2.69]",True,2.41,0.157,0.125,0.077
25,"26/12/19, 19:10",roll_z_0_1pitch_y_0_1pitch_x_0_7pitch_y_0_7pitch_y_0_7pitch_y_0_7,"[True, True, True, True]","[1.735, 2.339, 2.757, 2.552]",True,2.35,0.168,0.11,0.103
26,"26/12/19, 19:10",roll_z_0_1roll_y_0_4roll_y_0_1pris_z_0_1roll_y_0_4pris_y_0_4,"[True, True, False, False]","[-1, -1, -1, -1]",False,-1,-1,-1,-1
27,"26/12/19, 19:11",roll_z_0_1roll_y_0_1pitch_y_0_1pitch_y_0_1roll_y_0_1roll_y_0_7,"[True, True, False, False]","[-1, -1, -1, -1]",False,-1,-1,-1,-1
28,"26/12/19, 19:11",roll_z_0_1pris_y_0_1roll_x_0_1pris_y_0_4roll_z_0_4roll_y_0_4,"[False, False, False, False]","[-1, -1, -1, -1]",False,-1,-1,-1,-1
29,"26/12/19, 19:11",roll_z_0_1roll_y_0_7roll_y_0_7roll_y_0_1pris_y_0_4roll_x_0_1,"[False, False, False, False]","[-1, -1, -1, -1]",False,-1,-1,-1,-1
30,"26/12/19, 19:11",roll_z_0_1pitch_y_0_1pitch_x_0_7pitch_z_0_7pitch_z_0_1pitch_z_0_1,"[True, True, True, True]","[1.835, 2.235, 2.452, 2.043]",True,2.14,0.154,0.119,0.076
31,"26/12/19, 19:12",roll_z_0_1roll_y_0_1pitch_y_0_7pitch_y_0_1pitch_y_0_7roll_z_0_1,"[True, True, True, True]","[1.649, 1.838, 2.47, 2.645]",True,2.15,0.155,0.12,0.084
32,"26/12/19, 19:12",roll_z_0_1pitch_y_0_4pitch_y_0_4pitch_y_0_7pitch_z_0_4pitch_z_0_1,"[True, True, True, True]","[2.268, 2.257, 2.682, 1.869]",True,2.27,0.179,0.109,0.105
33,"26/12/19, 19:12",roll_z_0_1roll_y_0_4roll_y_0_4pris_y_0_7roll_y_0_1roll_y_0_7,"[False, False, False, False]","[-1, -1, -1, -1]",False,-1,-1,-1,-1
34,"26/12/19, 19:12",roll_z_0_1roll_y_0_1pitch_y_0_4roll_z_0_1roll_y_0_1pitch_y_0_4,"[True, True, True, True]","[1.668, 1.889, 1.892, 2.745]",True,2.05,0.154,0.118,0.078
35,"26/12/19, 19:13",roll_z_0_1pitch_y_0_4pitch_y_0_1pitch_y_0_4pris_y_0_4pris_x_0_7,"[False, False, False, False]","[-1, -1, -1, -1]",False,-1,-1,-1,-1
36,"26/12/19, 19:13",roll_z_0_1pitch_y_0_1roll_x_0_4pitch_y_0_4pitch_y_0_1pitch_y_0_7,"[True, True, True, True]","[2.261, 2.268, 2.669, 2.668]",True,2.47,0.186,0.111,0.106
37,"26/12/19, 19:13",roll_z_0_1roll_y_0_7pitch_y_0_1pitch_y_0_7pris_z_0_7pitch_x_0_7,"[False, False, False, False]","[-1, -1, -1, -1]",False,-1,-1,-1,-1
38,"26/12/19, 19:13",roll_z_0_1pris_y_0_1roll_z_0_7pris_y_0_7roll_x_0_1roll_y_0_1,"[False, False, False, False]","[-1, -1, -1, -1]",False,-1,-1,-1,-1
39,"26/12/19, 19:13",roll_z_0_1pris_z_0_1roll_y_0_1roll_y_0_4pitch_y_0_4pitch_y_0_1,"[False, False, False, False]","[-1, -1, -1, -1]",False,-1,-1,-1,-1
40,"26/12/19, 19:14",roll_z_0_1pitch_y_0_7pitch_y_0_4pitch_y_0_7pitch_x_0_4pitch_x_0_1,"[True, True, True, False]","[-1, -1, -1, -1]",False,-1,-1,-1,-1
41,"26/12/19, 19:14",roll_z_0_1pris_y_0_7pitch_y_0_7pitch_y_0_7pris_y_0_7pitch_y_0_7,"[False, False, False, False]","[-1, -1, -1, -1]",False,-1,-1,-1,-1
42,"26/12/19, 19:14",roll_z_0_1pitch_y_0_7pitch_y_0_4pitch_x_0_7pitch_x_0_7pitch_z_0_7,"[True, True, True, True]","[2.363, 2.283, 1.87, 2.795]",True,2.33,0.154,0.11,0.083
43,"26/12/19, 19:14",roll_z_0_1pitch_y_0_1pitch_y_0_7pitch_x_0_1pitch_y_0_1pitch_z_0_7,"[True, False, False, False]","[-1, -1, -1, -1]",False,-1,-1,-1,-1
44,"26/12/19, 19:15",roll_z_0_1pitch_y_0_1pitch_y_0_4pitch_y_0_1pitch_y_0_4pitch_z_0_7,"[True, True, True, True]","[2.643, 2.263, 2.514, 2.759]",True,2.54,0.151,0.116,0.077
45,"26/12/19, 19:15",roll_z_0_1pitch_y_0_4pitch_y_0_7pitch_y_0_4roll_z_0_1roll_y_0_4,"[True, True, True, True]","[2.353, 2.339, 2.686, 1.863]",True,2.31,0.184,0.112,0.11
46,"26/12/19, 19:15",roll_z_0_1pitch_y_0_4pitch_y_0_1pris_z_0_1pitch_y_0_1pitch_x_0_4,"[False, False, False, False]","[-1, -1, -1, -1]",False,-1,-1,-1,-1
47,"26/12/19, 19:15",roll_z_0_1pitch_y_0_7pitch_y_0_4pitch_y_0_4roll_z_0_4pitch_y_0_1,"[True, True, True, True]","[2.678, 2.702, 2.151, 2.793]",True,2.58,0.183,0.119,0.101
48,"26/12/19, 19:16",roll_z_0_1roll_y_0_7roll_y_0_1roll_y_0_7roll_y_0_7roll_y_0_4,"[True, True, True, True]","[2.181, 1.798, 2.199, 2.088]",True,2.07,0.183,0.113,0.108
49,"26/12/19, 19:16",roll_z_0_1pris_y_0_7roll_z_0_7pitch_y_0_7pitch_y_0_7pris_z_0_4,"[False, False, False, False]","[-1, -1, -1, -1]",False,-1,-1,-1,-1
50,"26/12/19, 19:16",roll_z_0_1pitch_y_0_7roll_x_0_1pitch_y_0_7pitch_x_0_1pitch_z_0_7,"[True, True, False, False]","[-1, -1, -1, -1]",False,-1,-1,-1,-1
51,"26/12/19, 19:17",roll_z_0_1pitch_y_0_7roll_z_0_7pitch_y_0_7roll_z_0_7pitch_y_0_7,"[True, True, True, True]","[2.303, 2.307, 2.708, 2.503]",True,2.46,0.183,0.109,0.11
52,"26/12/19, 19:17",roll_z_0_1pitch_y_0_4pitch_y_0_7pitch_y_0_1pitch_y_0_1pitch_z_0_4,"[True, True, True, True]","[2.282, 2.087, 2.485, 2.667]",True,2.38,0.166,0.125,0.081
53,"26/12/19, 19:17",roll_z_0_1pitch_y_0_7pitch_z_0_4pitch_z_0_7pitch_y_0_7pitch_z_0_7,"[True, False, False, False]","[-1, -1, -1, -1]",False,-1,-1,-1,-1
54,"26/12/19, 19:17",roll_z_0_1pitch_y_0_1pitch_y_0_1pitch_x_0_4roll_z_0_4pitch_y_0_4,"[True, True, True, True]","[2.231, 2.469, 2.442, 2.65]",True,2.45,0.161,0.118,0.092
55,"26/12/19, 19:18",roll_z_0_1roll_y_0_7pris_y_0_7pris_x_0_7roll_z_0_7pris_y_0_7,"[False, False, False, False]","[-1, -1, -1, -1]",False,-1,-1,-1,-1
56,"26/12/19, 19:18",roll_z_0_1pitch_y_0_7pris_x_0_7pitch_y_0_7pris_z_0_4pitch_y_0_7,"[False, False, False, False]","[-1, -1, -1, -1]",False,-1,-1,-1,-1
57,"26/12/19, 19:18",roll_z_0_1pitch_y_0_4pitch_y_0_7pitch_y_0_4pitch_x_0_4roll_x_0_7,"[True, True, False, False]","[-1, -1, -1, -1]",False,-1,-1,-1,-1
58,"26/12/19, 19:18",roll_z_0_1pitch_y_0_4pitch_y_0_7pitch_y_0_4pitch_y_0_1pitch_y_0_4,"[True, True, True, True]","[2.29, 2.066, 2.488, 2.067]",True,2.23,0.194,0.114,0.107
59,"26/12/19, 19:19",roll_z_0_1pitch_y_0_7pitch_y_0_7pitch_y_0_7pitch_z_0_4roll_y_0_7,"[True, True, True, False]","[-1, -1, -1, -1]",False,-1,-1,-1,-1
60,"26/12/19, 19:19",roll_z_0_1pitch_y_0_7pitch_y_0_7pitch_z_0_4pitch_y_0_4pris_z_0_4,"[False, False, False, False]","[-1, -1, -1, -1]",False,-1,-1,-1,-1
61,"26/12/19, 19:19",roll_z_0_1pitch_y_0_7pitch_x_0_4roll_y_0_7roll_y_0_7roll_y_0_7,"[True, True, True, True]","[2.255, 2.268, 2.679, 2.468]",True,2.42,0.189,0.11,0.118
62,"26/12/19, 19:19",roll_z_0_1pitch_y_0_4pitch_y_0_4pris_z_0_1pitch_z_0_4roll_z_0_4,"[False, False, False, False]","[-1, -1, -1, -1]",False,-1,-1,-1,-1
63,"26/12/19, 19:19",roll_z_0_1pitch_y_0_7pitch_y_0_7pris_y_0_7pris_y_0_7pris_x_0_7,"[False, False, False, False]","[-1, -1, -1, -1]",False,-1,-1,-1,-1
64,"26/12/19, 19:20",roll_z_0_1roll_y_0_7roll_y_0_7pitch_y_0_4roll_x_0_7roll_y_0_4,"[True, True, True, True]","[1.615, 1.861, 2.661, 2.466]",True,2.15,0.178,0.117,0.103
65,"26/12/19, 19:20",roll_z_0_1pris_y_0_1roll_x_0_7roll_y_0_7pitch_y_0_7roll_z_0_7,"[False, False, False, False]","[-1, -1, -1, -1]",False,-1,-1,-1,-1
66,"26/12/19, 19:20",roll_z_0_1pris_y_0_7pitch_y_0_4pris_z_0_7pitch_y_0_1pris_x_0_7,"[False, False, False, False]","[-1, -1, -1, -1]",False,-1,-1,-1,-1
67,"26/12/19, 19:20",roll_z_0_1pris_z_0_4pitch_y_0_1pitch_y_0_7pris_x_0_7pris_y_0_7,"[False, False, False, False]","[-1, -1, -1, -1]",False,-1,-1,-1,-1
68,"26/12/19, 19:20",roll_z_0_1pris_y_0_7pris_x_0_7pitch_z_0_7pitch_y_0_7pitch_y_0_7,"[False, False, False, True]","[-1, -1, -1, -1]",False,-1,-1,-1,-1
69,"26/12/19, 19:21",roll_z_0_1pitch_y_0_7pitch_y_0_4pitch_y_0_7pitch_z_0_7pitch_x_0_4,"[True, True, True, True]","[2.568, 2.339, 2.708, 2.805]",True,2.6,0.176,0.11,0.102
70,"26/12/19, 19:21",roll_z_0_1pitch_y_0_1pitch_z_0_4pitch_y_0_1pitch_x_0_1pitch_x_0_7,"[False, False, False, False]","[-1, -1, -1, -1]",False,-1,-1,-1,-1
71,"26/12/19, 19:21",roll_z_0_1pitch_y_0_7pitch_z_0_7pitch_x_0_7pris_z_0_7roll_x_0_7,"[False, False, False, False]","[-1, -1, -1, -1]",False,-1,-1,-1,-1
72,"26/12/19, 19:21",roll_z_0_1pitch_y_0_4pitch_y_0_7pitch_y_0_7pris_y_0_7roll_z_0_7,"[False, False, False, False]","[-1, -1, -1, -1]",False,-1,-1,-1,-1
73,"26/12/19, 19:22",roll_z_0_1roll_y_0_4pris_y_0_4pris_x_0_4pitch_x_0_4pitch_y_0_4,"[False, False, False, False]","[-1, -1, -1, -1]",False,-1,-1,-1,-1
74,"26/12/19, 19:22",roll_z_0_1pitch_y_0_1pitch_y_0_1pitch_y_0_7pitch_y_0_7pris_x_0_7,"[False, False, True, True]","[-1, -1, -1, -1]",False,-1,-1,-1,-1
75,"26/12/19, 19:22",roll_z_0_1pitch_y_0_4pitch_x_0_4pitch_y_0_4pitch_x_0_4pitch_z_0_4,"[True, True, True, True]","[2.238, 1.912, 2.777, 3.135]",True,2.52,0.036,0.119,0.063
76,"26/12/19, 19:22",roll_z_0_1pitch_y_0_7pris_x_0_7pitch_z_0_7pris_x_0_7roll_x_0_7,"[True, True, True, True]","[1.667, 2.449, 2.665, 2.45]",True,2.31,0.163,0.407,0.093
77,"26/12/19, 19:23",roll_z_0_1pitch_y_0_4pitch_x_0_4pitch_y_0_4pitch_z_0_4pitch_y_0_4,"[True, True, True, True]","[1.639, 2.468, 2.655, 2.508]",True,2.32,0.192,0.118,0.106
78,"26/12/19, 19:23",roll_z_0_1pris_z_0_7pris_y_0_7pitch_y_0_7pitch_y_0_7pitch_y_0_7,"[False, False, False, False]","[-1, -1, -1, -1]",False,-1,-1,-1,-1
79,"26/12/19, 19:23",roll_z_0_1pitch_y_0_4pris_y_0_4pitch_y_0_4roll_z_0_4pris_y_0_4,"[False, False, False, False]","[-1, -1, -1, -1]",False,-1,-1,-1,-1
80,"26/12/19, 19:23",roll_z_0_1pitch_y_0_7pitch_x_0_7pitch_y_0_7roll_z_0_1roll_y_0_7,"[True, True, True, False]","[-1, -1, -1, -1]",False,-1,-1,-1,-1
81,"26/12/19, 19:24",roll_z_0_1pitch_y_0_4roll_y_0_1pitch_y_0_7pitch_y_0_7roll_y_0_7,"[False, True, True, True]","[3.284, 2.266, 2.668, 2.043]",True,2.57,0.167,0.109,0.095
82,"26/12/19, 19:24",roll_z_0_1pitch_y_0_4roll_y_0_7pitch_y_0_4pitch_y_0_7roll_x_0_4,"[True, True, True, True]","[1.68, 1.844, 2.488, 2.671]",True,2.17,0.166,0.117,0.087
83,"26/12/19, 19:24",roll_z_0_1pris_y_0_7pitch_z_0_7pris_z_0_7pitch_x_0_7pitch_x_0_7,"[False, False, False, False]","[-1, -1, -1, -1]",False,-1,-1,-1,-1
84,"26/12/19, 19:24",roll_z_0_1pitch_y_0_4roll_y_0_1roll_y_0_4pitch_y_0_4roll_x_0_1,"[True, True, False, False]","[-1, -1, -1, -1]",False,-1,-1,-1,-1
85,"26/12/19, 19:25",roll_z_0_1pitch_y_0_4pitch_y_0_4pitch_y_0_1pitch_y_0_1pris_z_0_4,"[False, False, False, False]","[-1, -1, -1, -1]",False,-1,-1,-1,-1
86,"26/12/19, 19:25",roll_z_0_1pris_z_0_7pris_y_0_7pitch_x_0_7pitch_x_0_7roll_y_0_7,"[False, False, False, False]","[-1, -1, -1, -1]",False,-1,-1,-1,-1
87,"26/12/19, 19:25",roll_z_0_1roll_y_0_7pitch_y_0_1pitch_y_0_1roll_y_0_1roll_y_0_4,"[True, True, False, False]","[-1, -1, -1, -1]",False,-1,-1,-1,-1
88,"26/12/19, 19:25",roll_z_0_1pitch_y_0_1pitch_y_0_1pitch_y_0_7pitch_y_0_7pris_z_0_7,"[False, False, False, True]","[-1, -1, -1, -1]",False,-1,-1,-1,-1
89,"26/12/19, 19:26",roll_z_0_1pitch_y_0_4pitch_y_0_7pitch_y_0_7roll_x_0_7pitch_y_0_1,"[True, True, True, True]","[2.208, 2.285, 2.543, 2.077]",True,2.28,0.164,0.11,0.094
90,"26/12/19, 19:26",roll_z_0_1pitch_y_0_7pitch_y_0_1pitch_y_0_1pitch_x_0_1roll_y_0_7,"[True, True, True, True]","[2.499, 2.244, 2.733, 2.459]",True,2.48,0.171,0.112,0.101
91,"26/12/19, 19:26",roll_z_0_1pitch_y_0_7pitch_y_0_7pitch_x_0_4pitch_x_0_7pitch_y_0_7,"[True, True, True, True]","[2.354, 2.566, 2.54, 2.621]",True,2.52,0.181,0.118,0.118
92,"26/12/19, 19:26",roll_z_0_1roll_y_0_1roll_y_0_7pitch_y_0_7pris_z_0_7roll_z_0_7,"[False, False, False, False]","[-1, -1, -1, -1]",False,-1,-1,-1,-1
93,"26/12/19, 19:27",roll_z_0_1pris_y_0_7pris_y_0_7pitch_z_0_7pitch_y_0_7roll_z_0_7,"[False, False, False, False]","[-1, -1, -1, -1]",False,-1,-1,-1,-1
94,"26/12/19, 19:27",roll_z_0_1pris_y_0_4pitch_y_0_1pitch_y_0_4pitch_y_0_1roll_x_0_7,"[False, True, False, False]","[-1, -1, -1, -1]",False,-1,-1,-1,-1
95,"26/12/19, 19:27",roll_z_0_1pitch_y_0_1pris_z_0_1pitch_y_0_4pitch_y_0_4pitch_y_0_4,"[False, False, False, False]","[-1, -1, -1, -1]",False,-1,-1,-1,-1
96,"26/12/19, 19:27",roll_z_0_1pitch_y_0_7pitch_y_0_7pitch_y_0_7pitch_z_0_1pitch_z_0_7,"[True, True, True, True]","[2.325, 2.753, 2.963, 2.966]",True,2.75,0.184,0.11,0.105
97,"26/12/19, 19:28",roll_z_0_1pitch_y_0_7pitch_x_0_7pris_y_0_7pitch_y_0_7pitch_y_0_1,"[False, False, False, False]","[-1, -1, -1, -1]",False,-1,-1,-1,-1
98,"26/12/19, 19:28",roll_z_0_1pitch_y_0_4pitch_y_0_1pitch_y_0_7pitch_z_0_1pitch_y_0_7,"[True, True, True, True]","[2.288, 2.494, 2.889, 2.566]",True,2.56,0.188,0.119,0.101
99,"26/12/19, 19:28",roll_z_0_1pitch_y_0_4pitch_y_0_1pitch_z_0_4pitch_z_0_1pitch_x_0_1,"[True, True, True, False]","[-1, -1, -1, -1]",False,-1,-1,-1,-1
100,"26/12/19, 19:28",roll_z_0_1pris_z_0_7pitch_y_0_7pitch_y_0_7pris_x_0_7pris_x_0_7,"[False, False, False, False]","[-1, -1, -1, -1]",False,-1,-1,-1,-1
101,"26/12/19, 20:46",roll_z_0_1pitch_y_0_7pitch_y_0_4pitch_y_0_1pris_x_0_4roll_z_0_4,"[False, False, False, False]","[-1, -1, -1, -1]",False,-1,-1,-1,-1
102,"26/12/19, 20:46",roll_z_0_1pitch_y_0_7pitch_y_0_4pris_x_0_7pitch_y_0_7roll_z_0_7,"[False, False, False, False]","[-1, -1, -1, -1]",False,-1,-1,-1,-1
103,"26/12/19, 20:46",roll_z_0_1pitch_y_0_1pitch_y_0_4pitch_z_0_4pitch_y_0_1pitch_y_0_4,"[True, True, True, True]","[1.656, 1.675, 1.855, 1.852]",True,1.76,0.182,0.121,0.089
104,"26/12/19, 20:46",roll_z_0_1pris_y_0_7pris_x_0_4pitch_y_0_7pitch_y_0_7pris_z_0_4,"[False, False, False, False]","[-1, -1, -1, -1]",False,-1,-1,-1,-1
105,"26/12/19, 20:46",roll_z_0_1pris_y_0_1pitch_y_0_1pitch_y_0_7pitch_y_0_7pris_y_0_7,"[False, False, False, False]","[-1, -1, -1, -1]",False,-1,-1,-1,-1
106,"26/12/19, 20:47",roll_z_0_1pitch_y_0_4roll_y_0_1roll_y_0_1pitch_y_0_1roll_z_0_7,"[True, True, True, False]","[-1, -1, -1, -1]",False,-1,-1,-1,-1
107,"26/12/19, 20:47",roll_z_0_1roll_y_0_1pitch_y_0_1pitch_y_0_4pitch_y_0_4pitch_y_0_7,"[True, True, True, False]","[-1, -1, -1, -1]",False,-1,-1,-1,-1
108,"26/12/19, 20:47",roll_z_0_1pitch_y_0_7pitch_y_0_4pitch_y_0_4pitch_y_0_4roll_z_0_1,"[True, True, True, True]","[2.282, 2.431, 2.077, 2.539]",True,2.33,0.19,0.12,0.101
109,"26/12/19, 20:47",roll_z_0_1roll_y_0_7pitch_y_0_7pitch_y_0_4pitch_y_0_4pris_x_0_4,"[False, False, False, False]","[-1, -1, -1, -1]",False,-1,-1,-1,-1
110,"26/12/19, 20:48",roll_z_0_1pitch_y_0_1pitch_y_0_1pitch_x_0_7pitch_y_0_7pitch_x_0_1,"[True, True, True, True]","[2.269, 2.5, 2.492, 2.365]",True,2.41,0.174,0.117,0.094
111,"26/12/19, 20:48",roll_z_0_1roll_y_0_7roll_y_0_4pitch_y_0_7roll_x_0_7roll_y_0_7,"[True, True, False, False]","[-1, -1, -1, -1]",False,-1,-1,-1,-1
112,"26/12/19, 20:48",roll_z_0_1roll_y_0_7pitch_y_0_7pitch_y_0_4roll_z_0_7roll_y_0_1,"[True, True, True, False]","[-1, -1, -1, -1]",False,-1,-1,-1,-1
113,"26/12/19, 20:48",roll_z_0_1pitch_y_0_7pitch_y_0_1pitch_x_0_7pris_z_0_7pitch_y_0_1,"[False, False, False, False]","[-1, -1, -1, -1]",False,-1,-1,-1,-1
114,"26/12/19, 20:49",roll_z_0_1pitch_y_0_4pitch_y_0_7pitch_x_0_4pris_x_0_7pitch_z_0_4,"[False, False, False, False]","[-1, -1, -1, -1]",False,-1,-1,-1,-1
115,"26/12/19, 20:49",roll_z_0_1pitch_y_0_1pitch_x_0_7pitch_z_0_1pitch_y_0_7roll_z_0_7,"[True, True, True, True]","[2.353, 2.322, 2.562, 2.704]",True,2.49,0.168,0.125,0.079
116,"26/12/19, 20:49",roll_z_0_1pitch_y_0_7pitch_z_0_7pris_x_0_7roll_y_0_7pitch_y_0_7,"[False, False, False, False]","[-1, -1, -1, -1]",False,-1,-1,-1,-1
117,"26/12/19, 20:49",roll_z_0_1pitch_y_0_1pitch_y_0_1pitch_y_0_7pris_y_0_4pitch_y_0_1,"[False, False, False, False]","[-1, -1, -1, -1]",False,-1,-1,-1,-1
118,"26/12/19, 20:50",roll_z_0_1pitch_y_0_1roll_y_0_1pitch_y_0_4pitch_y_0_4pitch_x_0_1,"[True, True, True, True]","[2.47, 2.541, 2.562, 2.174]",True,2.44,0.167,0.117,0.093
119,"26/12/19, 20:50",roll_z_0_1pitch_y_0_4pitch_z_0_4pitch_x_0_7pitch_y_0_4roll_z_0_7,"[True, False, False, False]","[-1, -1, -1, -1]",False,-1,-1,-1,-1
120,"26/12/19, 20:50",roll_z_0_1pris_y_0_7pitch_y_0_7pitch_y_0_7pitch_y_0_7pris_x_0_7,"[False, False, False, False]","[-1, -1, -1, -1]",False,-1,-1,-1,-1
121,"26/12/19, 20:50",roll_z_0_1pitch_y_0_4pitch_x_0_4pitch_z_0_7pitch_z_0_4pitch_y_0_7,"[True, True, True, True]","[2.617, 2.656, 3.108, 2.659]",True,2.76,0.185,0.111,0.104
122,"26/12/19, 20:51",roll_z_0_1pitch_y_0_7pitch_z_0_4pitch_y_0_4pitch_y_0_4pitch_y_0_7,"[True, True, True, True]","[2.173, 2.461, 2.027, 2.829]",True,2.37,0.159,0.116,0.079
123,"26/12/19, 20:51",roll_z_0_1pitch_y_0_7pitch_y_0_7roll_y_0_7roll_y_0_7roll_y_0_4,"[True, True, True, True]","[2.465, 2.275, 2.873, 2.633]",True,2.56,0.195,0.115,0.121
124,"26/12/19, 20:51",roll_z_0_1pris_y_0_7pitch_x_0_7pitch_x_0_7pitch_z_0_7pris_x_0_7,"[False, False, False, False]","[-1, -1, -1, -1]",False,-1,-1,-1,-1
125,"26/12/19, 20:51",roll_z_0_1pitch_y_0_4pitch_z_0_4pitch_z_0_4pitch_x_0_4pitch_z_0_4,"[True, True, True, True]","[2.542, 2.762, 1.898, 1.899]",True,2.28,0.199,0.12,0.109
126,"26/12/19, 20:52",roll_z_0_1roll_y_0_7roll_y_0_7pitch_y_0_1pitch_y_0_4roll_z_0_7,"[False, False, False, False]","[-1, -1, -1, -1]",False,-1,-1,-1,-1
127,"26/12/19, 20:52",roll_z_0_1pitch_y_0_1pitch_y_0_7pitch_y_0_1pris_x_0_1roll_x_0_1,"[False, False, False, False]","[-1, -1, -1, -1]",False,-1,-1,-1,-1
128,"26/12/19, 20:52",roll_z_0_1roll_y_0_7pitch_y_0_4pitch_y_0_7pris_y_0_7pitch_z_0_7,"[False, False, False, False]","[-1, -1, -1, -1]",False,-1,-1,-1,-1
129,"26/12/19, 20:52",roll_z_0_1roll_y_0_1pitch_y_0_7pitch_y_0_7pitch_x_0_1pitch_z_0_1,"[True, True, True, True]","[1.628, 2.249, 2.466, 2.071]",True,2.1,0.159,0.115,0.085
130,"26/12/19, 20:53",roll_z_0_1pitch_y_0_4pitch_y_0_7pitch_y_0_1pitch_y_0_4roll_x_0_4,"[True, True, True, True]","[2.26, 2.245, 2.648, 1.835]",True,2.25,0.186,0.112,0.106
131,"26/12/19, 20:53",roll_z_0_1pitch_y_0_1pitch_z_0_7pitch_y_0_1pitch_y_0_4pitch_y_0_4,"[True, True, True, True]","[1.633, 2.248, 2.448, 2.669]",True,2.25,0.152,0.11,0.084
132,"26/12/19, 20:53",roll_z_0_1roll_y_0_7pitch_y_0_7pitch_y_0_4pitch_y_0_7pitch_y_0_1,"[True, True, True, True]","[1.634, 1.848, 2.448, 2.647]",True,2.14,0.178,0.125,0.084
133,"26/12/19, 20:53",roll_z_0_1pitch_y_0_7pitch_y_0_7pitch_y_0_7roll_z_0_7roll_y_0_1,"[True, True, True, True]","[2.265, 2.492, 2.471, 2.711]",True,2.48,0.18,0.118,0.095
134,"26/12/19, 20:54",roll_z_0_1pitch_y_0_7roll_x_0_7pitch_y_0_7roll_x_0_7roll_y_0_7,"[False, False, False, False]","[-1, -1, -1, -1]",False,-1,-1,-1,-1
135,"26/12/19, 20:54",roll_z_0_1pris_z_0_7pitch_y_0_7roll_x_0_1pitch_y_0_7pitch_y_0_7,"[False, False, False, False]","[-1, -1, -1, -1]",False,-1,-1,-1,-1
136,"26/12/19, 20:54",roll_z_0_1roll_y_0_7roll_y_0_7pris_y_0_1pris_y_0_1roll_z_0_7,"[False, False, False, False]","[-1, -1, -1, -1]",False,-1,-1,-1,-1
137,"26/12/19, 20:54",roll_z_0_1roll_y_0_4pitch_y_0_1pitch_z_0_1roll_z_0_4roll_y_0_4,"[True, True, True, True]","[2.373, 2.374, 2.548, 2.547]",True,2.46,0.21,0.113,0.114
138,"26/12/19, 20:55",roll_z_0_1pitch_y_0_7pitch_y_0_7pitch_y_0_1pitch_z_0_1roll_x_0_4,"[True, True, True, True]","[2.304, 2.488, 2.672, 2.454]",True,2.48,0.181,0.117,0.103
139,"26/12/19, 20:55",roll_z_0_1pitch_y_0_1pitch_y_0_7pitch_y_0_4pitch_y_0_7roll_x_0_1,"[True, True, True, True]","[2.283, 2.315, 2.564, 2.707]",True,2.47,0.161,0.11,0.09
140,"26/12/19, 20:55",roll_z_0_1roll_y_0_7pitch_y_0_7roll_x_0_7pris_y_0_7roll_y_0_1,"[False, False, True, False]","[-1, -1, -1, -1]",False,-1,-1,-1,-1
141,"26/12/19, 20:56",roll_z_0_1roll_y_0_7roll_y_0_7pitch_y_0_7pitch_y_0_7roll_y_0_4,"[True, True, True, True]","[2.307, 2.487, 2.659, 1.864]",True,2.33,0.211,0.11,0.127
142,"26/12/19, 20:56",roll_z_0_1pris_y_0_4pitch_y_0_4pitch_x_0_4pris_y_0_4roll_y_0_4,"[False, False, False, False]","[-1, -1, -1, -1]",False,-1,-1,-1,-1
143,"26/12/19, 20:56",roll_z_0_1pitch_y_0_4pitch_y_0_7pitch_y_0_4pitch_y_0_4pris_y_0_7,"[False, False, True, True]","[-1, -1, -1, -1]",False,-1,-1,-1,-1
144,"26/12/19, 20:56",roll_z_0_1pitch_y_0_4pitch_x_0_1pitch_x_0_1pitch_y_0_1pitch_x_0_7,"[True, True, True, True]","[2.246, 2.291, 2.913, 2.697]",True,2.54,0.185,0.112,0.1
145,"26/12/19, 20:57",roll_z_0_1pitch_y_0_7pitch_y_0_1pitch_x_0_4pitch_y_0_1roll_y_0_1,"[True, True, True, True]","[1.962, 2.088, 2.74, 2.816]",True,2.4,0.172,0.116,0.101
146,"26/12/19, 20:57",roll_z_0_1roll_y_0_1pitch_y_0_7pitch_y_0_7pitch_x_0_1roll_x_0_7,"[True, True, True, True]","[1.97, 2.488, 2.954, 2.955]",True,2.59,0.182,0.109,0.107
147,"26/12/19, 20:57",roll_z_0_1pitch_y_0_4pitch_y_0_4pris_x_0_1roll_z_0_4pitch_y_0_4,"[False, False, False, False]","[-1, -1, -1, -1]",False,-1,-1,-1,-1
148,"26/12/19, 20:57",roll_z_0_1roll_y_0_1pitch_y_0_1roll_z_0_7pitch_y_0_4pitch_y_0_1,"[True, True, True, True]","[1.632, 2.231, 1.868, 1.996]",True,1.93,0.202,0.125,0.097
149,"26/12/19, 20:58",roll_z_0_1roll_y_0_7pris_z_0_4pris_y_0_4roll_z_0_7roll_y_0_4,"[False, False, False, False]","[-1, -1, -1, -1]",False,-1,-1,-1,-1
150,"26/12/19, 20:58",roll_z_0_1pitch_y_0_1pitch_y_0_7pris_x_0_7pitch_x_0_7pitch_x_0_7,"[False, False, False, False]","[-1, -1, -1, -1]",False,-1,-1,-1,-1
151,"26/12/19, 20:58",roll_z_0_1pitch_y_0_7pris_z_0_7pitch_y_0_4pitch_y_0_7roll_y_0_7,"[True, True, True, False]","[-1, -1, -1, -1]",False,-1,-1,-1,-1
152,"26/12/19, 20:59",roll_z_0_1pitch_y_0_7roll_z_0_4pitch_y_0_7pitch_x_0_7roll_y_0_7,"[True, True, True, False]","[-1, -1, -1, -1]",False,-1,-1,-1,-1
153,"26/12/19, 20:59",roll_z_0_1pitch_y_0_4pitch_y_0_4pris_x_0_4pitch_z_0_4pitch_z_0_4,"[False, False, False, False]","[-1, -1, -1, -1]",False,-1,-1,-1,-1
154,"26/12/19, 20:59",roll_z_0_1pitch_y_0_4pitch_z_0_4pitch_x_0_4pitch_y_0_1pitch_z_0_7,"[True, True, True, True]","[2.254, 3.258, 3.096, 3.072]",True,2.92,0.151,0.125,0.098
155,"26/12/19, 20:59",roll_z_0_1roll_y_0_7pitch_y_0_1pitch_y_0_4pitch_y_0_4roll_x_0_4,"[True, True, True, False]","[-1, -1, -1, -1]",False,-1,-1,-1,-1
156,"26/12/19, 21:00",roll_z_0_1pris_z_0_4roll_y_0_4pitch_y_0_1pitch_y_0_7pitch_y_0_1,"[False, False, False, False]","[-1, -1, -1, -1]",False,-1,-1,-1,-1
157,"26/12/19, 21:00",roll_z_0_1pitch_y_0_7pitch_y_0_1pris_z_0_4pitch_y_0_1roll_x_0_4,"[False, False, False, False]","[-1, -1, -1, -1]",False,-1,-1,-1,-1
158,"26/12/19, 21:00",roll_z_0_1pris_z_0_7pitch_y_0_7pitch_z_0_7pris_y_0_7pitch_x_0_7,"[False, False, False, False]","[-1, -1, -1, -1]",False,-1,-1,-1,-1
159,"26/12/19, 21:00",roll_z_0_1roll_y_0_7pitch_y_0_1pitch_x_0_7pitch_y_0_7roll_y_0_1,"[True, True, True, False]","[-1, -1, -1, -1]",False,-1,-1,-1,-1
160,"26/12/19, 21:01",roll_z_0_1roll_y_0_7pitch_y_0_7pitch_y_0_1roll_y_0_7roll_y_0_4,"[True, True, True, True]","[1.878, 2.498, 1.879, 1.784]",True,2.01,0.179,0.125,0.085
161,"26/12/19, 21:01",roll_z_0_1pris_y_0_7pitch_y_0_1roll_z_0_7pitch_y_0_7pitch_y_0_7,"[False, False, False, False]","[-1, -1, -1, -1]",False,-1,-1,-1,-1
162,"26/12/19, 21:01",roll_z_0_1pitch_y_0_1pitch_y_0_1pitch_y_0_4pitch_y_0_1pris_z_0_4,"[False, False, False, True]","[-1, -1, -1, -1]",False,-1,-1,-1,-1
163,"26/12/19, 21:01",roll_z_0_1pitch_y_0_7pris_z_0_7pitch_y_0_7pris_x_0_7pris_y_0_4,"[False, False, False, False]","[-1, -1, -1, -1]",False,-1,-1,-1,-1
164,"26/12/19, 21:02",roll_z_0_1pris_z_0_4pris_y_0_4pitch_y_0_7pitch_y_0_4pris_z_0_7,"[False, False, False, False]","[-1, -1, -1, -1]",False,-1,-1,-1,-1
165,"26/12/19, 21:02",roll_z_0_1pitch_y_0_4pitch_x_0_7pitch_z_0_7pitch_z_0_7pitch_y_0_7,"[True, True, True, True]","[2.475, 2.281, 2.713, 2.386]",True,2.46,0.185,0.112,0.111
166,"26/12/19, 21:02",roll_z_0_1pitch_y_0_7pitch_x_0_7pitch_y_0_1pitch_y_0_7pitch_y_0_7,"[True, True, False, False]","[-1, -1, -1, -1]",False,-1,-1,-1,-1
167,"26/12/19, 21:02",roll_z_0_1pitch_y_0_4pitch_y_0_4pris_x_0_4roll_z_0_1pitch_y_0_4,"[False, False, False, False]","[-1, -1, -1, -1]",False,-1,-1,-1,-1
168,"26/12/19, 21:03",roll_z_0_1roll_y_0_7pitch_y_0_1pitch_y_0_4pitch_y_0_7roll_z_0_7,"[True, True, True, True]","[2.373, 2.435, 2.914, 2.763]",True,2.62,0.196,0.113,0.11
169,"26/12/19, 21:03",roll_z_0_1pitch_y_0_7pitch_y_0_7pitch_x_0_7pitch_y_0_7pitch_x_0_4,"[True, True, True, False]","[-1, -1, -1, -1]",False,-1,-1,-1,-1
170,"26/12/19, 21:03",roll_z_0_1pitch_y_0_7pitch_y_0_4pitch_y_0_1pris_x_0_4pris_y_0_4,"[False, False, False, False]","[-1, -1, -1, -1]",False,-1,-1,-1,-1
171,"26/12/19, 21:03",roll_z_0_1roll_y_0_7roll_y_0_7roll_y_0_1roll_y_0_7roll_y_0_4,"[True, True, True, True]","[1.741, 1.673, 2.164, 2.378]",True,1.99,0.167,0.115,0.086
172,"26/12/19, 21:04",roll_z_0_1pitch_y_0_7pris_z_0_7pitch_y_0_7pris_x_0_7roll_x_0_7,"[False, False, False, False]","[-1, -1, -1, -1]",False,-1,-1,-1,-1
173,"26/12/19, 21:04",roll_z_0_1pitch_y_0_4pitch_y_0_4pitch_x_0_1roll_x_0_4pris_z_0_4,"[False, False, False, False]","[-1, -1, -1, -1]",False,-1,-1,-1,-1
174,"26/12/19, 21:04",roll_z_0_1pitch_y_0_4roll_y_0_4pitch_y_0_4pitch_y_0_7roll_y_0_7,"[True, True, True, True]","[1.907, 1.695, 2.529, 3.011]",True,2.29,0.177,0.12,0.09
175,"26/12/19, 21:04",roll_z_0_1roll_y_0_7pitch_y_0_7pitch_y_0_1pitch_y_0_4pitch_y_0_7,"[True, True, True, True]","[1.899, 2.13, 2.11, 2.739]",True,2.22,0.162,0.117,0.082
176,"26/12/19, 21:05",roll_z_0_1pitch_y_0_4pitch_z_0_7pitch_z_0_1pitch_y_0_7pitch_x_0_7,"[False, False, False, False]","[-1, -1, -1, -1]",False,-1,-1,-1,-1
177,"26/12/19, 21:05",roll_z_0_1pitch_y_0_7roll_y_0_7pitch_y_0_7pris_x_0_7roll_z_0_7,"[False, False, False, False]","[-1, -1, -1, -1]",False,-1,-1,-1,-1
178,"26/12/19, 21:05",roll_z_0_1pitch_y_0_7pris_y_0_7pitch_y_0_7pitch_x_0_7pitch_x_0_1,"[False, False, False, False]","[-1, -1, -1, -1]",False,-1,-1,-1,-1
179,"26/12/19, 21:05",roll_z_0_1pitch_y_0_4roll_x_0_7pitch_y_0_7pitch_y_0_7pitch_y_0_7,"[False, True, False, False]","[-1, -1, -1, -1]",False,-1,-1,-1,-1
180,"26/12/19, 21:06",roll_z_0_1roll_y_0_7pitch_y_0_7pitch_y_0_1pitch_y_0_1roll_x_0_7,"[True, True, True, True]","[1.645, 1.845, 2.089, 2.45]",True,2.01,0.189,0.117,0.116
181,"26/12/19, 21:06",roll_z_0_1pitch_y_0_4pitch_y_0_7pitch_y_0_4pitch_x_0_4roll_z_0_7,"[True, True, True, True]","[2.241, 2.27, 1.858, 1.867]",True,2.06,0.167,0.111,0.098
182,"26/12/19, 21:06",roll_z_0_1pitch_y_0_7pitch_x_0_7pitch_y_0_4pitch_y_0_4pitch_y_0_4,"[True, True, True, True]","[2.286, 1.666, 2.502, 2.47]",True,2.23,0.162,0.125,0.078
183,"26/12/19, 21:06",roll_z_0_1roll_y_0_7pris_y_0_7roll_z_0_7roll_y_0_7roll_y_0_4,"[False, False, False, False]","[-1, -1, -1, -1]",False,-1,-1,-1,-1
184,"26/12/19, 21:06",roll_z_0_1roll_y_0_7roll_y_0_7roll_y_0_4pris_y_0_7roll_y_0_7,"[False, False, False, False]","[-1, -1, -1, -1]",False,-1,-1,-1,-1
185,"26/12/19, 21:07",roll_z_0_1pitch_y_0_7pitch_y_0_4roll_z_0_4roll_y_0_4roll_y_0_4,"[True, True, True, True]","[2.241, 2.266, 2.651, 2.465]",True,2.41,0.18,0.11,0.103
186,"26/12/19, 21:07",roll_z_0_1pitch_y_0_7pitch_y_0_4pitch_y_0_4roll_z_0_4roll_y_0_4,"[True, True, True, False]","[-1, -1, -1, -1]",False,-1,-1,-1,-1
187,"26/12/19, 21:07",roll_z_0_1roll_y_0_7pris_y_0_7roll_x_0_1roll_y_0_1pris_z_0_1,"[False, False, False, False]","[-1, -1, -1, -1]",False,-1,-1,-1,-1
188,"26/12/19, 21:07",roll_z_0_1pris_y_0_7pitch_y_0_7roll_z_0_7roll_y_0_7roll_y_0_7,"[False, False, False, False]","[-1, -1, -1, -1]",False,-1,-1,-1,-1
189,"26/12/19, 21:08",roll_z_0_1pitch_y_0_4pitch_y_0_1pitch_y_0_4pitch_y_0_1roll_z_0_7,"[True, True, True, True]","[2.306, 2.509, 3.813, 3.148]",True,2.94,0.043,0.121,0.065
190,"26/12/19, 21:08",roll_z_0_1pitch_y_0_7pitch_x_0_4roll_y_0_7pitch_y_0_7roll_z_0_7,"[True, True, True, True]","[3.92, 2.284, 2.618, 2.76]",True,2.9,0.17,0.119,0.089
191,"26/12/19, 21:08",roll_z_0_1roll_y_0_1pitch_y_0_7pitch_y_0_4pitch_y_0_4roll_z_0_4,"[True, True, True, True]","[1.689, 2.553, 2.726, 1.892]",True,2.22,0.176,0.117,0.1
192,"26/12/19, 21:09",roll_z_0_1pris_y_0_4pris_x_0_1pitch_y_0_7pitch_y_0_4pitch_y_0_4,"[False, False, False, False]","[-1, -1, -1, -1]",False,-1,-1,-1,-1
193,"26/12/19, 21:09",roll_z_0_1roll_y_0_4pitch_y_0_4pris_z_0_1pitch_y_0_4roll_x_0_1,"[False, False, False, False]","[-1, -1, -1, -1]",False,-1,-1,-1,-1
194,"26/12/19, 21:09",roll_z_0_1roll_y_0_4pitch_y_0_7pitch_y_0_4pitch_y_0_7pitch_y_0_7,"[True, True, True, True]","[1.615, 1.705, 2.666, 2.69]",True,2.17,0.189,0.114,0.105
195,"26/12/19, 21:09",roll_z_0_1pris_y_0_7roll_z_0_7pitch_y_0_7pitch_y_0_7pris_x_0_4,"[False, False, False, False]","[-1, -1, -1, -1]",False,-1,-1,-1,-1
196,"26/12/19, 21:09",roll_z_0_1pitch_y_0_4pitch_z_0_4pitch_z_0_4pitch_z_0_4pitch_z_0_4,"[True, True, True, True]","[2.28, 2.273, 2.556, 2.446]",True,2.39,0.209,0.125,0.101
197,"26/12/19, 21:10",roll_z_0_1pitch_y_0_4pitch_y_0_4pitch_x_0_4roll_y_0_4pris_y_0_1,"[False, False, False, False]","[-1, -1, -1, -1]",False,-1,-1,-1,-1
198,"26/12/19, 21:10",roll_z_0_1roll_y_0_4pitch_y_0_4pitch_y_0_7pitch_y_0_4pitch_y_0_7,"[True, True, True, False]","[-1, -1, -1, -1]",False,-1,-1,-1,-1
199,"26/12/19, 21:10",roll_z_0_1pitch_y_0_7pitch_z_0_7roll_z_0_1pitch_y_0_7pitch_z_0_7,"[True, True, True, True]","[2.563, 2.484, 2.557, 2.872]",True,2.62,0.165,0.119,0.089
200,"26/12/19, 21:10",roll_z_0_1roll_y_0_4pris_z_0_1roll_y_0_4roll_y_0_1pris_z_0_4,"[False, False, False, False]","[-1, -1, -1, -1]",False,-1,-1,-1,-1
201,"26/12/19, 21:11",roll_z_0_1roll_y_0_4pitch_y_0_1pitch_y_0_1pitch_z_0_1pitch_y_0_7,"[True, True, True, True]","[2.257, 2.469, 1.842, 2.668]",True,2.31,0.164,0.119,0.088
202,"26/12/19, 21:11",roll_z_0_1pitch_y_0_7pitch_y_0_7pitch_y_0_4pitch_y_0_4roll_z_0_4,"[True, True, True, True]","[2.265, 2.526, 2.042, 2.45]",True,2.32,0.202,0.118,0.117
203,"26/12/19, 21:11",roll_z_0_1pitch_y_0_7roll_y_0_4pitch_y_0_4pitch_y_0_4roll_z_0_7,"[True, True, True, True]","[1.643, 1.647, 2.651, 2.466]",True,2.1,0.183,0.109,0.112
204,"26/12/19, 21:12",roll_z_0_1pitch_y_0_7pitch_z_0_7pitch_z_0_7pitch_z_0_4pitch_x_0_7,"[True, True, True, True]","[2.244, 2.267, 2.668, 2.649]",True,2.46,0.19,0.111,0.108
205,"26/12/19, 21:12",roll_z_0_1pitch_y_0_7pitch_y_0_7pris_z_0_7pitch_y_0_7roll_x_0_7,"[False, False, False, False]","[-1, -1, -1, -1]",False,-1,-1,-1,-1
206,"26/12/19, 21:12",roll_z_0_1pris_y_0_7roll_z_0_7pitch_y_0_7pitch_x_0_7pitch_y_0_7,"[False, True, True, False]","[-1, -1, -1, -1]",False,-1,-1,-1,-1
207,"26/12/19, 21:12",roll_z_0_1roll_y_0_7pitch_y_0_7pitch_y_0_4pitch_y_0_4pitch_y_0_4,"[True, True, True, True]","[1.649, 1.846, 2.472, 2.67]",True,2.16,0.165,0.115,0.086
208,"26/12/19, 21:13",roll_z_0_1pris_z_0_1roll_y_0_7pris_z_0_7roll_y_0_7roll_y_0_1,"[False, False, False, False]","[-1, -1, -1, -1]",False,-1,-1,-1,-1
209,"26/12/19, 21:13",roll_z_0_1pitch_y_0_4roll_z_0_7pitch_y_0_4pitch_y_0_1pitch_y_0_1,"[True, True, True, True]","[1.673, 1.645, 2.713, 2.681]",True,2.18,0.193,0.122,0.105
210,"26/12/19, 21:13",roll_z_0_1pitch_y_0_1pitch_y_0_1pitch_y_0_4pitch_y_0_4pris_x_0_1,"[False, False, False, False]","[-1, -1, -1, -1]",False,-1,-1,-1,-1
211,"26/12/19, 21:13",roll_z_0_1pitch_y_0_7pitch_y_0_1pitch_y_0_4pitch_y_0_1pitch_x_0_4,"[True, True, True, True]","[1.707, 2.332, 2.659, 2.655]",True,2.34,0.191,0.116,0.104
212,"26/12/19, 21:13",roll_z_0_1roll_y_0_7pitch_y_0_1pitch_y_0_1pitch_y_0_4pris_x_0_1,"[False, False, False, True]","[-1, -1, -1, -1]",False,-1,-1,-1,-1
213,"26/12/19, 21:14",roll_z_0_1roll_y_0_1pitch_y_0_7pitch_y_0_1pitch_y_0_1roll_y_0_7,"[True, True, False, False]","[-1, -1, -1, -1]",False,-1,-1,-1,-1
214,"26/12/19, 21:14",roll_z_0_1pitch_y_0_7pitch_y_0_7pitch_y_0_1pitch_x_0_1roll_z_0_4,"[True, True, True, True]","[2.238, 2.491, 2.67, 2.486]",True,2.47,0.197,0.12,0.113
215,"26/12/19, 21:14",roll_z_0_1pitch_y_0_1pitch_x_0_7roll_x_0_1pitch_y_0_1pitch_y_0_4,"[True, True, False, False]","[-1, -1, -1, -1]",False,-1,-1,-1,-1
216,"26/12/19, 21:15",roll_z_0_1pitch_y_0_7pitch_z_0_7pitch_x_0_7roll_x_0_7roll_y_0_7,"[False, True, True, True]","[3.792, 2.549, 3.866, 3.734]",True,3.49,0.116,0.115,0.081
217,"26/12/19, 21:15",roll_z_0_1pris_y_0_4pitch_x_0_4pitch_z_0_4pris_y_0_4roll_y_0_4,"[False, False, False, False]","[-1, -1, -1, -1]",False,-1,-1,-1,-1
218,"26/12/19, 21:15",roll_z_0_1pitch_y_0_4pitch_y_0_4pitch_y_0_7pitch_y_0_4roll_x_0_1,"[True, True, True, True]","[2.47, 2.631, 2.258, 1.969]",True,2.33,0.197,0.112,0.114
219,"26/12/19, 21:15",roll_z_0_1pitch_y_0_1pitch_y_0_4pitch_z_0_4pitch_x_0_1pitch_x_0_1,"[True, False, False, False]","[-1, -1, -1, -1]",False,-1,-1,-1,-1
220,"26/12/19, 21:15",roll_z_0_1pitch_y_0_7pitch_y_0_7pris_y_0_7pitch_x_0_7pitch_x_0_7,"[False, False, False, False]","[-1, -1, -1, -1]",False,-1,-1,-1,-1
221,"26/12/19, 21:16",roll_z_0_1roll_y_0_1pitch_y_0_7pitch_y_0_4pitch_y_0_7roll_x_0_7,"[True, False, False, False]","[-1, -1, -1, -1]",False,-1,-1,-1,-1
222,"26/12/19, 21:16",roll_z_0_1pitch_y_0_1roll_x_0_1pitch_y_0_1pitch_y_0_7pitch_x_0_4,"[True, True, True, False]","[-1, -1, -1, -1]",False,-1,-1,-1,-1
223,"26/12/19, 21:16",roll_z_0_1pitch_y_0_1roll_y_0_7pitch_y_0_7pitch_y_0_7pitch_y_0_4,"[True, True, True, True]","[1.813, 1.97, 2.155, 2.319]",True,2.06,0.17,0.118,0.099
224,"26/12/19, 21:16",roll_z_0_1pitch_y_0_7pitch_z_0_7pitch_x_0_1pitch_z_0_1roll_y_0_1,"[True, False, True, True]","[2.335, 2.873, 2.629, 2.967]",True,2.7,0.162,0.104,0.093
225,"26/12/19, 21:17",roll_z_0_1roll_y_0_4roll_y_0_7pitch_y_0_7pitch_y_0_7pitch_x_0_4,"[True, True, True, True]","[2.332, 1.689, 2.855, 3.052]",True,2.48,0.198,0.114,0.114
226,"26/12/19, 21:17",roll_z_0_1pris_y_0_1pitch_y_0_4pitch_y_0_4pitch_y_0_7pris_z_0_4,"[False, False, False, False]","[-1, -1, -1, -1]",False,-1,-1,-1,-1
227,"26/12/19, 21:17",roll_z_0_1pitch_y_0_7pitch_y_0_4pitch_y_0_1pris_x_0_1roll_x_0_1,"[False, False, False, False]","[-1, -1, -1, -1]",False,-1,-1,-1,-1
228,"26/12/19, 21:18",roll_z_0_1pitch_y_0_1pitch_z_0_7pitch_y_0_7roll_y_0_7pitch_y_0_1,"[True, True, True, True]","[2.239, 2.505, 2.652, 2.649]",True,2.51,0.194,0.12,0.111
229,"26/12/19, 21:18",roll_z_0_1pitch_y_0_7pitch_y_0_1pitch_y_0_4pitch_y_0_7roll_x_0_1,"[True, True, True, True]","[2.16, 2.489, 2.668, 2.487]",True,2.45,0.195,0.119,0.114
230,"26/12/19, 21:18",roll_z_0_1pitch_y_0_4pitch_y_0_4roll_x_0_1pitch_y_0_7roll_y_0_4,"[True, True, False, False]","[-1, -1, -1, -1]",False,-1,-1,-1,-1
231,"26/12/19, 21:18",roll_z_0_1roll_y_0_4pitch_y_0_7pitch_y_0_7pitch_x_0_7roll_z_0_4,"[True, True, True, True]","[1.83, 2.268, 2.666, 1.844]",True,2.15,0.198,0.114,0.119
232,"26/12/19, 21:19",roll_z_0_1pris_z_0_7pitch_y_0_4pitch_y_0_7pris_z_0_7pris_y_0_4,"[False, False, False, False]","[-1, -1, -1, -1]",False,-1,-1,-1,-1
233,"26/12/19, 21:19",roll_z_0_1pitch_y_0_4pitch_x_0_4pitch_z_0_1pitch_z_0_4pitch_x_0_7,"[True, True, False, False]","[-1, -1, -1, -1]",False,-1,-1,-1,-1
234,"26/12/19, 21:19",roll_z_0_1roll_y_0_7roll_y_0_4roll_y_0_7pris_y_0_7roll_y_0_7,"[False, False, False, False]","[-1, -1, -1, -1]",False,-1,-1,-1,-1
235,"26/12/19, 21:19",roll_z_0_1roll_y_0_7roll_y_0_1pris_y_0_7roll_y_0_7pris_y_0_1,"[False, False, False, False]","[-1, -1, -1, -1]",False,-1,-1,-1,-1
236,"26/12/19, 21:20",roll_z_0_1roll_y_0_7roll_y_0_4roll_y_0_4roll_y_0_7roll_y_0_7,"[True, True, True, True]","[1.663, 2.481, 2.472, 2.046]",True,2.17,0.15,0.12,0.077
237,"26/12/19, 21:20",roll_z_0_1pitch_y_0_1pitch_y_0_7pitch_z_0_4roll_z_0_1roll_y_0_4,"[True, True, True, True]","[2.257, 2.593, 2.682, 2.072]",True,2.4,0.178,0.119,0.097
238,"26/12/19, 21:20",roll_z_0_1pitch_y_0_7pitch_y_0_1pitch_y_0_7pitch_z_0_7pitch_x_0_7,"[True, True, True, True]","[2.351, 2.234, 2.474, 2.7]",True,2.44,0.16,0.11,0.087
239,"26/12/19, 21:20",roll_z_0_1pris_z_0_7pitch_y_0_7pitch_y_0_1pris_y_0_7pris_x_0_4,"[False, False, False, False]","[-1, -1, -1, -1]",False,-1,-1,-1,-1
240,"26/12/19, 21:21",roll_z_0_1pitch_y_0_7pitch_y_0_4pitch_z_0_7roll_z_0_7pris_z_0_7,"[False, False, False, True]","[-1, -1, -1, -1]",False,-1,-1,-1,-1
241,"26/12/19, 21:21",roll_z_0_1pitch_y_0_4pris_z_0_7pitch_y_0_1pitch_y_0_4pris_x_0_4,"[False, False, False, False]","[-1, -1, -1, -1]",False,-1,-1,-1,-1
242,"26/12/19, 21:21",roll_z_0_1roll_y_0_7roll_y_0_1pris_y_0_1pris_y_0_7roll_y_0_7,"[False, False, False, False]","[-1, -1, -1, -1]",False,-1,-1,-1,-1
243,"26/12/19, 21:21",roll_z_0_1roll_y_0_4pitch_y_0_1pitch_y_0_1pitch_x_0_7roll_y_0_1,"[True, True, True, True]","[4.058, 2.501, 5.219, 2.686]",True,3.62,0.109,0.125,0.114
244,"26/12/19, 21:22",roll_z_0_1pitch_y_0_4pitch_y_0_1pitch_y_0_7pitch_y_0_4pris_z_0_7,"[False, False, True, True]","[-1, -1, -1, -1]",False,-1,-1,-1,-1
245,"26/12/19, 21:22",roll_z_0_1pitch_y_0_4pitch_y_0_7pitch_y_0_4pitch_y_0_7roll_z_0_4,"[True, True, True, True]","[2.268, 2.59, 1.917, 2.102]",True,2.22,0.166,0.125,0.081
246,"26/12/19, 21:22",roll_z_0_1pitch_y_0_1pitch_y_0_1pitch_y_0_1pitch_y_0_4pris_x_0_4,"[False, False, True, False]","[-1, -1, -1, -1]",False,-1,-1,-1,-1
247,"26/12/19, 21:22",roll_z_0_1pitch_y_0_4pitch_x_0_7pitch_y_0_7pitch_y_0_1pitch_y_0_7,"[True, True, True, True]","[2.492, 1.943, 2.856, 2.229]",True,2.38,0.175,0.119,0.096
248,"26/12/19, 21:23",roll_z_0_1pitch_y_0_4roll_x_0_7pitch_y_0_4pitch_x_0_7roll_z_0_4,"[True, True, True, True]","[6.229, 4.491, 6.641, 2.69]",True,5.01,0.17,0.098,0.126
249,"26/12/19, 21:23",roll_z_0_1roll_y_0_7pitch_y_0_4roll_y_0_4pitch_y_0_1pitch_y_0_4,"[True, True, True, True]","[2.356, 2.077, 1.996, 2.277]",True,2.18,0.161,0.113,0.085
250,"26/12/19, 21:23",roll_z_0_1pitch_y_0_4pitch_z_0_7pitch_z_0_7pitch_x_0_4pitch_x_0_7,"[True, True, True, True]","[2.334, 2.547, 2.543, 2.735]",True,2.54,0.161,0.118,0.091
251,"26/12/19, 21:24",roll_z_0_1roll_y_0_7roll_y_0_1roll_y_0_4roll_y_0_1roll_y_0_4,"[True, False, True, True]","[2.249, 2.703, 2.315, 2.669]",True,2.48,0.195,0.115,0.1
252,"26/12/19, 21:24",roll_z_0_1pitch_y_0_1pitch_y_0_7pitch_y_0_1pitch_x_0_1roll_z_0_7,"[True, False, True, True]","[2.287, 3.259, 2.096, 2.667]",True,2.58,0.163,0.11,0.088
253,"26/12/19, 21:24",roll_z_0_1roll_y_0_7pris_z_0_4roll_y_0_4roll_y_0_7roll_y_0_1,"[False, False, False, False]","[-1, -1, -1, -1]",False,-1,-1,-1,-1
254,"26/12/19, 21:25",roll_z_0_1pitch_y_0_4pitch_z_0_4roll_x_0_4pitch_y_0_1pitch_z_0_4,"[True, True, True, True]","[1.643, 2.465, 2.579, 2.469]",True,2.29,0.179,0.119,0.092
255,"26/12/19, 21:25",roll_z_0_1pitch_y_0_7pitch_y_0_4pitch_y_0_4pitch_z_0_7pitch_z_0_4,"[True, True, False, True]","[2.273, 2.492, 5.697, 2.517]",True,3.24,0.156,0.119,0.1
256,"26/12/19, 21:25",roll_z_0_1pris_z_0_7pitch_y_0_4pitch_y_0_7roll_z_0_7pris_z_0_7,"[False, False, False, False]","[-1, -1, -1, -1]",False,-1,-1,-1,-1
257,"26/12/19, 21:25",roll_z_0_1roll_y_0_1pitch_y_0_4pris_z_0_4pitch_y_0_4roll_y_0_1,"[False, False, False, False]","[-1, -1, -1, -1]",False,-1,-1,-1,-1
258,"26/12/19, 21:25",roll_z_0_1roll_y_0_7pris_y_0_1pris_y_0_7roll_y_0_1roll_y_0_1,"[False, False, False, False]","[-1, -1, -1, -1]",False,-1,-1,-1,-1
259,"26/12/19, 21:26",roll_z_0_1pitch_y_0_4pitch_z_0_7pitch_x_0_4pitch_z_0_4pitch_y_0_7,"[False, False, False, False]","[-1, -1, -1, -1]",False,-1,-1,-1,-1
260,"26/12/19, 21:26",roll_z_0_1pitch_y_0_7pitch_y_0_4pitch_z_0_7pitch_z_0_7roll_z_0_7,"[True, True, False, False]","[-1, -1, -1, -1]",False,-1,-1,-1,-1
261,"26/12/19, 21:26",roll_z_0_1pitch_y_0_1pitch_y_0_1pitch_y_0_7pitch_y_0_1pris_x_0_1,"[False, False, False, False]","[-1, -1, -1, -1]",False,-1,-1,-1,-1
262,"26/12/19, 21:27",roll_z_0_1roll_y_0_1pitch_y_0_7pitch_y_0_7pitch_z_0_7roll_y_0_7,"[True, True, False, False]","[-1, -1, -1, -1]",False,-1,-1,-1,-1
263,"26/12/19, 21:27",roll_z_0_1pitch_y_0_4pitch_x_0_7pitch_z_0_7pitch_x_0_7pitch_x_0_7,"[True, True, False, False]","[-1, -1, -1, -1]",False,-1,-1,-1,-1
264,"26/12/19, 21:27",roll_z_0_1pitch_y_0_4pitch_y_0_4pitch_x_0_4pitch_z_0_4pris_y_0_4,"[False, False, False, False]","[-1, -1, -1, -1]",False,-1,-1,-1,-1
265,"26/12/19, 21:27",roll_z_0_1pitch_y_0_7pitch_y_0_7pris_z_0_4pitch_y_0_4pitch_y_0_4,"[False, False, False, False]","[-1, -1, -1, -1]",False,-1,-1,-1,-1
266,"26/12/19, 21:27",roll_z_0_1roll_y_0_4roll_y_0_1pris_y_0_1roll_x_0_4pris_y_0_1,"[False, False, False, False]","[-1, -1, -1, -1]",False,-1,-1,-1,-1
267,"26/12/19, 21:28",roll_z_0_1pitch_y_0_1pitch_y_0_1pitch_y_0_7pitch_x_0_1roll_z_0_7,"[True, True, True, False]","[-1, -1, -1, -1]",False,-1,-1,-1,-1
268,"26/12/19, 21:28",roll_z_0_1pris_z_0_1roll_y_0_4pitch_y_0_1pitch_y_0_1roll_y_0_4,"[False, True, False, False]","[-1, -1, -1, -1]",False,-1,-1,-1,-1
269,"26/12/19, 21:28",roll_z_0_1pitch_y_0_4pitch_y_0_4roll_y_0_7roll_y_0_7roll_y_0_4,"[True, True, True, True]","[2.587, 2.271, 2.966, 2.512]",True,2.58,0.19,0.109,0.113
270,"26/12/19, 21:29",roll_z_0_1roll_y_0_7roll_y_0_4roll_y_0_1roll_y_0_1roll_y_0_7,"[True, True, True, False]","[-1, -1, -1, -1]",False,-1,-1,-1,-1
271,"26/12/19, 21:29",roll_z_0_1pris_y_0_1roll_y_0_1roll_y_0_1roll_y_0_7roll_y_0_7,"[False, False, False, False]","[-1, -1, -1, -1]",False,-1,-1,-1,-1
272,"26/12/19, 21:29",roll_z_0_1roll_y_0_7pitch_y_0_7roll_x_0_7roll_y_0_4roll_y_0_7,"[True, True, True, True]","[1.891, 2.599, 2.7, 2.961]",True,2.54,0.154,0.117,0.084
273,"26/12/19, 21:29",roll_z_0_1pitch_y_0_7pitch_x_0_7pitch_x_0_4pitch_z_0_7pitch_y_0_4,"[True, True, True, False]","[-1, -1, -1, -1]",False,-1,-1,-1,-1
274,"26/12/19, 21:30",roll_z_0_1pitch_y_0_1pitch_x_0_7pitch_x_0_7roll_y_0_1pitch_y_0_1,"[True, True, True, True]","[2.265, 2.787, 2.8, 2.169]",True,2.51,0.169,0.12,0.083
275,"26/12/19, 21:30",roll_z_0_1pitch_y_0_7pitch_z_0_1pitch_y_0_7pitch_y_0_7pitch_y_0_7,"[True, True, True, True]","[3.002, 1.884, 2.584, 2.722]",True,2.55,0.182,0.12,0.097
276,"26/12/19, 21:30",roll_z_0_1pitch_y_0_4pitch_y_0_4pitch_y_0_1pitch_y_0_1pitch_x_0_7,"[True, True, True, True]","[2.256, 2.272, 3.293, 6.55]",True,3.59,0.077,0.121,0.049
277,"26/12/19, 21:31",roll_z_0_1pitch_y_0_7pitch_y_0_4pitch_y_0_4pitch_z_0_1roll_x_0_4,"[True, True, True, True]","[2.257, 2.267, 2.028, 2.669]",True,2.31,0.161,0.115,0.086
278,"26/12/19, 21:31",roll_z_0_1pris_z_0_1pitch_y_0_1pitch_y_0_1pris_y_0_7pris_x_0_7,"[False, False, False, False]","[-1, -1, -1, -1]",False,-1,-1,-1,-1
279,"26/12/19, 21:31",roll_z_0_1pitch_y_0_7roll_y_0_7pitch_y_0_7pitch_x_0_7pris_y_0_7,"[False, False, True, True]","[-1, -1, -1, -1]",False,-1,-1,-1,-1
280,"26/12/19, 21:31",roll_z_0_1pris_y_0_4pitch_x_0_4pris_x_0_4roll_x_0_4pitch_y_0_4,"[False, False, False, False]","[-1, -1, -1, -1]",False,-1,-1,-1,-1
281,"26/12/19, 21:32",roll_z_0_1pris_z_0_1pris_y_0_1pitch_y_0_1pitch_y_0_4pris_z_0_7,"[False, False, False, False]","[-1, -1, -1, -1]",False,-1,-1,-1,-1
282,"26/12/19, 21:32",roll_z_0_1pitch_y_0_7pitch_z_0_1pitch_y_0_1pitch_x_0_1pitch_z_0_7,"[True, False, False, False]","[-1, -1, -1, -1]",False,-1,-1,-1,-1
283,"26/12/19, 21:32",roll_z_0_1roll_y_0_7roll_y_0_4pitch_y_0_7pitch_y_0_7pitch_x_0_4,"[True, False, False, False]","[-1, -1, -1, -1]",False,-1,-1,-1,-1
284,"26/12/19, 21:32",roll_z_0_1roll_y_0_7roll_y_0_4roll_y_0_4roll_y_0_4pitch_y_0_7,"[True, True, True, False]","[-1, -1, -1, -1]",False,-1,-1,-1,-1
285,"26/12/19, 21:32",roll_z_0_1pitch_y_0_1pitch_y_0_1pitch_z_0_1pitch_y_0_7pitch_x_0_7,"[True, True, True, True]","[2.252, 2.245, 2.473, 1.843]",True,2.2,0.202,0.125,0.109
286,"26/12/19, 21:33",roll_z_0_1roll_y_0_7roll_y_0_7pitch_y_0_7pris_z_0_7roll_y_0_1,"[False, False, False, False]","[-1, -1, -1, -1]",False,-1,-1,-1,-1
287,"26/12/19, 21:33",roll_z_0_1roll_y_0_4roll_y_0_7roll_y_0_7pris_y_0_7roll_z_0_7,"[False, False, False, False]","[-1, -1, -1, -1]",False,-1,-1,-1,-1
288,"26/12/19, 21:33",roll_z_0_1pris_z_0_7roll_y_0_1roll_y_0_7pris_y_0_7roll_x_0_1,"[False, False, False, False]","[-1, -1, -1, -1]",False,-1,-1,-1,-1
289,"26/12/19, 21:33",roll_z_0_1pitch_y_0_1pitch_y_0_7pitch_y_0_4roll_z_0_1pris_y_0_1,"[False, False, False, True]","[-1, -1, -1, -1]",False,-1,-1,-1,-1
290,"26/12/19, 21:34",roll_z_0_1pitch_y_0_7pitch_y_0_4pitch_y_0_7pitch_y_0_4pris_z_0_4,"[False, False, False, True]","[-1, -1, -1, -1]",False,-1,-1,-1,-1
291,"26/12/19, 21:34",roll_z_0_1pitch_y_0_4pitch_y_0_4pitch_y_0_7pitch_z_0_1roll_z_0_7,"[True, True, True, True]","[2.264, 2.46, 2.862, 1.985]",True,2.39,0.176,0.111,0.107
292,"26/12/19, 21:34",roll_z_0_1pitch_y_0_7pitch_y_0_4pitch_y_0_4pitch_z_0_4roll_y_0_7,"[True, True, True, True]","[2.411, 2.712, 2.443, 2.684]",True,2.56,0.162,0.117,0.09
293,"26/12/19, 21:34",roll_z_0_1pitch_y_0_4roll_z_0_4pitch_y_0_4pitch_z_0_1pitch_z_0_1,"[True, True, True, True]","[1.633, 1.907, 3.095, 2.666]",True,2.33,0.12,0.118,0.121
294,"26/12/19, 21:35",roll_z_0_1pitch_y_0_4pris_z_0_4pitch_y_0_4pitch_x_0_4pitch_y_0_4,"[False, False, False, False]","[-1, -1, -1, -1]",False,-1,-1,-1,-1
295,"26/12/19, 21:35",roll_z_0_1pitch_y_0_1pitch_y_0_7pitch_y_0_1pitch_y_0_7pris_x_0_7,"[False, False, False, False]","[-1, -1, -1, -1]",False,-1,-1,-1,-1
296,"26/12/19, 21:35",roll_z_0_1pris_z_0_7pitch_y_0_4pitch_y_0_4pris_x_0_4pris_x_0_4,"[False, False, False, False]","[-1, -1, -1, -1]",False,-1,-1,-1,-1
297,"26/12/19, 21:35",roll_z_0_1pris_y_0_4pitch_y_0_1pitch_y_0_7pitch_y_0_4pris_y_0_4,"[False, False, False, False]","[-1, -1, -1, -1]",False,-1,-1,-1,-1
298,"26/12/19, 21:35",roll_z_0_1roll_y_0_1pitch_y_0_7pitch_y_0_7pitch_x_0_7roll_x_0_7,"[True, True, False, False]","[-1, -1, -1, -1]",False,-1,-1,-1,-1
299,"26/12/19, 21:36",roll_z_0_1roll_y_0_4roll_y_0_7pitch_y_0_1pitch_y_0_1roll_y_0_7,"[True, True, True, False]","[-1, -1, -1, -1]",False,-1,-1,-1,-1
300,"26/12/19, 21:36",roll_z_0_1pris_y_0_4pitch_y_0_4pitch_y_0_7pitch_y_0_4pris_x_0_1,"[False, False, False, False]","[-1, -1, -1, -1]",False,-1,-1,-1,-1
301,"26/12/19, 21:36",roll_z_0_1pitch_y_0_1pris_y_0_1pitch_y_0_7pitch_y_0_7pitch_z_0_7,"[False, False, False, False]","[-1, -1, -1, -1]",False,-1,-1,-1,-1
302,"26/12/19, 21:37",roll_z_0_1pitch_y_0_1pitch_y_0_4roll_x_0_1pitch_y_0_4pitch_x_0_1,"[True, False, True, True]","[4.719, 3.233, 1.892, 2.501]",True,3.09,0.074,0.125,0.044
303,"26/12/19, 21:37",roll_z_0_1pitch_y_0_4roll_z_0_7roll_y_0_7roll_y_0_4roll_y_0_4,"[True, True, False, False]","[-1, -1, -1, -1]",False,-1,-1,-1,-1
304,"26/12/19, 21:37",roll_z_0_1pitch_y_0_4pitch_x_0_4roll_z_0_7pitch_y_0_7pitch_x_0_4,"[True, True, True, True]","[2.235, 2.268, 2.388, 2.667]",True,2.39,0.196,0.113,0.109
305,"26/12/19, 21:37",roll_z_0_1pris_y_0_1roll_z_0_4pitch_y_0_1pitch_y_0_4roll_x_0_4,"[False, False, False, False]","[-1, -1, -1, -1]",False,-1,-1,-1,-1
306,"26/12/19, 21:38",roll_z_0_1roll_y_0_4pitch_y_0_4pitch_y_0_7pitch_y_0_7pris_z_0_4,"[False, False, False, False]","[-1, -1, -1, -1]",False,-1,-1,-1,-1
307,"26/12/19, 21:38",roll_z_0_1pitch_y_0_7roll_x_0_7pitch_y_0_1pitch_z_0_7pitch_z_0_7,"[True, True, False, True]","[2.034, 2.488, 4.598, 3.482]",True,3.15,0.154,0.124,0.098
308,"26/12/19, 21:38",roll_z_0_1pris_z_0_7pitch_y_0_7pris_z_0_4pitch_y_0_7pris_z_0_7,"[False, False, False, False]","[-1, -1, -1, -1]",False,-1,-1,-1,-1
309,"26/12/19, 21:38",roll_z_0_1pris_y_0_7pris_x_0_1pitch_y_0_1pitch_y_0_7pris_y_0_7,"[False, False, False, False]","[-1, -1, -1, -1]",False,-1,-1,-1,-1
310,"26/12/19, 21:39",roll_z_0_1pitch_y_0_1roll_y_0_1pitch_y_0_7roll_z_0_7pitch_y_0_7,"[True, True, True, False]","[-1, -1, -1, -1]",False,-1,-1,-1,-1
311,"26/12/19, 21:39",roll_z_0_1roll_y_0_4pitch_y_0_1roll_x_0_1pitch_y_0_4roll_x_0_4,"[True, True, False, False]","[-1, -1, -1, -1]",False,-1,-1,-1,-1
312,"26/12/19, 21:39",roll_z_0_1pitch_y_0_4pitch_y_0_7pitch_y_0_7pitch_y_0_7pris_y_0_7,"[False, False, False, True]","[-1, -1, -1, -1]",False,-1,-1,-1,-1
313,"26/12/19, 21:39",roll_z_0_1pris_z_0_7pris_y_0_4roll_y_0_7roll_y_0_4roll_y_0_4,"[False, False, False, False]","[-1, -1, -1, -1]",False,-1,-1,-1,-1
314,"26/12/19, 21:40",roll_z_0_1pris_z_0_7pitch_y_0_7pitch_y_0_7pitch_z_0_7pris_y_0_7,"[False, False, False, False]","[-1, -1, -1, -1]",False,-1,-1,-1,-1
315,"26/12/19, 21:40",roll_z_0_1pris_y_0_7roll_z_0_7roll_y_0_7roll_y_0_7pitch_y_0_7,"[False, False, False, False]","[-1, -1, -1, -1]",False,-1,-1,-1,-1
316,"26/12/19, 21:40",roll_z_0_1pitch_y_0_1pitch_z_0_7pitch_y_0_1pitch_x_0_1pitch_z_0_1,"[True, False, True, True]","[1.816, 1.504, 2.157, 1.926]",True,1.85,0.205,0.125,0.101
317,"26/12/19, 21:40",roll_z_0_1roll_y_0_7pitch_y_0_1roll_x_0_7roll_y_0_7pris_z_0_7,"[False, False, False, False]","[-1, -1, -1, -1]",False,-1,-1,-1,-1
318,"26/12/19, 21:41",roll_z_0_1pitch_y_0_7pitch_y_0_7roll_y_0_7pitch_y_0_7roll_y_0_1,"[True, True, True, True]","[2.595, 2.314, 2.11, 2.984]",True,2.5,0.2,0.117,0.108
319,"26/12/19, 21:41",roll_z_0_1roll_y_0_4roll_y_0_7pitch_y_0_1pitch_y_0_1pitch_x_0_4,"[True, False, False, False]","[-1, -1, -1, -1]",False,-1,-1,-1,-1
320,"26/12/19, 21:41",roll_z_0_1pris_y_0_4pris_x_0_4roll_z_0_4roll_y_0_7roll_y_0_7,"[False, False, False, False]","[-1, -1, -1, -1]",False,-1,-1,-1,-1
321,"26/12/19, 21:41",roll_z_0_1pitch_y_0_1pitch_x_0_7pitch_y_0_7pitch_y_0_1roll_x_0_7,"[True, True, True, True]","[3.021, 3.395, 3.678, 2.721]",True,3.2,0.072,0.125,0.037
322,"26/12/19, 21:42",roll_z_0_1pris_z_0_7pitch_y_0_7pris_x_0_7pris_x_0_7pitch_z_0_7,"[False, False, False, False]","[-1, -1, -1, -1]",False,-1,-1,-1,-1
323,"26/12/19, 21:42",roll_z_0_1pitch_y_0_4pitch_x_0_7pitch_y_0_4pitch_z_0_7pitch_x_0_7,"[True, True, True, True]","[2.571, 2.592, 2.832, 3.17]",True,2.79,0.165,0.111,0.09
324,"26/12/19, 21:42",roll_z_0_1pitch_y_0_7pitch_y_0_4pitch_y_0_7pitch_x_0_4roll_x_0_4,"[True, True, True, True]","[2.452, 2.547, 1.877, 2.488]",True,2.34,0.21,0.113,0.109
325,"26/12/19, 21:42",roll_z_0_1roll_y_0_4pris_y_0_1roll_z_0_4roll_y_0_1pris_y_0_1,"[False, False, False, False]","[-1, -1, -1, -1]",False,-1,-1,-1,-1
326,"26/12/19, 21:43",roll_z_0_1pitch_y_0_4pitch_y_0_4pitch_z_0_1pitch_z_0_4roll_x_0_1,"[False, False, False, False]","[-1, -1, -1, -1]",False,-1,-1,-1,-1
327,"26/12/19, 21:43",roll_z_0_1roll_y_0_4pitch_y_0_7pitch_y_0_4pris_z_0_7pitch_y_0_4,"[False, False, False, False]","[-1, -1, -1, -1]",False,-1,-1,-1,-1
328,"26/12/19, 21:43",roll_z_0_1pitch_y_0_7pitch_y_0_7pitch_y_0_7roll_x_0_7roll_y_0_1,"[True, True, True, True]","[2.233, 2.491, 2.487, 2.669]",True,2.47,0.157,0.117,0.083
329,"26/12/19, 21:43",roll_z_0_1roll_y_0_1roll_y_0_7pitch_y_0_7pitch_x_0_1pitch_y_0_1,"[True, True, True, True]","[1.723, 1.849, 2.692, 2.67]",True,2.23,0.16,0.117,0.088
330,"26/12/19, 21:44",roll_z_0_1pris_y_0_1pitch_y_0_4pitch_y_0_7pris_z_0_7pris_x_0_7,"[False, False, False, False]","[-1, -1, -1, -1]",False,-1,-1,-1,-1
331,"26/12/19, 21:44",roll_z_0_1pitch_y_0_1pitch_y_0_4pitch_y_0_4pris_y_0_1pitch_x_0_1,"[False, False, False, False]","[-1, -1, -1, -1]",False,-1,-1,-1,-1
332,"26/12/19, 21:44",roll_z_0_1pitch_y_0_4pitch_y_0_1pitch_y_0_4pitch_x_0_4roll_x_0_7,"[True, False, False, False]","[-1, -1, -1, -1]",False,-1,-1,-1,-1
333,"26/12/19, 21:44",roll_z_0_1pitch_y_0_7pitch_x_0_1pitch_y_0_7pitch_z_0_1pitch_x_0_1,"[True, True, True, True]","[1.862, 2.259, 2.676, 2.476]",True,2.32,0.195,0.116,0.114
334,"26/12/19, 21:45",roll_z_0_1pitch_y_0_7pitch_x_0_7pitch_y_0_7pitch_y_0_7pitch_z_0_7,"[True, False, False, False]","[-1, -1, -1, -1]",False,-1,-1,-1,-1
335,"26/12/19, 21:45",roll_z_0_1pitch_y_0_7pitch_y_0_7pitch_y_0_7pris_y_0_7roll_y_0_7,"[False, False, False, False]","[-1, -1, -1, -1]",False,-1,-1,-1,-1
336,"26/12/19, 21:45",roll_z_0_1pris_z_0_4roll_y_0_7pitch_y_0_4pitch_y_0_4pitch_y_0_7,"[False, False, False, False]","[-1, -1, -1, -1]",False,-1,-1,-1,-1
337,"26/12/19, 21:45",roll_z_0_1roll_y_0_7roll_y_0_4pitch_y_0_7roll_y_0_1roll_y_0_7,"[True, True, True, True]","[1.574, 1.885, 2.042, 1.843]",True,1.84,0.166,0.12,0.092
338,"26/12/19, 21:46",roll_z_0_1pitch_y_0_7pitch_x_0_7pitch_z_0_1roll_x_0_7roll_y_0_7,"[True, True, True, True]","[2.27, 2.515, 2.683, 2.686]",True,2.54,0.176,0.119,0.1
339,"26/12/19, 21:46",roll_z_0_1pitch_y_0_1pitch_z_0_7pitch_y_0_1pitch_y_0_1roll_y_0_7,"[True, True, True, True]","[2.369, 2.495, 3.773, 2.509]",True,2.79,0.196,0.125,0.096
340,"26/12/19, 21:46",roll_z_0_1roll_y_0_1roll_y_0_7pitch_y_0_1pitch_z_0_7pitch_y_0_1,"[True, True, True, True]","[2.347, 2.292, 2.482, 2.743]",True,2.47,0.159,0.113,0.084
341,"26/12/19, 21:46",roll_z_0_1roll_y_0_4roll_y_0_7roll_y_0_7roll_y_0_4roll_y_0_1,"[True, True, True, True]","[1.798, 2.564, 2.534, 2.787]",True,2.42,0.159,0.117,0.081
342,"26/12/19, 21:47",roll_z_0_1roll_y_0_4roll_y_0_7pitch_y_0_4pitch_y_0_4roll_x_0_7,"[True, True, True, True]","[1.763, 1.885, 2.517, 2.539]",True,2.18,0.179,0.118,0.089
343,"26/12/19, 21:47",roll_z_0_1roll_y_0_4pitch_y_0_7pitch_y_0_7roll_z_0_7roll_y_0_7,"[True, True, True, False]","[-1, -1, -1, -1]",False,-1,-1,-1,-1
344,"26/12/19, 21:47",roll_z_0_1pitch_y_0_1pitch_x_0_7pitch_y_0_1pitch_x_0_1pitch_x_0_4,"[True, False, False, False]","[-1, -1, -1, -1]",False,-1,-1,-1,-1
345,"26/12/19, 21:47",roll_z_0_1pitch_y_0_7pris_z_0_7pitch_y_0_7pitch_x_0_7pris_z_0_7,"[False, False, False, False]","[-1, -1, -1, -1]",False,-1,-1,-1,-1
346,"26/12/19, 21:48",roll_z_0_1pitch_y_0_7pitch_y_0_7pitch_y_0_7pris_y_0_4roll_z_0_7,"[False, False, False, False]","[-1, -1, -1, -1]",False,-1,-1,-1,-1
347,"26/12/19, 21:48",roll_z_0_1pris_y_0_4roll_y_0_4pris_z_0_7roll_y_0_4roll_y_0_7,"[False, False, False, False]","[-1, -1, -1, -1]",False,-1,-1,-1,-1
348,"26/12/19, 21:48",roll_z_0_1pitch_y_0_4pitch_y_0_4pris_y_0_7pitch_y_0_4pitch_y_0_7,"[False, False, False, False]","[-1, -1, -1, -1]",False,-1,-1,-1,-1
349,"26/12/19, 21:48",roll_z_0_1pitch_y_0_1pitch_y_0_1pitch_y_0_4pitch_y_0_7roll_y_0_4,"[True, True, True, True]","[2.567, 2.811, 1.893, 2.853]",True,2.53,0.158,0.11,0.085
350,"26/12/19, 21:48",roll_z_0_1pitch_y_0_7pris_z_0_4pitch_y_0_4pitch_y_0_1pris_y_0_1,"[False, False, False, False]","[-1, -1, -1, -1]",False,-1,-1,-1,-1
351,"26/12/19, 21:49",roll_z_0_1pitch_y_0_7pitch_x_0_1pitch_y_0_1pitch_y_0_4pitch_y_0_4,"[True, True, True, True]","[2.268, 1.85, 2.648, 2.448]",True,2.3,0.198,0.119,0.114
352,"26/12/19, 21:49",roll_z_0_1pitch_y_0_7pitch_x_0_7pitch_z_0_7pitch_y_0_4pitch_z_0_4,"[True, True, True, True]","[2.454, 1.628, 2.475, 2.65]",True,2.3,0.182,0.125,0.09
353,"26/12/19, 21:49",roll_z_0_1roll_y_0_1pitch_y_0_4pitch_y_0_1pris_y_0_4roll_z_0_1,"[False, False, False, False]","[-1, -1, -1, -1]",False,-1,-1,-1,-1
354,"26/12/19, 21:50",roll_z_0_1pitch_y_0_7roll_y_0_7pitch_y_0_4roll_x_0_7roll_y_0_7,"[True, True, True, True]","[1.662, 2.27, 2.469, 2.667]",True,2.27,0.169,0.111,0.099
355,"26/12/19, 21:50",roll_z_0_1pris_y_0_1pitch_y_0_4pitch_y_0_1pitch_y_0_4pitch_z_0_1,"[False, False, False, False]","[-1, -1, -1, -1]",False,-1,-1,-1,-1
356,"26/12/19, 21:50",roll_z_0_1roll_y_0_1pris_z_0_7roll_y_0_1roll_y_0_1roll_y_0_7,"[False, False, False, False]","[-1, -1, -1, -1]",False,-1,-1,-1,-1
357,"26/12/19, 21:50",roll_z_0_1pitch_y_0_4pitch_y_0_4pris_y_0_4pitch_x_0_1roll_z_0_1,"[False, False, False, False]","[-1, -1, -1, -1]",False,-1,-1,-1,-1
358,"26/12/19, 21:50",roll_z_0_1pitch_y_0_1pitch_y_0_1pitch_y_0_7pitch_x_0_4pris_x_0_1,"[False, False, False, False]","[-1, -1, -1, -1]",False,-1,-1,-1,-1
359,"26/12/19, 21:51",roll_z_0_1pitch_y_0_1pitch_y_0_7pris_z_0_4pitch_y_0_4roll_z_0_1,"[False, False, False, False]","[-1, -1, -1, -1]",False,-1,-1,-1,-1
360,"26/12/19, 21:51",roll_z_0_1roll_y_0_4pitch_y_0_1pitch_y_0_7roll_x_0_7pitch_y_0_7,"[True, True, True, True]","[2.271, 1.903, 2.709, 2.468]",True,2.34,0.194,0.116,0.11
361,"26/12/19, 21:51",roll_z_0_1pitch_y_0_1pitch_y_0_4pitch_y_0_4roll_y_0_4pitch_y_0_1,"[True, True, True, True]","[1.63, 2.488, 2.47, 1.852]",True,2.11,0.198,0.118,0.119
362,"26/12/19, 21:51",roll_z_0_1pitch_y_0_7pitch_z_0_7pitch_y_0_7pitch_y_0_1pitch_y_0_4,"[True, True, True, True]","[2.274, 2.066, 2.06, 2.45]",True,2.21,0.167,0.108,0.104
363,"26/12/19, 21:52",roll_z_0_1pris_z_0_7pitch_y_0_1pitch_y_0_4pitch_y_0_4roll_z_0_4,"[False, False, False, False]","[-1, -1, -1, -1]",False,-1,-1,-1,-1
364,"26/12/19, 21:52",roll_z_0_1pitch_y_0_1pitch_y_0_4pitch_y_0_7pitch_z_0_4roll_z_0_4,"[True, True, True, True]","[1.64, 2.283, 2.489, 2.496]",True,2.23,0.17,0.11,0.104
365,"26/12/19, 21:52",roll_z_0_1pitch_y_0_1pitch_y_0_1pris_y_0_4roll_x_0_4roll_y_0_1,"[False, False, False, False]","[-1, -1, -1, -1]",False,-1,-1,-1,-1
366,"26/12/19, 21:52",roll_z_0_1pitch_y_0_7pitch_y_0_4pitch_x_0_7pitch_x_0_4roll_z_0_4,"[True, True, True, True]","[2.355, 2.364, 1.905, 2.47]",True,2.27,0.204,0.124,0.099
367,"26/12/19, 21:52",roll_z_0_1roll_y_0_7roll_y_0_4roll_y_0_1pris_z_0_1roll_y_0_1,"[False, False, False, False]","[-1, -1, -1, -1]",False,-1,-1,-1,-1
368,"26/12/19, 21:53",roll_z_0_1pitch_y_0_4pitch_y_0_7pitch_y_0_4pitch_x_0_1roll_z_0_4,"[True, True, True, True]","[2.303, 2.27, 2.306, 1.872]",True,2.19,0.193,0.11,0.11
369,"26/12/19, 21:53",roll_z_0_1pitch_y_0_4pitch_y_0_7pitch_x_0_4roll_x_0_7pitch_y_0_4,"[True, True, True, True]","[2.465, 2.546, 2.949, 2.748]",True,2.68,0.21,0.125,0.1
370,"26/12/19, 21:53",roll_z_0_1roll_y_0_7pitch_y_0_7pitch_x_0_7pitch_z_0_7roll_x_0_7,"[True, True, True, False]","[-1, -1, -1, -1]",False,-1,-1,-1,-1
371,"26/12/19, 21:54",roll_z_0_1pris_y_0_4pitch_y_0_4pitch_y_0_4pitch_y_0_7pitch_y_0_7,"[False, False, False, False]","[-1, -1, -1, -1]",False,-1,-1,-1,-1
372,"26/12/19, 21:54",roll_z_0_1pitch_y_0_4pitch_x_0_7pitch_x_0_7pitch_x_0_7pitch_x_0_7,"[True, True, False, True]","[2.637, 2.48, 3.942, 2.846]",True,2.98,0.253,0.111,0.157
373,"26/12/19, 21:54",roll_z_0_1roll_y_0_7roll_y_0_7pitch_y_0_4pitch_y_0_7pitch_y_0_7,"[True, True, True, True]","[2.266, 2.371, 2.861, 2.677]",True,2.54,0.163,0.118,0.084
374,"26/12/19, 21:54",roll_z_0_1pitch_y_0_4pitch_x_0_4roll_z_0_1roll_y_0_1roll_y_0_4,"[True, True, True, True]","[2.007, 1.857, 2.858, 3.273]",True,2.5,0.191,0.108,0.115
375,"26/12/19, 21:55",roll_z_0_1pitch_y_0_7pitch_y_0_7pitch_y_0_7pris_y_0_7roll_z_0_7,"[False, False, False, False]","[-1, -1, -1, -1]",False,-1,-1,-1,-1
376,"26/12/19, 21:55",roll_z_0_1pitch_y_0_1roll_y_0_7pitch_y_0_7pitch_y_0_7pris_x_0_7,"[False, False, False, False]","[-1, -1, -1, -1]",False,-1,-1,-1,-1
377,"26/12/19, 21:55",roll_z_0_1pris_z_0_7roll_y_0_1roll_y_0_1roll_y_0_7roll_y_0_1,"[False, False, False, False]","[-1, -1, -1, -1]",False,-1,-1,-1,-1
378,"26/12/19, 21:56",roll_z_0_1pitch_y_0_7pitch_y_0_4pitch_x_0_7pitch_y_0_4roll_y_0_4,"[True, True, True, True]","[2.162, 2.271, 2.468, 2.469]",True,2.34,0.202,0.125,0.097
379,"26/12/19, 21:56",roll_z_0_1pitch_y_0_7pitch_y_0_4roll_y_0_4roll_y_0_1roll_y_0_7,"[True, True, True, True]","[2.506, 1.658, 1.86, 2.11]",True,2.03,0.173,0.116,0.088
380,"26/12/19, 21:56",roll_z_0_1pitch_y_0_7pitch_y_0_7roll_z_0_4roll_y_0_4roll_y_0_4,"[True, True, True, True]","[2.331, 2.332, 2.083, 2.71]",True,2.36,0.169,0.11,0.098
381,"26/12/19, 21:56",roll_z_0_1pitch_y_0_1pitch_y_0_7pitch_z_0_7pitch_y_0_1roll_z_0_7,"[True, True, True, False]","[-1, -1, -1, -1]",False,-1,-1,-1,-1
382,"26/12/19, 21:57",roll_z_0_1roll_y_0_4pitch_y_0_7pitch_y_0_4pitch_z_0_4roll_y_0_1,"[True, True, True, True]","[1.867, 1.733, 2.688, 2.077]",True,2.09,0.17,0.111,0.095
383,"26/12/19, 21:57",roll_z_0_1pitch_y_0_1pitch_y_0_4pitch_y_0_7pitch_y_0_4pitch_z_0_1,"[True, True, True, True]","[1.697, 2.283, 2.68, 2.082]",True,2.19,0.192,0.125,0.096
384,"26/12/19, 21:57",roll_z_0_1pitch_y_0_1pitch_y_0_7pitch_y_0_4roll_z_0_4pris_z_0_1,"[False, False, False, False]","[-1, -1, -1, -1]",False,-1,-1,-1,-1
385,"26/12/19, 21:57",roll_z_0_1roll_y_0_7pitch_y_0_1pitch_y_0_7pitch_x_0_1roll_y_0_7,"[True, True, False, False]","[-1, -1, -1, -1]",False,-1,-1,-1,-1
386,"26/12/19, 21:58",roll_z_0_1pris_y_0_7pitch_y_0_7pitch_x_0_7pris_y_0_7pris_y_0_7,"[False, False, False, False]","[-1, -1, -1, -1]",False,-1,-1,-1,-1
387,"26/12/19, 21:58",roll_z_0_1pitch_y_0_4pitch_x_0_7pitch_z_0_7pitch_y_0_1pitch_x_0_7,"[True, False, False, False]","[-1, -1, -1, -1]",False,-1,-1,-1,-1
388,"26/12/19, 21:58",roll_z_0_1pitch_y_0_7pitch_y_0_1pitch_y_0_7roll_z_0_1roll_y_0_7,"[True, True, True, False]","[-1, -1, -1, -1]",False,-1,-1,-1,-1
389,"26/12/19, 21:58",roll_z_0_1pitch_y_0_7pitch_y_0_1pris_z_0_1pris_x_0_7pris_x_0_7,"[False, False, False, False]","[-1, -1, -1, -1]",False,-1,-1,-1,-1
390,"26/12/19, 21:58",roll_z_0_1pitch_y_0_4pitch_y_0_1pris_z_0_1pitch_y_0_1pitch_y_0_4,"[False, False, False, False]","[-1, -1, -1, -1]",False,-1,-1,-1,-1
391,"26/12/19, 21:59",roll_z_0_1roll_y_0_4roll_y_0_7roll_y_0_7roll_y_0_7roll_y_0_4,"[True, True, True, True]","[2.238, 2.562, 2.535, 2.783]",True,2.53,0.175,0.121,0.091
392,"26/12/19, 21:59",roll_z_0_1roll_y_0_7pitch_y_0_7roll_z_0_7roll_y_0_1roll_y_0_4,"[True, False, True, True]","[1.802, 3.969, 2.544, 2.677]",True,2.75,0.219,0.125,0.107
393,"26/12/19, 21:59",roll_z_0_1roll_y_0_7roll_y_0_4roll_y_0_4roll_y_0_1roll_y_0_1,"[True, True, True, True]","[1.771, 1.905, 2.19, 2.165]",True,2.01,0.199,0.121,0.109
394,"26/12/19, 21:59",roll_z_0_1pitch_y_0_7pitch_y_0_7pitch_y_0_7pris_x_0_7pris_x_0_7,"[False, False, False, False]","[-1, -1, -1, -1]",False,-1,-1,-1,-1
395,"26/12/19, 22:00",roll_z_0_1roll_y_0_7pris_z_0_7pitch_y_0_7pris_x_0_7pitch_x_0_7,"[False, False, False, False]","[-1, -1, -1, -1]",False,-1,-1,-1,-1
396,"26/12/19, 22:00",roll_z_0_1pris_z_0_1pitch_y_0_1pitch_y_0_7pitch_y_0_1pitch_y_0_4,"[False, False, False, False]","[-1, -1, -1, -1]",False,-1,-1,-1,-1
397,"26/12/19, 22:00",roll_z_0_1roll_y_0_7pitch_y_0_7pitch_y_0_4pitch_z_0_4roll_y_0_4,"[True, True, False, True]","[2.398, 1.892, 4.22, 2.64]",True,2.79,0.429,0.111,0.161
398,"26/12/19, 22:01",roll_z_0_1roll_y_0_7pitch_y_0_1pitch_x_0_4roll_x_0_1roll_y_0_1,"[True, False, False, False]","[-1, -1, -1, -1]",False,-1,-1,-1,-1
399,"26/12/19, 22:01",roll_z_0_1roll_y_0_7roll_y_0_1roll_y_0_4roll_y_0_7roll_y_0_7,"[True, True, True, True]","[2.398, 1.704, 2.084, 2.013]",True,2.05,0.215,0.112,0.121
400,"26/12/19, 22:01",roll_z_0_1pris_z_0_4pitch_y_0_4pitch_y_0_7pitch_z_0_4pitch_x_0_7,"[False, True, False, False]","[-1, -1, -1, -1]",False,-1,-1,-1,-1
