51,"09/04/20, 00:03",roll_z_0_1pitch_y_0_4pitch_y_0_7pitch_z_0_7pitch_y_0_7roll_y_0_1,"[True, True, True, True]","[2.251, 2.265, 2.849, 2.679]",True,2.51,0.087,0.003
52,"09/04/20, 00:03",roll_z_0_1pitch_y_0_7pris_x_0_7pris_y_0_7pitch_z_0_7pitch_x_0_1,"[False, False, False, False]","[-1, -1, -1, -1]",False,-1,-1,-1
53,"09/04/20, 00:03",roll_z_0_1pitch_y_0_1pitch_z_0_1pitch_z_0_7pitch_z_0_1roll_y_0_7,"[False, True, True, True]","[3.297, 2.457, 2.386, 2.474]",True,2.65,0.157,0.005
54,"09/04/20, 00:03",roll_z_0_1pitch_y_0_7pitch_y_0_1pris_z_0_4pitch_x_0_7pitch_y_0_1,"[False, False, False, False]","[-1, -1, -1, -1]",False,-1,-1,-1
55,"09/04/20, 00:04",roll_z_0_1roll_y_0_1pitch_y_0_7pitch_z_0_1roll_y_0_7pitch_y_0_7,"[True, True, False, True]","[2.154, 2.466, 1.394, 1.653]",True,1.92,0.382,0.001
56,"09/04/20, 00:04",roll_z_0_1pitch_y_0_7pitch_z_0_7pris_y_0_1pitch_y_0_7roll_y_0_7,"[False, False, False, False]","[-1, -1, -1, -1]",False,-1,-1,-1
57,"09/04/20, 00:04",roll_z_0_1pitch_y_0_7pitch_x_0_4pris_x_0_4pitch_y_0_4pitch_y_0_1,"[False, False, False, False]","[-1, -1, -1, -1]",False,-1,-1,-1
58,"09/04/20, 00:04",roll_z_0_1roll_y_0_4pitch_y_0_1pitch_x_0_4roll_x_0_1pitch_y_0_4,"[True, True, True, False]","[-1, -1, -1, -1]",False,-1,-1,-1
59,"09/04/20, 00:05",roll_z_0_1pris_y_0_4pitch_y_0_1pris_y_0_4pris_x_0_4pitch_z_0_4,"[False, False, False, False]","[-1, -1, -1, -1]",False,-1,-1,-1
60,"09/04/20, 00:05",roll_z_0_1pris_y_0_4roll_z_0_4roll_y_0_4pitch_y_0_1roll_y_0_4,"[False, False, False, False]","[-1, -1, -1, -1]",False,-1,-1,-1
61,"09/04/20, 00:05",roll_z_0_1pitch_y_0_1pris_z_0_7roll_y_0_1pitch_y_0_7roll_z_0_7,"[False, False, False, False]","[-1, -1, -1, -1]",False,-1,-1,-1
62,"09/04/20, 00:05",roll_z_0_1pris_y_0_7pitch_y_0_7pitch_z_0_7roll_z_0_7pris_y_0_7,"[False, False, False, False]","[-1, -1, -1, -1]",False,-1,-1,-1
63,"09/04/20, 00:05",roll_z_0_1pitch_y_0_1pris_x_0_7pitch_y_0_7roll_x_0_1pris_y_0_1,"[False, False, False, False]","[-1, -1, -1, -1]",False,-1,-1,-1
64,"09/04/20, 00:06",roll_z_0_1roll_y_0_7pris_z_0_7roll_y_0_1pitch_y_0_7roll_x_0_1,"[False, True, False, False]","[-1, -1, -1, -1]",False,-1,-1,-1
65,"09/04/20, 00:06",roll_z_0_1pitch_y_0_7pris_z_0_7pitch_x_0_4pitch_x_0_1pitch_y_0_7,"[False, False, False, False]","[-1, -1, -1, -1]",False,-1,-1,-1
66,"09/04/20, 00:06",roll_z_0_1pitch_y_0_1pitch_z_0_1pris_x_0_7pitch_z_0_4pitch_x_0_1,"[False, False, False, False]","[-1, -1, -1, -1]",False,-1,-1,-1
67,"09/04/20, 00:06",roll_z_0_1pitch_y_0_1roll_z_0_4pris_y_0_7pitch_y_0_1roll_x_0_7,"[False, False, False, False]","[-1, -1, -1, -1]",False,-1,-1,-1
68,"09/04/20, 00:06",roll_z_0_1pris_y_0_4pitch_y_0_4pris_y_0_7pris_x_0_1pitch_y_0_4,"[False, False, False, False]","[-1, -1, -1, -1]",False,-1,-1,-1
69,"09/04/20, 00:07",roll_z_0_1pitch_y_0_4pitch_y_0_4pitch_y_0_1roll_x_0_1pris_y_0_7,"[False, False, True, False]","[-1, -1, -1, -1]",False,-1,-1,-1
70,"09/04/20, 00:07",roll_z_0_1pitch_y_0_7pris_z_0_7pitch_y_0_1pris_y_0_4pris_x_0_7,"[False, False, False, False]","[-1, -1, -1, -1]",False,-1,-1,-1
71,"09/04/20, 00:07",roll_z_0_1pris_y_0_1pitch_z_0_4pris_y_0_4pitch_z_0_7roll_y_0_4,"[False, False, False, False]","[-1, -1, -1, -1]",False,-1,-1,-1
72,"09/04/20, 00:07",roll_z_0_1pris_y_0_7roll_x_0_7pitch_y_0_4pris_x_0_4roll_z_0_4,"[False, False, False, False]","[-1, -1, -1, -1]",False,-1,-1,-1
73,"09/04/20, 00:08",roll_z_0_1pris_y_0_4roll_y_0_4pitch_y_0_1pitch_y_0_7pitch_y_0_7,"[False, False, False, False]","[-1, -1, -1, -1]",False,-1,-1,-1
74,"09/04/20, 00:08",roll_z_0_1pris_y_0_7pitch_y_0_4pris_x_0_7pris_y_0_1roll_y_0_7,"[False, False, False, False]","[-1, -1, -1, -1]",False,-1,-1,-1
75,"09/04/20, 00:08",roll_z_0_1pitch_y_0_7pris_x_0_7pris_y_0_4pitch_z_0_4pris_x_0_7,"[False, False, False, False]","[-1, -1, -1, -1]",False,-1,-1,-1
76,"09/04/20, 00:08",roll_z_0_1roll_y_0_1pris_y_0_4roll_x_0_7pris_z_0_7roll_y_0_7,"[False, False, False, False]","[-1, -1, -1, -1]",False,-1,-1,-1
77,"09/04/20, 00:08",roll_z_0_1pris_y_0_7pitch_y_0_1pris_z_0_7pitch_x_0_7pris_x_0_7,"[False, False, False, False]","[-1, -1, -1, -1]",False,-1,-1,-1
78,"09/04/20, 00:09",roll_z_0_1pitch_y_0_7pitch_z_0_1pris_z_0_1pitch_x_0_7pris_z_0_7,"[False, False, False, False]","[-1, -1, -1, -1]",False,-1,-1,-1
79,"09/04/20, 00:09",roll_z_0_1pris_z_0_1pitch_y_0_4roll_z_0_7pitch_y_0_4pitch_y_0_1,"[False, False, False, False]","[-1, -1, -1, -1]",False,-1,-1,-1
80,"09/04/20, 00:09",roll_z_0_1pris_y_0_7roll_z_0_7roll_y_0_1roll_y_0_4roll_y_0_4,"[False, False, True, False]","[-1, -1, -1, -1]",False,-1,-1,-1
81,"09/04/20, 00:09",roll_z_0_1roll_y_0_7pris_y_0_1roll_x_0_1pris_y_0_1pris_y_0_1,"[False, False, False, False]","[-1, -1, -1, -1]",False,-1,-1,-1
82,"09/04/20, 00:09",roll_z_0_1pitch_y_0_7pitch_x_0_7pris_z_0_4pitch_z_0_1pitch_x_0_4,"[False, False, False, False]","[-1, -1, -1, -1]",False,-1,-1,-1
83,"09/04/20, 00:10",roll_z_0_1pris_y_0_7pitch_y_0_1pitch_y_0_7roll_x_0_1pris_z_0_7,"[False, False, False, False]","[-1, -1, -1, -1]",False,-1,-1,-1
84,"09/04/20, 00:10",roll_z_0_1pitch_y_0_4pitch_y_0_4pris_x_0_7roll_z_0_4pitch_y_0_1,"[False, False, False, False]","[-1, -1, -1, -1]",False,-1,-1,-1
85,"09/04/20, 00:10",roll_z_0_1pitch_y_0_4roll_x_0_1pris_y_0_4pris_x_0_7roll_x_0_4,"[False, False, False, False]","[-1, -1, -1, -1]",False,-1,-1,-1
86,"09/04/20, 00:10",roll_z_0_1pris_y_0_1pitch_x_0_1pitch_z_0_4pitch_x_0_4pitch_z_0_4,"[False, False, False, False]","[-1, -1, -1, -1]",False,-1,-1,-1
87,"09/04/20, 00:10",roll_z_0_1pris_y_0_1pitch_x_0_7pitch_z_0_1pitch_y_0_7roll_y_0_7,"[False, False, False, False]","[-1, -1, -1, -1]",False,-1,-1,-1
88,"09/04/20, 00:11",roll_z_0_1pris_y_0_7pitch_x_0_7pitch_y_0_1pris_x_0_4pitch_x_0_1,"[False, False, False, False]","[-1, -1, -1, -1]",False,-1,-1,-1
89,"09/04/20, 00:11",roll_z_0_1pris_y_0_4pitch_x_0_7roll_y_0_1pris_y_0_1pitch_x_0_7,"[False, False, False, False]","[-1, -1, -1, -1]",False,-1,-1,-1
90,"09/04/20, 00:11",roll_z_0_1pitch_y_0_7pris_z_0_4pitch_y_0_4pris_y_0_4pris_y_0_4,"[False, False, False, False]","[-1, -1, -1, -1]",False,-1,-1,-1
91,"09/04/20, 00:11",roll_z_0_1pitch_y_0_4roll_x_0_1pris_y_0_7pitch_x_0_7pitch_y_0_7,"[False, False, False, False]","[-1, -1, -1, -1]",False,-1,-1,-1
92,"09/04/20, 00:11",roll_z_0_1roll_y_0_7pris_y_0_1roll_y_0_4pris_y_0_1roll_z_0_7,"[False, False, False, False]","[-1, -1, -1, -1]",False,-1,-1,-1
93,"09/04/20, 00:12",roll_z_0_1pitch_y_0_1pitch_y_0_4roll_x_0_7pris_y_0_4roll_x_0_1,"[False, False, False, False]","[-1, -1, -1, -1]",False,-1,-1,-1
94,"09/04/20, 00:12",roll_z_0_1pitch_y_0_4pris_z_0_1roll_z_0_4pris_y_0_1roll_y_0_1,"[False, False, False, False]","[-1, -1, -1, -1]",False,-1,-1,-1
95,"09/04/20, 00:12",roll_z_0_1pris_y_0_7pitch_z_0_1pris_x_0_1pitch_x_0_7pitch_z_0_1,"[False, False, False, False]","[-1, -1, -1, -1]",False,-1,-1,-1
96,"09/04/20, 00:12",roll_z_0_1pris_y_0_7pris_x_0_7roll_y_0_7pitch_y_0_4pris_y_0_7,"[False, False, False, False]","[-1, -1, -1, -1]",False,-1,-1,-1
97,"09/04/20, 00:12",roll_z_0_1roll_y_0_1pitch_y_0_7pris_z_0_7pitch_y_0_4pitch_y_0_7,"[False, False, False, False]","[-1, -1, -1, -1]",False,-1,-1,-1
98,"09/04/20, 00:13",roll_z_0_1roll_y_0_1roll_y_0_7pris_y_0_7pitch_x_0_4roll_z_0_7,"[False, False, False, False]","[-1, -1, -1, -1]",False,-1,-1,-1
99,"09/04/20, 00:13",roll_z_0_1pitch_y_0_4pris_z_0_1roll_x_0_1pitch_y_0_1pitch_y_0_4,"[False, False, False, False]","[-1, -1, -1, -1]",False,-1,-1,-1
100,"09/04/20, 00:13",roll_z_0_1pris_z_0_7pitch_y_0_7pitch_x_0_7pris_y_0_1roll_y_0_7,"[False, False, False, False]","[-1, -1, -1, -1]",False,-1,-1,-1
101,"09/04/20, 00:13",roll_z_0_1pris_z_0_1pris_y_0_1pitch_x_0_1roll_y_0_7pris_z_0_1,"[False, False, False, False]","[-1, -1, -1, -1]",False,-1,-1,-1
102,"09/04/20, 00:14",roll_z_0_1roll_y_0_1roll_y_0_7pris_y_0_1pitch_y_0_1roll_y_0_7,"[False, False, False, False]","[-1, -1, -1, -1]",False,-1,-1,-1
103,"09/04/20, 00:14",roll_z_0_1pris_y_0_1pitch_z_0_7pitch_y_0_1pitch_y_0_1pris_y_0_7,"[False, False, False, False]","[-1, -1, -1, -1]",False,-1,-1,-1
104,"09/04/20, 00:14",roll_z_0_1pris_y_0_7pitch_y_0_7pitch_y_0_4roll_z_0_4pris_y_0_4,"[False, False, False, False]","[-1, -1, -1, -1]",False,-1,-1,-1
105,"09/04/20, 00:14",roll_z_0_1pitch_y_0_7pris_y_0_4roll_x_0_7pitch_y_0_7pris_x_0_7,"[False, False, False, False]","[-1, -1, -1, -1]",False,-1,-1,-1
106,"09/04/20, 00:14",roll_z_0_1pris_y_0_7pitch_x_0_7pris_y_0_7roll_y_0_1roll_y_0_7,"[False, False, False, False]","[-1, -1, -1, -1]",False,-1,-1,-1
107,"09/04/20, 00:15",roll_z_0_1pris_z_0_1pitch_y_0_4pris_z_0_4pitch_y_0_1pitch_z_0_1,"[False, False, False, False]","[-1, -1, -1, -1]",False,-1,-1,-1
108,"09/04/20, 00:15",roll_z_0_1pitch_y_0_1pitch_z_0_7pitch_y_0_7roll_x_0_1pitch_y_0_7,"[True, True, True, True]","[2.286, 2.449, 2.446, 2.648]",True,2.46,0.162,0.005
109,"09/04/20, 00:15",roll_z_0_1pitch_y_0_1pitch_z_0_7pitch_x_0_4pitch_z_0_1roll_x_0_1,"[True, True, True, True]","[1.652, 2.468, 2.048, 1.88]",True,2.01,0.155,0.005
110,"09/04/20, 00:15",roll_z_0_1pitch_y_0_7roll_y_0_4roll_y_0_7roll_y_0_4pris_z_0_4,"[False, False, False, False]","[-1, -1, -1, -1]",False,-1,-1,-1
111,"09/04/20, 00:16",roll_z_0_1pitch_y_0_4pitch_x_0_4pris_x_0_4pitch_y_0_4pris_z_0_7,"[False, False, False, False]","[-1, -1, -1, -1]",False,-1,-1,-1
112,"09/04/20, 00:16",roll_z_0_1pris_y_0_1pris_x_0_4roll_y_0_4pris_y_0_4roll_z_0_1,"[False, False, False, False]","[-1, -1, -1, -1]",False,-1,-1,-1
113,"09/04/20, 00:16",roll_z_0_1pitch_y_0_4pris_y_0_4roll_z_0_7roll_y_0_4roll_y_0_4,"[False, False, False, False]","[-1, -1, -1, -1]",False,-1,-1,-1
114,"09/04/20, 00:16",roll_z_0_1pitch_y_0_1pitch_z_0_1pitch_z_0_4pitch_z_0_7pitch_x_0_4,"[True, True, True, True]","[2.325, 2.274, 2.509, 2.473]",True,2.4,0.177,0.011
115,"09/04/20, 00:16",roll_z_0_1pitch_y_0_4pitch_y_0_7pris_x_0_7pris_x_0_7roll_z_0_1,"[False, False, False, False]","[-1, -1, -1, -1]",False,-1,-1,-1
116,"09/04/20, 00:17",roll_z_0_1pitch_y_0_1pris_y_0_7pitch_y_0_7pitch_z_0_7pitch_x_0_1,"[False, False, False, False]","[-1, -1, -1, -1]",False,-1,-1,-1
117,"09/04/20, 00:17",roll_z_0_1pris_z_0_1pris_y_0_1pitch_y_0_4pris_z_0_4roll_z_0_4,"[False, False, False, False]","[-1, -1, -1, -1]",False,-1,-1,-1
118,"09/04/20, 00:17",roll_z_0_1pitch_y_0_7pitch_y_0_1pitch_x_0_7roll_y_0_4roll_y_0_7,"[True, False, False, False]","[-1, -1, -1, -1]",False,-1,-1,-1
119,"09/04/20, 00:18",roll_z_0_1pris_z_0_4pris_y_0_7pitch_y_0_1pitch_x_0_1pitch_y_0_1,"[False, False, False, False]","[-1, -1, -1, -1]",False,-1,-1,-1
120,"09/04/20, 00:18",roll_z_0_1pitch_y_0_4pitch_y_0_7roll_x_0_4pris_y_0_7pitch_x_0_4,"[False, False, False, False]","[-1, -1, -1, -1]",False,-1,-1,-1
121,"09/04/20, 00:18",roll_z_0_1roll_y_0_4roll_y_0_1pitch_y_0_4pitch_x_0_4roll_z_0_7,"[True, True, False, False]","[-1, -1, -1, -1]",False,-1,-1,-1
122,"09/04/20, 00:18",roll_z_0_1pitch_y_0_1pitch_y_0_7pitch_x_0_1pitch_y_0_1pris_z_0_7,"[False, False, False, True]","[-1, -1, -1, -1]",False,-1,-1,-1
123,"09/04/20, 00:18",roll_z_0_1pitch_y_0_1pitch_y_0_1pris_y_0_7pitch_y_0_1pris_x_0_4,"[False, False, False, False]","[-1, -1, -1, -1]",False,-1,-1,-1
1,"09/04/20, 00:20",roll_z_0_1pitch_y_0_1pris_z_0_7roll_z_0_1pitch_y_0_7roll_z_0_7,"[False, False, False, False]","[-1, -1, -1, -1]",False,-1,-1,-1
2,"09/04/20, 00:20",roll_z_0_1pitch_y_0_4pris_y_0_4roll_z_0_7roll_y_0_1roll_y_0_4,"[False, False, False, False]","[-1, -1, -1, -1]",False,-1,-1,-1
3,"09/04/20, 00:20",roll_z_0_1roll_y_0_1pris_z_0_4pris_y_0_4pris_x_0_4roll_x_0_4,"[False, False, False, False]","[-1, -1, -1, -1]",False,-1,-1,-1
4,"09/04/20, 00:20",roll_z_0_1pitch_y_0_7pitch_y_0_1pris_z_0_4pitch_x_0_7pitch_x_0_1,"[False, False, False, False]","[-1, -1, -1, -1]",False,-1,-1,-1
5,"09/04/20, 00:20",roll_z_0_1pitch_y_0_7pitch_x_0_7pitch_z_0_7pris_z_0_1pitch_x_0_7,"[False, False, False, False]","[-1, -1, -1, -1]",False,-1,-1,-1
6,"09/04/20, 00:21",roll_z_0_1pris_z_0_4pitch_y_0_7pitch_z_0_4pitch_y_0_7pitch_y_0_4,"[False, False, False, False]","[-1, -1, -1, -1]",False,-1,-1,-1
7,"09/04/20, 00:21",roll_z_0_1pitch_y_0_7pitch_x_0_1pitch_y_0_1pitch_x_0_7pris_x_0_1,"[False, False, False, False]","[-1, -1, -1, -1]",False,-1,-1,-1
8,"09/04/20, 00:21",roll_z_0_1pitch_y_0_1pitch_x_0_7pitch_x_0_7roll_y_0_1roll_y_0_1,"[True, True, True, True]","[2.276, 2.255, 2.515, 2.458]",True,2.38,0.208,0.003
9,"09/04/20, 00:21",roll_z_0_1pitch_y_0_7pitch_y_0_7roll_z_0_7pitch_y_0_1roll_x_0_4,"[True, True, True, True]","[2.277, 2.507, 1.883, 2.481]",True,2.29,0.159,0.004
10,"09/04/20, 00:21",roll_z_0_1pris_y_0_4pitch_y_0_1pitch_z_0_1pitch_y_0_1roll_z_0_4,"[False, False, False, False]","[-1, -1, -1, -1]",False,-1,-1,-1
11,"09/04/20, 00:22",roll_z_0_1pitch_y_0_4pris_z_0_4pitch_z_0_1pris_z_0_1pitch_x_0_4,"[False, False, False, False]","[-1, -1, -1, -1]",False,-1,-1,-1
12,"09/04/20, 00:22",roll_z_0_1pitch_y_0_1pitch_y_0_4pris_y_0_7pris_y_0_4pitch_x_0_1,"[False, False, False, False]","[-1, -1, -1, -1]",False,-1,-1,-1
13,"09/04/20, 00:22",roll_z_0_1pris_z_0_7roll_y_0_1roll_y_0_1pitch_y_0_4pris_z_0_1,"[False, False, False, False]","[-1, -1, -1, -1]",False,-1,-1,-1
14,"09/04/20, 00:22",roll_z_0_1pitch_y_0_4pitch_x_0_4pitch_y_0_4roll_z_0_7pitch_y_0_4,"[True, True, True, False]","[-1, -1, -1, -1]",False,-1,-1,-1
15,"09/04/20, 00:23",roll_z_0_1pitch_y_0_4pris_z_0_4pitch_x_0_7pitch_z_0_4roll_x_0_4,"[False, False, False, False]","[-1, -1, -1, -1]",False,-1,-1,-1
16,"09/04/20, 00:23",roll_z_0_1pitch_y_0_4pris_z_0_1roll_x_0_4pris_y_0_1roll_y_0_1,"[False, False, False, False]","[-1, -1, -1, -1]",False,-1,-1,-1
17,"09/04/20, 00:23",roll_z_0_1pris_y_0_4pitch_y_0_4pris_x_0_7pris_x_0_1pitch_y_0_4,"[False, False, False, False]","[-1, -1, -1, -1]",False,-1,-1,-1
18,"09/04/20, 00:23",roll_z_0_1pitch_y_0_1pitch_y_0_1pris_z_0_7pris_y_0_1roll_z_0_7,"[False, False, False, False]","[-1, -1, -1, -1]",False,-1,-1,-1
19,"09/04/20, 00:23",roll_z_0_1pris_y_0_7roll_z_0_7pitch_y_0_4pris_x_0_4roll_z_0_4,"[False, False, False, False]","[-1, -1, -1, -1]",False,-1,-1,-1
20,"09/04/20, 00:24",roll_z_0_1roll_y_0_7pris_y_0_1roll_y_0_1pris_y_0_1pris_y_0_1,"[False, False, False, False]","[-1, -1, -1, -1]",False,-1,-1,-1
21,"09/04/20, 00:24",roll_z_0_1pris_y_0_1pitch_z_0_1pitch_z_0_1pitch_x_0_1pris_y_0_7,"[False, False, False, False]","[-1, -1, -1, -1]",False,-1,-1,-1
22,"09/04/20, 00:24",roll_z_0_1pitch_y_0_4pitch_y_0_7roll_x_0_4pris_y_0_7pitch_z_0_4,"[False, False, False, False]","[-1, -1, -1, -1]",False,-1,-1,-1
23,"09/04/20, 00:24",roll_z_0_1roll_y_0_1pitch_y_0_4pitch_x_0_1roll_z_0_4roll_y_0_7,"[True, True, True, True]","[2.911, 2.831, 3.289, 6.68]",True,3.93,0.121,0.009
24,"09/04/20, 00:24",roll_z_0_1pris_y_0_4pitch_x_0_4pitch_x_0_4pitch_y_0_7pitch_z_0_7,"[False, False, False, False]","[-1, -1, -1, -1]",False,-1,-1,-1
25,"09/04/20, 00:25",roll_z_0_1pris_y_0_4roll_y_0_4pitch_y_0_1pitch_y_0_4roll_x_0_1,"[False, False, False, False]","[-1, -1, -1, -1]",False,-1,-1,-1
26,"09/04/20, 00:25",roll_z_0_1pitch_y_0_4pitch_z_0_4pris_x_0_7roll_x_0_4roll_y_0_7,"[False, False, False, False]","[-1, -1, -1, -1]",False,-1,-1,-1
27,"09/04/20, 00:25",roll_z_0_1roll_y_0_7pitch_y_0_1pitch_x_0_1pitch_z_0_7pitch_z_0_7,"[True, True, True, True]","[2.927, 2.251, 2.497, 4.546]",True,3.06,0.126,0.004
28,"09/04/20, 00:26",roll_z_0_1pitch_y_0_1pitch_y_0_4pitch_z_0_1pitch_x_0_4pris_z_0_1,"[False, False, False, False]","[-1, -1, -1, -1]",False,-1,-1,-1
29,"09/04/20, 00:26",roll_z_0_1pris_y_0_7pitch_y_0_1pitch_y_0_7roll_y_0_1pris_z_0_7,"[False, False, False, False]","[-1, -1, -1, -1]",False,-1,-1,-1
30,"09/04/20, 00:26",roll_z_0_1pris_y_0_4pris_y_0_4roll_z_0_7pris_y_0_1roll_x_0_1,"[False, False, False, False]","[-1, -1, -1, -1]",False,-1,-1,-1
31,"09/04/20, 00:26",roll_z_0_1roll_y_0_7pris_z_0_7roll_y_0_1pitch_y_0_7roll_y_0_1,"[False, False, False, False]","[-1, -1, -1, -1]",False,-1,-1,-1
32,"09/04/20, 00:26",roll_z_0_1pris_y_0_4roll_y_0_7roll_y_0_4pris_y_0_4pris_x_0_4,"[False, False, False, False]","[-1, -1, -1, -1]",False,-1,-1,-1
33,"09/04/20, 00:27",roll_z_0_1pitch_y_0_7pitch_x_0_7pitch_y_0_7pris_z_0_7pitch_x_0_4,"[False, False, False, False]","[-1, -1, -1, -1]",False,-1,-1,-1
34,"09/04/20, 00:27",roll_z_0_1pitch_y_0_4pitch_y_0_7pitch_z_0_7pitch_y_0_7roll_x_0_1,"[True, True, True, True]","[2.248, 2.273, 2.673, 2.049]",True,2.31,0.176,0.011
35,"09/04/20, 00:27",roll_z_0_1pris_y_0_4pitch_y_0_7pitch_x_0_4pitch_y_0_1pitch_z_0_1,"[False, False, False, False]","[-1, -1, -1, -1]",False,-1,-1,-1
36,"09/04/20, 00:27",roll_z_0_1pitch_y_0_1pitch_z_0_1roll_x_0_7pris_z_0_7roll_y_0_1,"[False, False, False, False]","[-1, -1, -1, -1]",False,-1,-1,-1
37,"09/04/20, 00:28",roll_z_0_1pitch_y_0_4pitch_z_0_4pitch_y_0_4pitch_x_0_4pris_z_0_7,"[False, False, True, True]","[-1, -1, -1, -1]",False,-1,-1,-1
38,"09/04/20, 00:28",roll_z_0_1pitch_y_0_7pitch_y_0_7pitch_y_0_4roll_z_0_1pris_y_0_7,"[False, False, True, True]","[-1, -1, -1, -1]",False,-1,-1,-1
39,"09/04/20, 00:28",roll_z_0_1pris_y_0_7pitch_z_0_7pitch_y_0_1pris_x_0_4pitch_x_0_1,"[False, False, False, False]","[-1, -1, -1, -1]",False,-1,-1,-1
40,"09/04/20, 00:28",roll_z_0_1pris_y_0_4pris_x_0_1pitch_y_0_1pitch_x_0_4roll_y_0_4,"[False, False, False, False]","[-1, -1, -1, -1]",False,-1,-1,-1
41,"09/04/20, 00:29",roll_z_0_1pris_z_0_1pitch_y_0_4roll_z_0_7pitch_y_0_1pitch_y_0_1,"[False, False, False, False]","[-1, -1, -1, -1]",False,-1,-1,-1
42,"09/04/20, 00:29",roll_z_0_1pitch_y_0_7pitch_x_0_7pitch_y_0_4pitch_z_0_4roll_x_0_4,"[True, True, True, True]","[1.741, 2.243, 2.446, 2.624]",True,2.26,0.195,0.004
43,"09/04/20, 00:29",roll_z_0_1pitch_y_0_4pitch_x_0_7pitch_x_0_4pitch_y_0_7pitch_x_0_7,"[True, True, True, True]","[2.259, 1.645, 2.572, 2.913]",True,2.35,0.161,0.012
44,"09/04/20, 00:29",roll_z_0_1pitch_y_0_7pitch_z_0_7pris_z_0_4pitch_z_0_1pitch_x_0_4,"[False, False, False, False]","[-1, -1, -1, -1]",False,-1,-1,-1
45,"09/04/20, 00:29",roll_z_0_1roll_y_0_1roll_y_0_1pris_y_0_1pitch_x_0_7roll_y_0_1,"[False, False, False, False]","[-1, -1, -1, -1]",False,-1,-1,-1
46,"09/04/20, 00:30",roll_z_0_1pitch_y_0_7pitch_y_0_4pitch_z_0_1roll_z_0_1roll_y_0_1,"[True, True, True, True]","[1.908, 1.662, 1.859, 2.821]",True,2.06,0.167,0.01
47,"09/04/20, 00:30",roll_z_0_1pris_y_0_1pitch_z_0_1pris_z_0_7pris_y_0_7pitch_z_0_7,"[False, False, False, False]","[-1, -1, -1, -1]",False,-1,-1,-1
48,"09/04/20, 00:30",roll_z_0_1pitch_y_0_1pitch_y_0_1pris_y_0_1pitch_x_0_7roll_x_0_7,"[False, False, False, False]","[-1, -1, -1, -1]",False,-1,-1,-1
49,"09/04/20, 00:30",roll_z_0_1pitch_y_0_7pitch_x_0_4roll_z_0_4pitch_y_0_4roll_x_0_7,"[True, False, True, True]","[1.688, 3.555, 2.903, 2.895]",True,2.76,0.2,0.012
50,"09/04/20, 00:31",roll_z_0_1pitch_y_0_1pitch_y_0_7pitch_z_0_4pris_y_0_4roll_x_0_7,"[False, False, False, False]","[-1, -1, -1, -1]",False,-1,-1,-1
51,"09/04/20, 00:31",roll_z_0_1pris_z_0_4pitch_y_0_1pitch_y_0_1pitch_x_0_7pris_z_0_7,"[False, False, False, False]","[-1, -1, -1, -1]",False,-1,-1,-1
52,"09/04/20, 00:31",roll_z_0_1pitch_y_0_1pitch_y_0_4roll_x_0_7pris_y_0_4roll_z_0_1,"[False, False, False, False]","[-1, -1, -1, -1]",False,-1,-1,-1
53,"09/04/20, 00:32",roll_z_0_1pris_z_0_4pitch_y_0_4pitch_x_0_4roll_x_0_1roll_y_0_4,"[False, False, False, False]","[-1, -1, -1, -1]",False,-1,-1,-1
54,"09/04/20, 00:32",roll_z_0_1pitch_y_0_7pitch_z_0_7pris_y_0_1pitch_y_0_7roll_x_0_7,"[False, False, False, False]","[-1, -1, -1, -1]",False,-1,-1,-1
55,"09/04/20, 00:32",roll_z_0_1pris_z_0_7pitch_y_0_7pitch_x_0_7pris_y_0_1roll_z_0_7,"[False, False, False, False]","[-1, -1, -1, -1]",False,-1,-1,-1
56,"09/04/20, 00:32",roll_z_0_1pitch_y_0_4roll_y_0_1pitch_y_0_7pitch_y_0_4pitch_x_0_4,"[True, True, True, True]","[2.263, 2.465, 2.65, 2.045]",True,2.36,0.195,0.006
57,"09/04/20, 00:32",roll_z_0_1pris_y_0_1roll_y_0_7pitch_y_0_7pitch_x_0_1pris_x_0_7,"[False, False, False, False]","[-1, -1, -1, -1]",False,-1,-1,-1
58,"09/04/20, 00:33",roll_z_0_1pitch_y_0_4pitch_y_0_4pitch_x_0_1pris_z_0_4roll_x_0_4,"[False, False, False, False]","[-1, -1, -1, -1]",False,-1,-1,-1
59,"09/04/20, 00:33",roll_z_0_1pitch_y_0_7pitch_x_0_7pitch_x_0_7roll_y_0_4pris_y_0_7,"[False, False, False, False]","[-1, -1, -1, -1]",False,-1,-1,-1
60,"09/04/20, 00:33",roll_z_0_1pitch_y_0_4pitch_x_0_1pitch_x_0_4pitch_x_0_1roll_z_0_1,"[True, True, True, True]","[2.272, 1.9, 2.466, 2.67]",True,2.33,0.19,0.005
61,"09/04/20, 00:33",roll_z_0_1pitch_y_0_4pris_z_0_4pris_y_0_1roll_z_0_4pris_y_0_7,"[False, False, False, False]","[-1, -1, -1, -1]",False,-1,-1,-1
62,"09/04/20, 00:34",roll_z_0_1pitch_y_0_4pris_z_0_4roll_x_0_1pitch_y_0_1pitch_y_0_4,"[False, False, False, False]","[-1, -1, -1, -1]",False,-1,-1,-1
63,"09/04/20, 00:34",roll_z_0_1pris_y_0_1pris_y_0_1pitch_z_0_1pitch_y_0_7pris_x_0_4,"[False, False, False, False]","[-1, -1, -1, -1]",False,-1,-1,-1
64,"09/04/20, 00:34",roll_z_0_1pitch_y_0_1pris_z_0_1roll_x_0_1pris_y_0_7pitch_z_0_4,"[False, False, False, False]","[-1, -1, -1, -1]",False,-1,-1,-1
65,"09/04/20, 00:34",roll_z_0_1pitch_y_0_7pris_x_0_7pris_y_0_4pitch_z_0_1pris_x_0_7,"[False, False, False, False]","[-1, -1, -1, -1]",False,-1,-1,-1
66,"09/04/20, 00:34",roll_z_0_1pris_y_0_1pitch_z_0_7pitch_z_0_1pitch_y_0_7roll_y_0_7,"[False, False, False, False]","[-1, -1, -1, -1]",False,-1,-1,-1
67,"09/04/20, 00:35",roll_z_0_1pitch_y_0_7pitch_y_0_1roll_y_0_1pitch_y_0_4pitch_y_0_1,"[True, True, True, True]","[1.644, 2.661, 2.699, 2.284]",True,2.32,0.192,0.006
68,"09/04/20, 00:35",roll_z_0_1pitch_y_0_1pitch_y_0_1roll_x_0_4pris_y_0_1pitch_x_0_7,"[False, False, True, False]","[-1, -1, -1, -1]",False,-1,-1,-1
69,"09/04/20, 00:35",roll_z_0_1roll_y_0_1pitch_y_0_4roll_x_0_4pris_y_0_7pitch_x_0_4,"[False, False, False, False]","[-1, -1, -1, -1]",False,-1,-1,-1
70,"09/04/20, 00:35",roll_z_0_1roll_y_0_4pris_z_0_1roll_y_0_7roll_y_0_7roll_y_0_4,"[False, False, False, False]","[-1, -1, -1, -1]",False,-1,-1,-1
71,"09/04/20, 00:35",roll_z_0_1pris_z_0_1pris_y_0_1pitch_y_0_4pris_z_0_1roll_z_0_4,"[False, False, False, False]","[-1, -1, -1, -1]",False,-1,-1,-1
72,"09/04/20, 00:36",roll_z_0_1roll_y_0_7pitch_y_0_4roll_y_0_1pitch_y_0_4roll_y_0_4,"[True, True, True, False]","[-1, -1, -1, -1]",False,-1,-1,-1
73,"09/04/20, 00:36",roll_z_0_1pitch_y_0_7pris_x_0_7pitch_x_0_4pitch_x_0_1pitch_y_0_7,"[False, False, False, False]","[-1, -1, -1, -1]",False,-1,-1,-1
74,"09/04/20, 00:36",roll_z_0_1pris_y_0_1pris_x_0_1roll_y_0_4pris_y_0_4roll_z_0_1,"[False, False, False, False]","[-1, -1, -1, -1]",False,-1,-1,-1
75,"09/04/20, 00:36",roll_z_0_1pris_y_0_7pitch_x_0_4roll_z_0_1pitch_y_0_1roll_z_0_1,"[False, False, False, False]","[-1, -1, -1, -1]",False,-1,-1,-1
76,"09/04/20, 00:37",roll_z_0_1pitch_y_0_7pitch_z_0_1pris_z_0_1pitch_z_0_7pris_z_0_7,"[False, False, False, False]","[-1, -1, -1, -1]",False,-1,-1,-1
77,"09/04/20, 00:37",roll_z_0_1pitch_y_0_7pitch_x_0_1pitch_x_0_4roll_x_0_4roll_y_0_4,"[False, False, False, False]","[-1, -1, -1, -1]",False,-1,-1,-1
78,"09/04/20, 00:37",roll_z_0_1roll_y_0_4roll_y_0_4pris_y_0_1pitch_y_0_1roll_y_0_1,"[False, False, False, False]","[-1, -1, -1, -1]",False,-1,-1,-1
79,"09/04/20, 00:37",roll_z_0_1roll_y_0_7pitch_y_0_7roll_z_0_1pris_z_0_1roll_y_0_4,"[False, False, False, False]","[-1, -1, -1, -1]",False,-1,-1,-1
80,"09/04/20, 00:37",roll_z_0_1pitch_y_0_4pitch_y_0_7pris_z_0_7pris_x_0_7roll_z_0_1,"[False, False, False, False]","[-1, -1, -1, -1]",False,-1,-1,-1
81,"09/04/20, 00:38",roll_z_0_1pitch_y_0_7pitch_x_0_4pitch_y_0_4pitch_z_0_1pitch_x_0_7,"[True, True, True, False]","[-1, -1, -1, -1]",False,-1,-1,-1
82,"09/04/20, 00:38",roll_z_0_1pris_y_0_7pris_y_0_4pitch_y_0_1pitch_y_0_1roll_y_0_1,"[False, False, False, False]","[-1, -1, -1, -1]",False,-1,-1,-1
83,"09/04/20, 00:38",roll_z_0_1pitch_y_0_1pitch_y_0_1pris_y_0_7pitch_z_0_1pris_x_0_4,"[False, False, False, False]","[-1, -1, -1, -1]",False,-1,-1,-1
84,"09/04/20, 00:38",roll_z_0_1pitch_y_0_4pitch_y_0_4pitch_x_0_4roll_y_0_7roll_y_0_1,"[True, True, True, True]","[2.279, 2.277, 1.778, 2.691]",True,2.26,0.168,0.011
85,"09/04/20, 00:39",roll_z_0_1pris_y_0_7roll_x_0_4pris_y_0_4pris_y_0_7roll_x_0_4,"[False, False, False, False]","[-1, -1, -1, -1]",False,-1,-1,-1
86,"09/04/20, 00:39",roll_z_0_1pris_z_0_7pris_y_0_7pitch_z_0_7pitch_z_0_7pitch_y_0_4,"[False, False, False, False]","[-1, -1, -1, -1]",False,-1,-1,-1
87,"09/04/20, 00:39",roll_z_0_1pitch_y_0_4pitch_z_0_7pitch_x_0_4pitch_x_0_4pitch_z_0_4,"[True, False, True, True]","[2.506, 1.912, 2.475, 2.54]",True,2.36,0.211,0.005
88,"09/04/20, 00:39",roll_z_0_1roll_y_0_1roll_y_0_7pris_y_0_7pitch_z_0_4roll_z_0_7,"[False, False, False, False]","[-1, -1, -1, -1]",False,-1,-1,-1
89,"09/04/20, 00:40",roll_z_0_1pitch_y_0_4pris_y_0_7pris_y_0_1pitch_z_0_1pris_y_0_4,"[False, False, False, False]","[-1, -1, -1, -1]",False,-1,-1,-1
90,"09/04/20, 00:40",roll_z_0_1pris_y_0_7pitch_y_0_4pris_x_0_7pris_y_0_1roll_x_0_7,"[False, False, False, False]","[-1, -1, -1, -1]",False,-1,-1,-1
91,"09/04/20, 00:40",roll_z_0_1pris_z_0_7pris_y_0_1roll_z_0_1pris_y_0_1roll_y_0_7,"[False, False, False, False]","[-1, -1, -1, -1]",False,-1,-1,-1
92,"09/04/20, 00:40",roll_z_0_1pris_y_0_4pitch_y_0_1pris_y_0_4pris_x_0_4pitch_x_0_4,"[False, False, False, False]","[-1, -1, -1, -1]",False,-1,-1,-1
93,"09/04/20, 00:40",roll_z_0_1pris_y_0_4roll_z_0_4pitch_y_0_1pitch_y_0_7pitch_y_0_7,"[False, False, False, False]","[-1, -1, -1, -1]",False,-1,-1,-1
94,"09/04/20, 00:41",roll_z_0_1pitch_y_0_7pitch_z_0_4pris_x_0_4pitch_y_0_4pitch_y_0_1,"[False, False, False, False]","[-1, -1, -1, -1]",False,-1,-1,-1
95,"09/04/20, 00:41",roll_z_0_1pitch_y_0_1roll_z_0_4pris_y_0_7pitch_y_0_1roll_z_0_7,"[False, False, False, False]","[-1, -1, -1, -1]",False,-1,-1,-1
96,"09/04/20, 00:41",roll_z_0_1pris_z_0_7pitch_y_0_4pris_x_0_4pris_x_0_7pitch_z_0_4,"[False, False, False, False]","[-1, -1, -1, -1]",False,-1,-1,-1
97,"09/04/20, 00:41",roll_z_0_1pitch_y_0_1pitch_x_0_1pitch_y_0_1pitch_y_0_7pris_z_0_7,"[False, False, False, True]","[-1, -1, -1, -1]",False,-1,-1,-1
98,"09/04/20, 00:41",roll_z_0_1pitch_y_0_4pris_z_0_7pitch_z_0_1roll_y_0_4pris_y_0_1,"[False, False, False, False]","[-1, -1, -1, -1]",False,-1,-1,-1
99,"09/04/20, 00:42",roll_z_0_1pris_y_0_7pris_x_0_7roll_z_0_7pitch_y_0_4pris_y_0_7,"[False, False, False, False]","[-1, -1, -1, -1]",False,-1,-1,-1
100,"09/04/20, 00:42",roll_z_0_1pris_y_0_7pitch_x_0_4pris_y_0_4roll_x_0_1pris_z_0_1,"[False, False, False, False]","[-1, -1, -1, -1]",False,-1,-1,-1
101,"09/04/20, 00:42",roll_z_0_1pitch_y_0_7roll_x_0_4pris_y_0_7roll_z_0_4roll_y_0_4,"[False, False, False, False]","[-1, -1, -1, -1]",False,-1,-1,-1
102,"09/04/20, 00:43",roll_z_0_1pitch_y_0_1pitch_y_0_4pitch_x_0_1pitch_x_0_4roll_z_0_7,"[True, False, False, True]","[-1, -1, -1, -1]",False,-1,-1,-1
103,"09/04/20, 00:43",roll_z_0_1pris_y_0_7pris_y_0_7roll_x_0_1roll_y_0_1pris_y_0_7,"[False, False, False, False]","[-1, -1, -1, -1]",False,-1,-1,-1
104,"09/04/20, 00:43",roll_z_0_1pitch_y_0_1pitch_x_0_4roll_x_0_1roll_y_0_1roll_y_0_4,"[True, True, True, False]","[-1, -1, -1, -1]",False,-1,-1,-1
105,"09/04/20, 00:43",roll_z_0_1pitch_y_0_4pitch_x_0_4pris_x_0_4pitch_y_0_4pris_x_0_7,"[False, False, False, False]","[-1, -1, -1, -1]",False,-1,-1,-1
106,"09/04/20, 00:43",roll_z_0_1pris_y_0_1pitch_z_0_4pris_y_0_4pitch_y_0_7roll_y_0_4,"[False, False, False, False]","[-1, -1, -1, -1]",False,-1,-1,-1
107,"09/04/20, 00:44",roll_z_0_1roll_y_0_1pris_y_0_4roll_y_0_7pris_z_0_7roll_y_0_7,"[False, False, False, False]","[-1, -1, -1, -1]",False,-1,-1,-1
108,"09/04/20, 00:44",roll_z_0_1pris_y_0_4pitch_z_0_1pris_y_0_4pris_x_0_1pitch_y_0_4,"[False, False, False, False]","[-1, -1, -1, -1]",False,-1,-1,-1
109,"09/04/20, 00:44",roll_z_0_1pitch_y_0_4pitch_y_0_4pris_x_0_7roll_z_0_4pitch_y_0_4,"[False, False, False, False]","[-1, -1, -1, -1]",False,-1,-1,-1
110,"09/04/20, 00:44",roll_z_0_1pitch_y_0_1pris_x_0_7pitch_y_0_7roll_x_0_1pris_z_0_1,"[False, False, False, False]","[-1, -1, -1, -1]",False,-1,-1,-1
111,"09/04/20, 00:44",roll_z_0_1pitch_y_0_1pris_z_0_1roll_z_0_1pitch_y_0_7pitch_x_0_7,"[False, False, False, False]","[-1, -1, -1, -1]",False,-1,-1,-1
112,"09/04/20, 00:44",roll_z_0_1pitch_y_0_7pris_y_0_4pitch_z_0_1pris_z_0_7pitch_x_0_7,"[False, False, False, False]","[-1, -1, -1, -1]",False,-1,-1,-1
113,"09/04/20, 00:45",roll_z_0_1pitch_y_0_1pitch_y_0_7pitch_z_0_7pris_y_0_1pitch_z_0_7,"[False, False, False, False]","[-1, -1, -1, -1]",False,-1,-1,-1
114,"09/04/20, 00:45",roll_z_0_1pris_y_0_4roll_y_0_1pris_z_0_7roll_y_0_4roll_y_0_1,"[False, False, False, False]","[-1, -1, -1, -1]",False,-1,-1,-1
115,"09/04/20, 00:45",roll_z_0_1pris_y_0_1pitch_x_0_1pitch_z_0_1pitch_x_0_4pitch_z_0_4,"[False, False, False, False]","[-1, -1, -1, -1]",False,-1,-1,-1
116,"09/04/20, 00:45",roll_z_0_1roll_y_0_7pris_y_0_1roll_y_0_4pris_y_0_1roll_x_0_7,"[False, False, False, False]","[-1, -1, -1, -1]",False,-1,-1,-1
117,"09/04/20, 00:46",roll_z_0_1pris_y_0_1pitch_z_0_4roll_y_0_4pris_y_0_7roll_z_0_1,"[False, False, False, False]","[-1, -1, -1, -1]",False,-1,-1,-1
118,"09/04/20, 00:46",roll_z_0_1pris_y_0_4pitch_z_0_4pris_x_0_4pitch_z_0_1pitch_z_0_1,"[False, False, False, False]","[-1, -1, -1, -1]",False,-1,-1,-1
119,"09/04/20, 00:46",roll_z_0_1roll_y_0_4roll_y_0_1pris_y_0_4roll_y_0_4pris_y_0_7,"[False, False, False, False]","[-1, -1, -1, -1]",False,-1,-1,-1
120,"09/04/20, 00:46",roll_z_0_1pitch_y_0_4pitch_z_0_4pitch_y_0_4roll_z_0_1pris_y_0_1,"[False, False, False, True]","[-1, -1, -1, -1]",False,-1,-1,-1
121,"09/04/20, 00:46",roll_z_0_1pris_z_0_7pris_y_0_4pitch_y_0_4pris_z_0_4pitch_y_0_1,"[False, False, False, False]","[-1, -1, -1, -1]",False,-1,-1,-1
122,"09/04/20, 00:47",roll_z_0_1pris_z_0_7pris_y_0_7roll_z_0_7pitch_y_0_7pitch_z_0_7,"[False, False, False, False]","[-1, -1, -1, -1]",False,-1,-1,-1
123,"09/04/20, 00:47",roll_z_0_1pris_z_0_4pris_y_0_7pitch_z_0_1pitch_x_0_1pitch_y_0_1,"[False, False, False, False]","[-1, -1, -1, -1]",False,-1,-1,-1
124,"09/04/20, 00:47",roll_z_0_1pitch_y_0_1pitch_z_0_1pris_z_0_7pitch_z_0_4pitch_x_0_1,"[False, False, False, False]","[-1, -1, -1, -1]",False,-1,-1,-1
125,"09/04/20, 00:48",roll_z_0_1pitch_y_0_4pitch_x_0_4pitch_z_0_1pitch_x_0_7pitch_x_0_1,"[False, True, False, True]","[-1, -1, -1, -1]",False,-1,-1,-1
126,"09/04/20, 00:48",roll_z_0_1pitch_y_0_4pitch_x_0_4pris_y_0_4pris_x_0_4roll_y_0_4,"[False, False, False, False]","[-1, -1, -1, -1]",False,-1,-1,-1
127,"09/04/20, 00:48",roll_z_0_1pris_z_0_4pris_y_0_7pitch_y_0_7pitch_y_0_7pris_x_0_4,"[False, False, False, False]","[-1, -1, -1, -1]",False,-1,-1,-1
128,"09/04/20, 00:48",roll_z_0_1pris_y_0_7pitch_x_0_1pitch_y_0_1pris_x_0_1pris_x_0_7,"[False, False, False, False]","[-1, -1, -1, -1]",False,-1,-1,-1
129,"09/04/20, 00:48",roll_z_0_1pris_y_0_7pris_x_0_4pitch_z_0_7pitch_y_0_4pris_y_0_1,"[False, False, False, False]","[-1, -1, -1, -1]",False,-1,-1,-1
130,"09/04/20, 00:49",roll_z_0_1pris_y_0_7pitch_x_0_1roll_x_0_1pitch_y_0_1roll_x_0_4,"[False, True, False, False]","[-1, -1, -1, -1]",False,-1,-1,-1
131,"09/04/20, 00:49",roll_z_0_1pitch_y_0_7pris_x_0_4roll_x_0_7pitch_y_0_7pris_x_0_7,"[False, False, False, False]","[-1, -1, -1, -1]",False,-1,-1,-1
132,"09/04/20, 00:49",roll_z_0_1roll_y_0_1roll_y_0_7pris_y_0_1pitch_z_0_1roll_y_0_7,"[False, False, False, False]","[-1, -1, -1, -1]",False,-1,-1,-1
1,"09/04/20, 00:51",roll_z_0_1pitch_y_0_1pitch_y_0_1pris_z_0_1pitch_x_0_7roll_x_0_7,"[False, False, False, False]","[-1, -1, -1, -1]",False,-1,-1,-1
2,"09/04/20, 00:51",roll_z_0_1pitch_y_0_7pitch_x_0_7pris_z_0_7roll_y_0_7pris_z_0_7,"[False, False, False, False]","[-1, -1, -1, -1]",False,-1,-1,-1
3,"09/04/20, 00:51",roll_z_0_1pitch_y_0_4pitch_y_0_7roll_x_0_4pris_y_0_7pitch_y_0_4,"[False, False, False, False]","[-1, -1, -1, -1]",False,-1,-1,-1
4,"09/04/20, 00:52",roll_z_0_1pitch_y_0_7roll_x_0_4pris_y_0_7roll_y_0_4roll_y_0_4,"[False, False, False, False]","[-1, -1, -1, -1]",False,-1,-1,-1
5,"09/04/20, 00:52",roll_z_0_1pitch_y_0_7pitch_y_0_7pris_y_0_7pitch_x_0_1pitch_y_0_1,"[False, False, False, False]","[-1, -1, -1, -1]",False,-1,-1,-1
6,"09/04/20, 00:52",roll_z_0_1pitch_y_0_4roll_y_0_7roll_y_0_1pris_y_0_4roll_x_0_1,"[False, False, False, False]","[-1, -1, -1, -1]",False,-1,-1,-1
7,"09/04/20, 00:52",roll_z_0_1pris_y_0_7pitch_y_0_7pitch_y_0_4roll_y_0_4pris_y_0_4,"[False, False, False, False]","[-1, -1, -1, -1]",False,-1,-1,-1
8,"09/04/20, 00:52",roll_z_0_1pris_y_0_4pitch_y_0_7pris_z_0_1pitch_y_0_4pris_x_0_4,"[False, False, False, False]","[-1, -1, -1, -1]",False,-1,-1,-1
9,"09/04/20, 00:52",roll_z_0_1pitch_y_0_1pitch_x_0_1pitch_z_0_1pris_x_0_7roll_y_0_7,"[False, False, False, False]","[-1, -1, -1, -1]",False,-1,-1,-1
10,"09/04/20, 00:53",roll_z_0_1pitch_y_0_4pris_z_0_4pitch_z_0_7pitch_z_0_4roll_x_0_4,"[False, False, False, False]","[-1, -1, -1, -1]",False,-1,-1,-1
11,"09/04/20, 00:53",roll_z_0_1pitch_y_0_1pitch_y_0_1pris_x_0_4roll_z_0_4pris_y_0_4,"[False, False, False, False]","[-1, -1, -1, -1]",False,-1,-1,-1
12,"09/04/20, 00:53",roll_z_0_1pitch_y_0_4roll_x_0_1pris_y_0_4pris_x_0_7roll_z_0_4,"[False, False, False, False]","[-1, -1, -1, -1]",False,-1,-1,-1
13,"09/04/20, 00:53",roll_z_0_1pris_y_0_7pitch_z_0_4pitch_z_0_7pris_x_0_4pitch_x_0_4,"[False, False, False, False]","[-1, -1, -1, -1]",False,-1,-1,-1
14,"09/04/20, 00:54",roll_z_0_1pris_y_0_7pitch_z_0_7pitch_y_0_1pris_y_0_4pitch_x_0_1,"[False, False, False, False]","[-1, -1, -1, -1]",False,-1,-1,-1
15,"09/04/20, 00:54",roll_z_0_1pris_y_0_7roll_z_0_7pitch_y_0_4pris_x_0_4roll_y_0_4,"[False, False, False, False]","[-1, -1, -1, -1]",False,-1,-1,-1
16,"09/04/20, 00:54",roll_z_0_1pitch_y_0_7pitch_z_0_1pitch_y_0_4roll_x_0_4roll_y_0_4,"[True, True, True, True]","[2.415, 1.894, 2.174, 2.733]",True,2.3,0.192,0.005
17,"09/04/20, 00:54",roll_z_0_1pris_y_0_1pris_y_0_1pitch_z_0_7roll_x_0_7pris_z_0_1,"[False, False, False, False]","[-1, -1, -1, -1]",False,-1,-1,-1
18,"09/04/20, 00:54",roll_z_0_1roll_y_0_7pitch_y_0_4pitch_y_0_4pitch_z_0_1pitch_y_0_1,"[True, True, True, True]","[1.672, 1.666, 1.882, 2.08]",True,1.82,0.148,0.01
19,"09/04/20, 00:55",roll_z_0_1pitch_y_0_1pris_y_0_7pitch_y_0_7pitch_z_0_7pitch_y_0_1,"[False, False, False, False]","[-1, -1, -1, -1]",False,-1,-1,-1
20,"09/04/20, 00:55",roll_z_0_1pris_y_0_7pitch_x_0_4pitch_x_0_7pitch_y_0_4pitch_y_0_4,"[False, False, False, False]","[-1, -1, -1, -1]",False,-1,-1,-1
21,"09/04/20, 00:55",roll_z_0_1roll_y_0_7pitch_y_0_1roll_x_0_1pitch_y_0_7pitch_z_0_1,"[True, True, False, False]","[-1, -1, -1, -1]",False,-1,-1,-1
22,"09/04/20, 00:55",roll_z_0_1roll_y_0_4roll_y_0_4pris_y_0_4roll_y_0_4pris_y_0_7,"[False, False, False, False]","[-1, -1, -1, -1]",False,-1,-1,-1
23,"09/04/20, 00:56",roll_z_0_1roll_y_0_7pris_y_0_1roll_y_0_1pris_y_0_1pris_y_0_4,"[False, False, False, False]","[-1, -1, -1, -1]",False,-1,-1,-1
24,"09/04/20, 00:56",roll_z_0_1pitch_y_0_7pitch_y_0_7pitch_z_0_1pris_z_0_1pris_y_0_1,"[False, False, False, False]","[-1, -1, -1, -1]",False,-1,-1,-1
25,"09/04/20, 00:56",roll_z_0_1pitch_y_0_1pitch_z_0_1pris_z_0_7pitch_z_0_4pitch_y_0_1,"[False, False, False, False]","[-1, -1, -1, -1]",False,-1,-1,-1
26,"09/04/20, 00:56",roll_z_0_1pitch_y_0_4pitch_x_0_4pris_x_0_4pitch_y_0_1pris_x_0_7,"[False, False, False, False]","[-1, -1, -1, -1]",False,-1,-1,-1
27,"09/04/20, 00:56",roll_z_0_1pris_y_0_1pitch_x_0_1pitch_z_0_1pitch_z_0_4pitch_z_0_4,"[False, False, False, False]","[-1, -1, -1, -1]",False,-1,-1,-1
28,"09/04/20, 00:57",roll_z_0_1pitch_y_0_7roll_y_0_4pitch_y_0_4roll_y_0_7roll_y_0_7,"[True, True, True, True]","[2.182, 2.452, 2.357, 2.474]",True,2.37,0.159,0.005
29,"09/04/20, 00:57",roll_z_0_1pitch_y_0_1pitch_x_0_4pitch_y_0_1roll_z_0_1pitch_y_0_7,"[True, True, True, True]","[2.271, 2.473, 2.675, 2.472]",True,2.47,0.205,0.006
30,"09/04/20, 00:57",roll_z_0_1roll_y_0_1pitch_y_0_4roll_y_0_4pris_y_0_7pitch_x_0_4,"[False, False, False, False]","[-1, -1, -1, -1]",False,-1,-1,-1
31,"09/04/20, 00:57",roll_z_0_1pris_z_0_1pris_y_0_1pitch_y_0_4pris_z_0_1roll_x_0_4,"[False, False, False, False]","[-1, -1, -1, -1]",False,-1,-1,-1
32,"09/04/20, 00:58",roll_z_0_1pris_y_0_1pris_x_0_1roll_y_0_4pris_y_0_4roll_z_0_4,"[False, False, False, False]","[-1, -1, -1, -1]",False,-1,-1,-1
33,"09/04/20, 00:58",roll_z_0_1pris_y_0_4roll_y_0_1pris_y_0_7roll_y_0_4roll_y_0_1,"[False, False, False, False]","[-1, -1, -1, -1]",False,-1,-1,-1
34,"09/04/20, 00:58",roll_z_0_1pris_y_0_1pris_y_0_7pris_x_0_1pitch_y_0_7roll_y_0_4,"[False, False, False, False]","[-1, -1, -1, -1]",False,-1,-1,-1
35,"09/04/20, 00:58",roll_z_0_1pris_z_0_7pitch_y_0_4pris_x_0_7pris_y_0_1roll_x_0_7,"[False, False, False, False]","[-1, -1, -1, -1]",False,-1,-1,-1
36,"09/04/20, 00:58",roll_z_0_1pitch_y_0_1pitch_y_0_4pris_z_0_7pris_y_0_4pitch_x_0_1,"[False, False, False, False]","[-1, -1, -1, -1]",False,-1,-1,-1
37,"09/04/20, 00:59",roll_z_0_1roll_y_0_1pitch_y_0_4roll_x_0_4pitch_y_0_1pitch_y_0_7,"[True, True, True, False]","[-1, -1, -1, -1]",False,-1,-1,-1
38,"09/04/20, 00:59",roll_z_0_1pris_y_0_1roll_x_0_7pitch_y_0_7pitch_x_0_1pris_x_0_7,"[False, False, False, False]","[-1, -1, -1, -1]",False,-1,-1,-1
39,"09/04/20, 00:59",roll_z_0_1pitch_y_0_4pitch_y_0_7pitch_x_0_1pitch_x_0_7pitch_y_0_4,"[True, True, True, False]","[-1, -1, -1, -1]",False,-1,-1,-1
40,"09/04/20, 00:59",roll_z_0_1pitch_y_0_4pitch_y_0_4pris_x_0_7pitch_x_0_4pris_y_0_4,"[False, False, False, False]","[-1, -1, -1, -1]",False,-1,-1,-1
41,"09/04/20, 00:59",roll_z_0_1pris_y_0_7pitch_z_0_4pris_y_0_4roll_x_0_1pris_z_0_1,"[False, False, False, False]","[-1, -1, -1, -1]",False,-1,-1,-1
42,"09/04/20, 01:00",roll_z_0_1pris_y_0_4pitch_z_0_7pitch_x_0_4pitch_y_0_1pitch_z_0_1,"[False, False, False, False]","[-1, -1, -1, -1]",False,-1,-1,-1
43,"09/04/20, 01:00",roll_z_0_1pitch_y_0_7pris_y_0_4pitch_z_0_7pitch_z_0_7pitch_x_0_7,"[False, False, False, False]","[-1, -1, -1, -1]",False,-1,-1,-1
44,"09/04/20, 01:00",roll_z_0_1pitch_y_0_1pitch_z_0_7pris_y_0_7roll_x_0_7roll_y_0_4,"[False, False, False, False]","[-1, -1, -1, -1]",False,-1,-1,-1
45,"09/04/20, 01:00",roll_z_0_1pitch_y_0_1pitch_x_0_7pitch_z_0_7pitch_z_0_4pitch_x_0_7,"[True, True, True, True]","[2.61, 2.569, 2.483, 2.702]",True,2.59,0.156,0.005
46,"09/04/20, 01:01",roll_z_0_1pris_y_0_1pris_x_0_1roll_x_0_4pitch_y_0_7roll_x_0_7,"[False, False, False, False]","[-1, -1, -1, -1]",False,-1,-1,-1
47,"09/04/20, 01:01",roll_z_0_1pris_z_0_7pitch_y_0_7pitch_y_0_4pris_y_0_4pitch_x_0_4,"[False, False, False, False]","[-1, -1, -1, -1]",False,-1,-1,-1
48,"09/04/20, 01:01",roll_z_0_1pitch_y_0_7pitch_x_0_7pitch_z_0_7roll_y_0_4pris_y_0_7,"[False, False, False, True]","[-1, -1, -1, -1]",False,-1,-1,-1
49,"09/04/20, 01:02",roll_z_0_1pitch_y_0_4pitch_y_0_4pitch_x_0_1pitch_x_0_4roll_x_0_7,"[True, True, True, False]","[-1, -1, -1, -1]",False,-1,-1,-1
50,"09/04/20, 01:02",roll_z_0_1pris_y_0_7pitch_y_0_7pris_x_0_4pris_y_0_4roll_x_0_4,"[False, False, False, False]","[-1, -1, -1, -1]",False,-1,-1,-1
51,"09/04/20, 01:02",roll_z_0_1pitch_y_0_4pris_z_0_7pitch_z_0_1roll_z_0_4pris_y_0_1,"[False, False, False, False]","[-1, -1, -1, -1]",False,-1,-1,-1
52,"09/04/20, 01:02",roll_z_0_1pris_y_0_4pris_x_0_1pitch_x_0_1pitch_x_0_4roll_y_0_4,"[False, False, False, False]","[-1, -1, -1, -1]",False,-1,-1,-1
53,"09/04/20, 01:02",roll_z_0_1pris_y_0_4pitch_x_0_4pris_x_0_7pris_x_0_1pitch_y_0_4,"[False, False, False, False]","[-1, -1, -1, -1]",False,-1,-1,-1
54,"09/04/20, 01:03",roll_z_0_1roll_y_0_4roll_y_0_4pitch_y_0_1roll_z_0_7pitch_y_0_4,"[True, True, True, True]","[2.277, 1.864, 2.046, 1.869]",True,2.01,0.185,0.006
55,"09/04/20, 01:03",roll_z_0_1pris_y_0_1pris_y_0_1pitch_z_0_1pitch_y_0_7pris_x_0_1,"[False, False, False, False]","[-1, -1, -1, -1]",False,-1,-1,-1
56,"09/04/20, 01:03",roll_z_0_1roll_y_0_1pitch_y_0_4roll_z_0_1pitch_y_0_7roll_x_0_1,"[True, True, True, True]","[1.647, 2.454, 2.455, 2.679]",True,2.31,0.168,0.005
57,"09/04/20, 01:03",roll_z_0_1pitch_y_0_7pris_y_0_7pris_y_0_4pitch_z_0_1pris_x_0_7,"[False, False, False, False]","[-1, -1, -1, -1]",False,-1,-1,-1
58,"09/04/20, 01:04",roll_z_0_1pitch_y_0_4pris_z_0_4pris_y_0_4roll_z_0_4pris_y_0_7,"[False, False, False, False]","[-1, -1, -1, -1]",False,-1,-1,-1
59,"09/04/20, 01:04",roll_z_0_1pris_y_0_7pris_y_0_7roll_z_0_1roll_y_0_1pris_y_0_7,"[False, False, False, False]","[-1, -1, -1, -1]",False,-1,-1,-1
60,"09/04/20, 01:04",roll_z_0_1pitch_y_0_1pitch_y_0_1roll_x_0_4pris_y_0_1pitch_z_0_7,"[False, False, False, False]","[-1, -1, -1, -1]",False,-1,-1,-1
61,"09/04/20, 01:04",roll_z_0_1pris_z_0_4pris_y_0_7pitch_z_0_1pitch_x_0_1pitch_x_0_1,"[False, False, False, False]","[-1, -1, -1, -1]",False,-1,-1,-1
62,"09/04/20, 01:04",roll_z_0_1pris_y_0_4pitch_z_0_4pris_y_0_4pitch_y_0_7roll_y_0_4,"[False, False, False, False]","[-1, -1, -1, -1]",False,-1,-1,-1
63,"09/04/20, 01:05",roll_z_0_1roll_y_0_1pitch_y_0_1pitch_x_0_4roll_z_0_1roll_y_0_4,"[True, False, False, False]","[-1, -1, -1, -1]",False,-1,-1,-1
64,"09/04/20, 01:05",roll_z_0_1pris_y_0_7pitch_x_0_1pitch_x_0_1pris_x_0_1pris_x_0_7,"[False, False, False, False]","[-1, -1, -1, -1]",False,-1,-1,-1
65,"09/04/20, 01:05",roll_z_0_1pitch_y_0_4pris_z_0_4pitch_x_0_1pris_z_0_1pitch_x_0_4,"[False, False, False, False]","[-1, -1, -1, -1]",False,-1,-1,-1
66,"09/04/20, 01:05",roll_z_0_1pris_y_0_4pris_y_0_4roll_z_0_7pris_y_0_1roll_y_0_1,"[False, False, False, False]","[-1, -1, -1, -1]",False,-1,-1,-1
67,"09/04/20, 01:05",roll_z_0_1roll_y_0_1pris_y_0_4pris_x_0_4pitch_z_0_4roll_x_0_4,"[False, False, False, False]","[-1, -1, -1, -1]",False,-1,-1,-1
68,"09/04/20, 01:06",roll_z_0_1pris_z_0_1pris_y_0_4pitch_x_0_1roll_y_0_7pris_z_0_1,"[False, False, False, False]","[-1, -1, -1, -1]",False,-1,-1,-1
69,"09/04/20, 01:06",roll_z_0_1pitch_y_0_7pris_x_0_4roll_z_0_7pitch_y_0_7pris_x_0_7,"[False, False, False, False]","[-1, -1, -1, -1]",False,-1,-1,-1
70,"09/04/20, 01:06",roll_z_0_1roll_y_0_1pitch_y_0_1roll_y_0_7pris_y_0_1roll_z_0_4,"[False, False, False, False]","[-1, -1, -1, -1]",False,-1,-1,-1
71,"09/04/20, 01:06",roll_z_0_1pris_y_0_4pitch_x_0_4pitch_x_0_4pitch_z_0_7pitch_z_0_7,"[False, False, False, False]","[-1, -1, -1, -1]",False,-1,-1,-1
72,"09/04/20, 01:06",roll_z_0_1pitch_y_0_7pris_x_0_7pitch_x_0_4pitch_z_0_1pitch_y_0_7,"[False, False, False, False]","[-1, -1, -1, -1]",False,-1,-1,-1
73,"09/04/20, 01:07",roll_z_0_1pris_y_0_7pris_y_0_7pris_x_0_4pitch_y_0_4pitch_y_0_7,"[False, False, False, False]","[-1, -1, -1, -1]",False,-1,-1,-1
74,"09/04/20, 01:07",roll_z_0_1pris_z_0_4pitch_y_0_1pitch_z_0_1pitch_y_0_1roll_z_0_4,"[False, False, False, False]","[-1, -1, -1, -1]",False,-1,-1,-1
75,"09/04/20, 01:07",roll_z_0_1pris_y_0_4pitch_y_0_7roll_y_0_1pris_y_0_1pitch_x_0_7,"[False, False, False, False]","[-1, -1, -1, -1]",False,-1,-1,-1
