1,"09/12/19, 15:25",roll_z_0_1pris_y_0_4roll_x_0_1pris_z_0_7pitch_y_0_1pitch_y_0_1,"[False, False, False, False]","[-1, -1, -1, -1]",False,-1,-1,-1,-1
2,"09/12/19, 15:25",roll_z_0_1pitch_y_0_4pris_x_0_1pitch_z_0_4pitch_x_0_1pitch_z_0_7,"[False, False, False, False]","[-1, -1, -1, -1]",False,-1,-1,-1,-1
3,"09/12/19, 15:26",roll_z_0_1pris_y_0_4pris_x_0_1pitch_x_0_1roll_z_0_4pris_y_0_1,"[False, False, False, False]","[-1, -1, -1, -1]",False,-1,-1,-1,-1
4,"09/12/19, 15:26",roll_z_0_1pris_y_0_4roll_z_0_4pitch_y_0_1pitch_x_0_1pris_z_0_7,"[False, False, False, False]","[-1, -1, -1, -1]",False,-1,-1,-1,-1
5,"09/12/19, 15:26",roll_z_0_1pitch_y_0_4pris_y_0_4roll_z_0_7roll_y_0_7pitch_y_0_1,"[False, False, False, False]","[-1, -1, -1, -1]",False,-1,-1,-1,-1
6,"09/12/19, 15:26",roll_z_0_1pitch_y_0_1pitch_x_0_7roll_x_0_1pitch_y_0_7pris_x_0_4,"[False, False, False, False]","[-1, -1, -1, -1]",False,-1,-1,-1,-1
7,"09/12/19, 15:26",roll_z_0_1pitch_y_0_7pris_y_0_4pitch_y_0_4pitch_z_0_7roll_x_0_4,"[False, False, False, False]","[-1, -1, -1, -1]",False,-1,-1,-1,-1
8,"09/12/19, 15:27",roll_z_0_1pitch_y_0_1pris_y_0_1pitch_z_0_4pris_z_0_4pitch_z_0_7,"[False, False, False, False]","[-1, -1, -1, -1]",False,-1,-1,-1,-1
9,"09/12/19, 15:27",roll_z_0_1pitch_y_0_7pris_z_0_1pris_x_0_1pitch_y_0_7pitch_z_0_4,"[False, False, False, False]","[-1, -1, -1, -1]",False,-1,-1,-1,-1
10,"09/12/19, 15:27",roll_z_0_1pris_y_0_4pitch_z_0_7pris_z_0_7pitch_y_0_4roll_x_0_7,"[False, False, False, False]","[-1, -1, -1, -1]",False,-1,-1,-1,-1
11,"09/12/19, 15:27",roll_z_0_1pris_y_0_4pitch_y_0_1roll_z_0_7pitch_y_0_1pris_z_0_4,"[False, False, False, False]","[-1, -1, -1, -1]",False,-1,-1,-1,-1
12,"09/12/19, 15:28",roll_z_0_1pris_y_0_4pitch_y_0_4pitch_y_0_4roll_x_0_4pitch_y_0_4,"[False, False, False, False]","[-1, -1, -1, -1]",False,-1,-1,-1,-1
13,"09/12/19, 15:28",roll_z_0_1pris_y_0_4pitch_x_0_7pitch_z_0_7pitch_z_0_4roll_x_0_4,"[False, False, False, False]","[-1, -1, -1, -1]",False,-1,-1,-1,-1
14,"09/12/19, 15:28",roll_z_0_1pris_y_0_1pitch_z_0_7pitch_x_0_1roll_y_0_1roll_y_0_7,"[False, False, False, False]","[-1, -1, -1, -1]",False,-1,-1,-1,-1
15,"09/12/19, 15:29",roll_z_0_1pris_z_0_7pris_y_0_7pitch_y_0_1pris_z_0_4roll_z_0_7,"[False, False, False, False]","[-1, -1, -1, -1]",False,-1,-1,-1,-1
16,"09/12/19, 15:29",roll_z_0_1pris_y_0_7pitch_y_0_1pitch_y_0_7pitch_x_0_4pitch_z_0_7,"[False, False, False, False]","[-1, -1, -1, -1]",False,-1,-1,-1,-1
17,"09/12/19, 15:29",roll_z_0_1roll_y_0_7pitch_y_0_4roll_x_0_4pitch_y_0_1pitch_z_0_4,"[True, False, False, False]","[-1, -1, -1, -1]",False,-1,-1,-1,-1
18,"09/12/19, 15:30",roll_z_0_1pitch_y_0_4pitch_x_0_7pitch_y_0_7pris_y_0_4pitch_y_0_1,"[False, False, False, False]","[-1, -1, -1, -1]",False,-1,-1,-1,-1
19,"09/12/19, 15:30",roll_z_0_1pris_y_0_1pitch_z_0_7pris_y_0_1pris_y_0_4roll_y_0_7,"[False, False, False, False]","[-1, -1, -1, -1]",False,-1,-1,-1,-1
20,"09/12/19, 15:30",roll_z_0_1roll_y_0_7pitch_y_0_7pris_x_0_7pris_y_0_1roll_x_0_7,"[False, False, False, False]","[-1, -1, -1, -1]",False,-1,-1,-1,-1
21,"09/12/19, 15:30",roll_z_0_1roll_y_0_7pris_y_0_7pris_y_0_4pitch_z_0_1pris_y_0_4,"[False, False, False, False]","[-1, -1, -1, -1]",False,-1,-1,-1,-1
22,"09/12/19, 15:30",roll_z_0_1pitch_y_0_7pitch_x_0_1pitch_x_0_4pris_z_0_7roll_y_0_1,"[False, False, False, False]","[-1, -1, -1, -1]",False,-1,-1,-1,-1
23,"09/12/19, 15:31",roll_z_0_1pris_z_0_1roll_y_0_4roll_y_0_7roll_y_0_7pris_z_0_7,"[False, False, False, False]","[-1, -1, -1, -1]",False,-1,-1,-1,-1
24,"09/12/19, 15:31",roll_z_0_1pitch_y_0_1pris_z_0_7roll_x_0_1pris_z_0_1roll_y_0_1,"[False, False, False, False]","[-1, -1, -1, -1]",False,-1,-1,-1,-1
25,"09/12/19, 15:31",roll_z_0_1pris_y_0_4pitch_z_0_7pitch_y_0_1pris_y_0_7pris_x_0_1,"[False, False, False, False]","[-1, -1, -1, -1]",False,-1,-1,-1,-1
26,"09/12/19, 15:31",roll_z_0_1pris_y_0_7roll_x_0_1pitch_y_0_7pris_y_0_1pris_y_0_4,"[False, False, False, False]","[-1, -1, -1, -1]",False,-1,-1,-1,-1
27,"09/12/19, 15:32",roll_z_0_1pris_z_0_7pris_y_0_1pitch_x_0_7roll_x_0_7pitch_y_0_4,"[False, False, False, False]","[-1, -1, -1, -1]",False,-1,-1,-1,-1
28,"09/12/19, 15:32",roll_z_0_1pitch_y_0_4pris_z_0_7pitch_y_0_4pris_z_0_1roll_y_0_1,"[False, False, False, False]","[-1, -1, -1, -1]",False,-1,-1,-1,-1
29,"09/12/19, 15:32",roll_z_0_1pris_y_0_7roll_x_0_7pitch_y_0_1roll_y_0_7pris_z_0_1,"[False, False, False, False]","[-1, -1, -1, -1]",False,-1,-1,-1,-1
30,"09/12/19, 15:32",roll_z_0_1pris_y_0_1pris_y_0_7roll_y_0_7pris_z_0_1pitch_y_0_7,"[False, False, False, False]","[-1, -1, -1, -1]",False,-1,-1,-1,-1
31,"09/12/19, 15:32",roll_z_0_1pitch_y_0_7pitch_x_0_1pris_x_0_7pitch_z_0_7pris_z_0_7,"[False, False, False, False]","[-1, -1, -1, -1]",False,-1,-1,-1,-1
32,"09/12/19, 15:33",roll_z_0_1pris_y_0_4pris_y_0_7pris_x_0_7roll_x_0_1pitch_y_0_1,"[False, False, False, False]","[-1, -1, -1, -1]",False,-1,-1,-1,-1
33,"09/12/19, 15:33",roll_z_0_1pris_y_0_4pris_x_0_7pitch_z_0_1pris_z_0_1roll_x_0_4,"[False, False, False, False]","[-1, -1, -1, -1]",False,-1,-1,-1,-1
34,"09/12/19, 15:33",roll_z_0_1pitch_y_0_4pris_y_0_4pitch_z_0_7roll_y_0_7pitch_y_0_7,"[False, False, False, False]","[-1, -1, -1, -1]",False,-1,-1,-1,-1
35,"09/12/19, 15:33",roll_z_0_1pitch_y_0_1pitch_x_0_1pitch_z_0_4pris_y_0_7pitch_x_0_4,"[False, False, False, False]","[-1, -1, -1, -1]",False,-1,-1,-1,-1
36,"09/12/19, 15:34",roll_z_0_1pris_y_0_7pitch_y_0_7roll_y_0_4pitch_y_0_4roll_x_0_1,"[False, True, True, True]","[10.84, 1.901, 1.928, 1.918]",True,4.15,0.206,0.061,0.099
37,"09/12/19, 15:34",roll_z_0_1pris_z_0_4pitch_y_0_4roll_y_0_1pitch_y_0_7roll_z_0_1,"[False, False, False, False]","[-1, -1, -1, -1]",False,-1,-1,-1,-1
38,"09/12/19, 15:35",roll_z_0_1pris_z_0_4roll_y_0_4pitch_y_0_1pitch_y_0_1roll_y_0_4,"[False, True, False, False]","[-1, -1, -1, -1]",False,-1,-1,-1,-1
39,"09/12/19, 15:35",roll_z_0_1roll_y_0_4pris_y_0_1pitch_y_0_7pitch_y_0_1pris_z_0_4,"[False, False, False, False]","[-1, -1, -1, -1]",False,-1,-1,-1,-1
40,"09/12/19, 15:35",roll_z_0_1pris_y_0_7pitch_z_0_4pris_z_0_4pitch_y_0_7pris_x_0_1,"[False, False, False, False]","[-1, -1, -1, -1]",False,-1,-1,-1,-1
41,"09/12/19, 15:35",roll_z_0_1roll_y_0_1pris_z_0_4pitch_y_0_7roll_x_0_1pris_y_0_1,"[False, False, False, False]","[-1, -1, -1, -1]",False,-1,-1,-1,-1
42,"09/12/19, 15:35",roll_z_0_1roll_y_0_1pris_y_0_1pitch_z_0_7pitch_z_0_1roll_x_0_1,"[False, False, False, False]","[-1, -1, -1, -1]",False,-1,-1,-1,-1
43,"09/12/19, 15:36",roll_z_0_1pris_y_0_7pitch_y_0_1pitch_y_0_1pris_z_0_1roll_y_0_4,"[False, False, False, False]","[-1, -1, -1, -1]",False,-1,-1,-1,-1
44,"09/12/19, 15:36",roll_z_0_1pris_y_0_4pitch_z_0_4pitch_y_0_4pitch_x_0_4pitch_y_0_7,"[False, False, False, False]","[-1, -1, -1, -1]",False,-1,-1,-1,-1
45,"09/12/19, 15:36",roll_z_0_1pitch_y_0_1pris_z_0_7pitch_y_0_7pris_z_0_1pitch_z_0_1,"[False, False, False, False]","[-1, -1, -1, -1]",False,-1,-1,-1,-1
46,"09/12/19, 15:36",roll_z_0_1pitch_y_0_4pris_x_0_7pitch_y_0_4roll_x_0_4pris_z_0_4,"[False, False, False, False]","[-1, -1, -1, -1]",False,-1,-1,-1,-1
47,"09/12/19, 15:36",roll_z_0_1pitch_y_0_7roll_x_0_7pitch_y_0_7pris_x_0_1roll_z_0_1,"[False, False, False, False]","[-1, -1, -1, -1]",False,-1,-1,-1,-1
48,"09/12/19, 15:37",roll_z_0_1roll_y_0_1pitch_y_0_4roll_z_0_1pris_z_0_7pitch_y_0_1,"[False, False, False, False]","[-1, -1, -1, -1]",False,-1,-1,-1,-1
49,"09/12/19, 15:37",roll_z_0_1pris_z_0_1roll_y_0_4pris_y_0_1pitch_z_0_1pitch_y_0_7,"[False, False, False, False]","[-1, -1, -1, -1]",False,-1,-1,-1,-1
50,"09/12/19, 15:37",roll_z_0_1roll_y_0_4roll_y_0_1pitch_y_0_7pitch_y_0_1pris_x_0_1,"[False, False, False, False]","[-1, -1, -1, -1]",False,-1,-1,-1,-1
51,"09/12/19, 15:37",roll_z_0_1pitch_y_0_7pris_x_0_1pitch_x_0_7pris_y_0_1pris_x_0_1,"[False, False, False, False]","[-1, -1, -1, -1]",False,-1,-1,-1,-1
52,"09/12/19, 15:38",roll_z_0_1pitch_y_0_1pitch_x_0_4pitch_x_0_7pris_z_0_4pitch_y_0_7,"[False, False, False, False]","[-1, -1, -1, -1]",False,-1,-1,-1,-1
53,"09/12/19, 15:38",roll_z_0_1pitch_y_0_1pitch_z_0_7pitch_x_0_4pitch_y_0_1pris_x_0_4,"[False, False, False, False]","[-1, -1, -1, -1]",False,-1,-1,-1,-1
54,"09/12/19, 15:38",roll_z_0_1pris_y_0_4pris_y_0_4pitch_y_0_4pris_y_0_1pitch_x_0_1,"[False, False, False, False]","[-1, -1, -1, -1]",False,-1,-1,-1,-1
55,"09/12/19, 15:38",roll_z_0_1pitch_y_0_1pris_z_0_4pitch_x_0_7pris_y_0_7roll_x_0_1,"[False, False, False, False]","[-1, -1, -1, -1]",False,-1,-1,-1,-1
56,"09/12/19, 15:38",roll_z_0_1pitch_y_0_7pris_x_0_1pitch_x_0_1pris_x_0_7roll_y_0_4,"[False, False, False, False]","[-1, -1, -1, -1]",False,-1,-1,-1,-1
57,"09/12/19, 15:39",roll_z_0_1pris_y_0_4pris_x_0_4pitch_z_0_4roll_z_0_7pris_z_0_1,"[False, False, False, False]","[-1, -1, -1, -1]",False,-1,-1,-1,-1
58,"09/12/19, 15:39",roll_z_0_1pris_z_0_1roll_y_0_7pitch_y_0_4roll_x_0_1pris_z_0_4,"[False, False, False, False]","[-1, -1, -1, -1]",False,-1,-1,-1,-1
59,"09/12/19, 15:39",roll_z_0_1pitch_y_0_4roll_x_0_4pris_y_0_7pris_y_0_7roll_y_0_7,"[False, False, False, False]","[-1, -1, -1, -1]",False,-1,-1,-1,-1
60,"09/12/19, 15:40",roll_z_0_1pris_y_0_7pris_x_0_1roll_z_0_4pitch_y_0_4pris_z_0_1,"[False, False, False, False]","[-1, -1, -1, -1]",False,-1,-1,-1,-1
61,"09/12/19, 15:40",roll_z_0_1pris_y_0_4pris_x_0_4pitch_z_0_1pitch_y_0_4pitch_z_0_4,"[False, False, False, False]","[-1, -1, -1, -1]",False,-1,-1,-1,-1
62,"09/12/19, 15:40",roll_z_0_1pris_y_0_4pitch_z_0_7pris_y_0_4pitch_x_0_7roll_x_0_4,"[False, False, False, False]","[-1, -1, -1, -1]",False,-1,-1,-1,-1
63,"09/12/19, 15:41",roll_z_0_1pitch_y_0_7pitch_x_0_4pitch_x_0_1pitch_z_0_4roll_z_0_4,"[True, True, True, True]","[2.33, 2.477, 2.582, 2.772]",True,2.54,0.153,0.263,0.079
64,"09/12/19, 15:41",roll_z_0_1pris_y_0_4roll_x_0_4pris_y_0_1pris_y_0_4pitch_z_0_1,"[False, False, False, False]","[-1, -1, -1, -1]",False,-1,-1,-1,-1
65,"09/12/19, 15:41",roll_z_0_1pris_y_0_4roll_y_0_4pris_y_0_1pris_y_0_1roll_x_0_7,"[False, False, False, False]","[-1, -1, -1, -1]",False,-1,-1,-1,-1
66,"09/12/19, 15:41",roll_z_0_1pris_y_0_4roll_z_0_7roll_y_0_1pitch_y_0_4pris_z_0_1,"[False, False, False, False]","[-1, -1, -1, -1]",False,-1,-1,-1,-1
67,"09/12/19, 15:41",roll_z_0_1pitch_y_0_4pitch_x_0_1pris_z_0_4pitch_z_0_1pris_y_0_4,"[False, False, False, False]","[-1, -1, -1, -1]",False,-1,-1,-1,-1
68,"09/12/19, 15:42",roll_z_0_1pitch_y_0_1pitch_z_0_4pitch_x_0_7pris_y_0_7roll_x_0_7,"[False, False, False, False]","[-1, -1, -1, -1]",False,-1,-1,-1,-1
69,"09/12/19, 15:42",roll_z_0_1roll_y_0_7pris_y_0_1pitch_y_0_4roll_x_0_7pitch_y_0_7,"[False, False, False, False]","[-1, -1, -1, -1]",False,-1,-1,-1,-1
70,"09/12/19, 15:42",roll_z_0_1pitch_y_0_4pris_z_0_7pitch_x_0_7pitch_y_0_4roll_z_0_1,"[False, False, False, False]","[-1, -1, -1, -1]",False,-1,-1,-1,-1
71,"09/12/19, 15:42",roll_z_0_1pris_y_0_1pris_x_0_1roll_y_0_7pris_y_0_4pitch_z_0_7,"[False, False, False, False]","[-1, -1, -1, -1]",False,-1,-1,-1,-1
72,"09/12/19, 15:43",roll_z_0_1pitch_y_0_4roll_y_0_4pris_z_0_1pitch_y_0_4pitch_x_0_7,"[False, False, False, False]","[-1, -1, -1, -1]",False,-1,-1,-1,-1
73,"09/12/19, 15:43",roll_z_0_1roll_y_0_7pris_y_0_4roll_z_0_7roll_y_0_7pris_y_0_1,"[False, False, False, False]","[-1, -1, -1, -1]",False,-1,-1,-1,-1
74,"09/12/19, 15:43",roll_z_0_1pitch_y_0_4pitch_z_0_1pris_z_0_7pris_x_0_4pitch_z_0_1,"[False, False, False, False]","[-1, -1, -1, -1]",False,-1,-1,-1,-1
75,"09/12/19, 15:43",roll_z_0_1pris_z_0_7pitch_y_0_1pitch_z_0_1pris_x_0_7pris_x_0_4,"[False, False, False, False]","[-1, -1, -1, -1]",False,-1,-1,-1,-1
76,"09/12/19, 15:44",roll_z_0_1pitch_y_0_1pris_z_0_1pitch_z_0_7pitch_y_0_7roll_x_0_4,"[False, False, False, False]","[-1, -1, -1, -1]",False,-1,-1,-1,-1
77,"09/12/19, 15:44",roll_z_0_1pris_y_0_4pitch_x_0_4pris_y_0_7pitch_z_0_4pitch_x_0_7,"[False, False, False, False]","[-1, -1, -1, -1]",False,-1,-1,-1,-1
78,"09/12/19, 15:44",roll_z_0_1pris_y_0_4roll_z_0_7roll_y_0_7pris_y_0_1pitch_x_0_7,"[False, False, False, False]","[-1, -1, -1, -1]",False,-1,-1,-1,-1
79,"09/12/19, 15:44",roll_z_0_1pris_y_0_7pris_y_0_7pris_x_0_1pitch_x_0_1roll_y_0_1,"[False, False, False, False]","[-1, -1, -1, -1]",False,-1,-1,-1,-1
80,"09/12/19, 15:45",roll_z_0_1pris_y_0_1roll_x_0_1pitch_y_0_1pitch_x_0_7roll_z_0_1,"[False, False, False, False]","[-1, -1, -1, -1]",False,-1,-1,-1,-1
81,"09/12/19, 15:45",roll_z_0_1pris_z_0_1pris_y_0_4pitch_z_0_4pitch_x_0_7pitch_y_0_4,"[False, False, False, False]","[-1, -1, -1, -1]",False,-1,-1,-1,-1
82,"09/12/19, 15:45",roll_z_0_1pris_y_0_7pitch_y_0_4pitch_y_0_1roll_x_0_4roll_y_0_7,"[False, False, False, False]","[-1, -1, -1, -1]",False,-1,-1,-1,-1
83,"09/12/19, 15:45",roll_z_0_1pris_y_0_4roll_x_0_1pris_y_0_7pitch_z_0_4roll_z_0_1,"[False, False, False, False]","[-1, -1, -1, -1]",False,-1,-1,-1,-1
84,"09/12/19, 15:46",roll_z_0_1pris_y_0_4pitch_y_0_4pris_z_0_4roll_y_0_7roll_y_0_7,"[False, False, False, False]","[-1, -1, -1, -1]",False,-1,-1,-1,-1
85,"09/12/19, 15:46",roll_z_0_1pitch_y_0_7pitch_z_0_4pitch_z_0_1pris_x_0_4pitch_z_0_7,"[False, False, False, False]","[-1, -1, -1, -1]",False,-1,-1,-1,-1
86,"09/12/19, 15:46",roll_z_0_1pitch_y_0_4pitch_z_0_1pris_z_0_1roll_z_0_7roll_y_0_1,"[False, False, False, False]","[-1, -1, -1, -1]",False,-1,-1,-1,-1
87,"09/12/19, 15:46",roll_z_0_1pris_y_0_7pitch_z_0_7roll_x_0_7roll_y_0_1pris_y_0_7,"[False, False, False, False]","[-1, -1, -1, -1]",False,-1,-1,-1,-1
88,"09/12/19, 15:46",roll_z_0_1pris_y_0_1roll_z_0_4pris_y_0_4pitch_y_0_1pitch_y_0_1,"[False, False, False, False]","[-1, -1, -1, -1]",False,-1,-1,-1,-1
89,"09/12/19, 15:47",roll_z_0_1pris_y_0_7pitch_x_0_4roll_y_0_1pris_z_0_7pitch_y_0_1,"[False, False, False, False]","[-1, -1, -1, -1]",False,-1,-1,-1,-1
90,"09/12/19, 15:47",roll_z_0_1pris_y_0_1roll_z_0_1pitch_y_0_4pitch_z_0_1roll_x_0_7,"[False, False, False, False]","[-1, -1, -1, -1]",False,-1,-1,-1,-1
91,"09/12/19, 15:47",roll_z_0_1pitch_y_0_7roll_x_0_4pris_z_0_7pitch_y_0_4pitch_z_0_1,"[False, False, False, False]","[-1, -1, -1, -1]",False,-1,-1,-1,-1
92,"09/12/19, 15:47",roll_z_0_1roll_y_0_1pris_y_0_7pitch_z_0_7pitch_y_0_1pris_y_0_4,"[False, False, False, False]","[-1, -1, -1, -1]",False,-1,-1,-1,-1
93,"09/12/19, 15:48",roll_z_0_1roll_y_0_1pitch_y_0_7pitch_z_0_7roll_z_0_7pitch_y_0_1,"[True, True, True, True]","[2.221, 2.358, 2.797, 2.691]",True,2.52,0.19,0.255,0.112
94,"09/12/19, 15:48",roll_z_0_1pris_y_0_1pitch_x_0_4roll_x_0_7pitch_y_0_4roll_z_0_7,"[False, False, False, False]","[-1, -1, -1, -1]",False,-1,-1,-1,-1
95,"09/12/19, 15:48",roll_z_0_1roll_y_0_7pris_y_0_1pitch_y_0_1pitch_x_0_1roll_x_0_1,"[False, False, False, False]","[-1, -1, -1, -1]",False,-1,-1,-1,-1
96,"09/12/19, 15:48",roll_z_0_1pitch_y_0_7pris_x_0_4pitch_x_0_1pris_y_0_4pitch_z_0_4,"[False, False, False, False]","[-1, -1, -1, -1]",False,-1,-1,-1,-1
97,"09/12/19, 15:48",roll_z_0_1pitch_y_0_1pitch_z_0_7pris_z_0_4pris_x_0_1pris_x_0_4,"[False, False, False, False]","[-1, -1, -1, -1]",False,-1,-1,-1,-1
98,"09/12/19, 15:49",roll_z_0_1pitch_y_0_4roll_z_0_4pitch_y_0_1pris_x_0_1roll_x_0_1,"[False, False, False, False]","[-1, -1, -1, -1]",False,-1,-1,-1,-1
99,"09/12/19, 15:49",roll_z_0_1pris_y_0_4pris_x_0_1pitch_x_0_4roll_y_0_4roll_y_0_7,"[False, False, False, False]","[-1, -1, -1, -1]",False,-1,-1,-1,-1
100,"09/12/19, 15:49",roll_z_0_1pris_y_0_4pitch_y_0_4pitch_z_0_7pris_y_0_1roll_z_0_4,"[False, False, False, False]","[-1, -1, -1, -1]",False,-1,-1,-1,-1
101,"09/12/19, 15:49",roll_z_0_1pitch_y_0_4roll_z_0_1pitch_y_0_4pitch_y_0_4pitch_y_0_7,"[False, False, False, False]","[-1, -1, -1, -1]",False,-1,-1,-1,-1
102,"09/12/19, 15:50",roll_z_0_1roll_y_0_4pris_z_0_1pris_y_0_7pitch_y_0_1roll_y_0_1,"[False, False, False, False]","[-1, -1, -1, -1]",False,-1,-1,-1,-1
103,"09/12/19, 15:50",roll_z_0_1pris_y_0_1pris_x_0_7roll_z_0_7pitch_y_0_1roll_z_0_7,"[False, False, False, False]","[-1, -1, -1, -1]",False,-1,-1,-1,-1
104,"09/12/19, 15:50",roll_z_0_1pris_z_0_7pris_y_0_7pitch_z_0_7pitch_z_0_4pitch_z_0_7,"[False, False, False, False]","[-1, -1, -1, -1]",False,-1,-1,-1,-1
105,"09/12/19, 15:50",roll_z_0_1pitch_y_0_4pris_y_0_7pris_x_0_7pitch_y_0_4pitch_y_0_4,"[False, False, False, False]","[-1, -1, -1, -1]",False,-1,-1,-1,-1
106,"09/12/19, 15:51",roll_z_0_1pris_z_0_7roll_y_0_7roll_y_0_4pitch_y_0_4roll_y_0_4,"[False, True, False, False]","[-1, -1, -1, -1]",False,-1,-1,-1,-1
107,"09/12/19, 15:51",roll_z_0_1roll_y_0_1pris_z_0_1roll_y_0_4pris_z_0_1pitch_y_0_7,"[False, False, False, False]","[-1, -1, -1, -1]",False,-1,-1,-1,-1
108,"09/12/19, 15:51",roll_z_0_1pitch_y_0_1pris_x_0_7pitch_z_0_4pitch_x_0_4roll_x_0_4,"[False, False, False, False]","[-1, -1, -1, -1]",False,-1,-1,-1,-1
109,"09/12/19, 15:51",roll_z_0_1pris_y_0_4roll_x_0_1pris_y_0_1pris_x_0_1roll_y_0_4,"[False, False, False, False]","[-1, -1, -1, -1]",False,-1,-1,-1,-1
110,"09/12/19, 15:52",roll_z_0_1pitch_y_0_4pitch_x_0_4pitch_y_0_1pitch_x_0_4pitch_x_0_7,"[True, False, True, True]","[2.267, 3.345, 2.464, 2.709]",True,2.7,0.189,0.241,0.096
111,"09/12/19, 15:52",roll_z_0_1pris_z_0_4roll_y_0_1pitch_y_0_4pitch_x_0_1pris_y_0_1,"[False, False, False, False]","[-1, -1, -1, -1]",False,-1,-1,-1,-1
112,"09/12/19, 15:52",roll_z_0_1pitch_y_0_1pris_y_0_4roll_x_0_1pris_z_0_7pitch_y_0_4,"[False, False, False, False]","[-1, -1, -1, -1]",False,-1,-1,-1,-1
113,"09/12/19, 15:52",roll_z_0_1pris_y_0_7pris_x_0_4pris_x_0_4roll_y_0_1roll_y_0_4,"[False, False, False, False]","[-1, -1, -1, -1]",False,-1,-1,-1,-1
114,"09/12/19, 15:53",roll_z_0_1pris_y_0_4roll_x_0_4pitch_y_0_1pitch_y_0_1pitch_x_0_7,"[False, False, False, False]","[-1, -1, -1, -1]",False,-1,-1,-1,-1
115,"09/12/19, 15:53",roll_z_0_1pris_y_0_1roll_x_0_7pitch_y_0_7pitch_y_0_7roll_x_0_4,"[False, True, False, False]","[-1, -1, -1, -1]",False,-1,-1,-1,-1
116,"09/12/19, 15:54",roll_z_0_1pris_z_0_1pitch_y_0_7pitch_y_0_1pris_x_0_4roll_y_0_1,"[False, False, False, False]","[-1, -1, -1, -1]",False,-1,-1,-1,-1
117,"09/12/19, 15:54",roll_z_0_1pris_y_0_7pitch_z_0_7roll_x_0_1pitch_y_0_1pitch_z_0_1,"[False, True, False, False]","[-1, -1, -1, -1]",False,-1,-1,-1,-1
118,"09/12/19, 15:54",roll_z_0_1pris_z_0_4roll_y_0_7pitch_y_0_1roll_x_0_7pris_z_0_7,"[False, False, False, False]","[-1, -1, -1, -1]",False,-1,-1,-1,-1
119,"09/12/19, 15:54",roll_z_0_1pris_y_0_7pitch_z_0_7roll_x_0_4pitch_y_0_4roll_x_0_7,"[False, False, False, False]","[-1, -1, -1, -1]",False,-1,-1,-1,-1
120,"09/12/19, 15:55",roll_z_0_1pris_y_0_7roll_z_0_7pitch_y_0_4pris_y_0_4pitch_y_0_4,"[False, False, False, False]","[-1, -1, -1, -1]",False,-1,-1,-1,-1
121,"09/12/19, 15:55",roll_z_0_1roll_y_0_7pitch_y_0_1roll_y_0_7pitch_y_0_7pitch_y_0_7,"[True, True, True, True]","[2.533, 2.394, 2.77, 3.037]",True,2.68,0.174,0.244,0.101
122,"09/12/19, 15:55",roll_z_0_1pitch_y_0_1roll_z_0_4pitch_y_0_4roll_z_0_7roll_y_0_4,"[True, True, True, True]","[1.863, 2.107, 3.63, 2.189]",True,2.45,0.168,0.264,0.089
123,"09/12/19, 15:55",roll_z_0_1pitch_y_0_4pitch_x_0_4pris_y_0_4roll_y_0_7roll_y_0_1,"[False, False, False, False]","[-1, -1, -1, -1]",False,-1,-1,-1,-1
124,"09/12/19, 15:55",roll_z_0_1pitch_y_0_4roll_z_0_1roll_y_0_7pris_z_0_4pitch_y_0_4,"[False, False, False, False]","[-1, -1, -1, -1]",False,-1,-1,-1,-1
125,"09/12/19, 15:56",roll_z_0_1pitch_y_0_1pris_z_0_7pitch_y_0_1pitch_x_0_4pitch_z_0_4,"[False, False, False, False]","[-1, -1, -1, -1]",False,-1,-1,-1,-1
126,"09/12/19, 15:56",roll_z_0_1pitch_y_0_4pitch_x_0_7pitch_y_0_7pris_y_0_1roll_z_0_4,"[False, False, False, True]","[-1, -1, -1, -1]",False,-1,-1,-1,-1
127,"09/12/19, 15:56",roll_z_0_1pitch_y_0_4roll_z_0_1roll_y_0_7roll_y_0_4pris_z_0_1,"[False, False, False, True]","[-1, -1, -1, -1]",False,-1,-1,-1,-1
128,"09/12/19, 15:56",roll_z_0_1pitch_y_0_1pitch_y_0_4pitch_z_0_7pitch_z_0_4roll_y_0_7,"[True, True, True, False]","[-1, -1, -1, -1]",False,-1,-1,-1,-1
129,"09/12/19, 15:57",roll_z_0_1pris_y_0_7roll_z_0_4roll_y_0_4pris_z_0_1roll_y_0_4,"[False, False, False, False]","[-1, -1, -1, -1]",False,-1,-1,-1,-1
130,"09/12/19, 15:57",roll_z_0_1pris_y_0_1pitch_y_0_1pris_y_0_4pitch_y_0_7pris_y_0_7,"[False, False, False, False]","[-1, -1, -1, -1]",False,-1,-1,-1,-1
131,"09/12/19, 15:57",roll_z_0_1roll_y_0_1pitch_y_0_7pitch_z_0_1pris_y_0_1pitch_x_0_4,"[False, False, False, False]","[-1, -1, -1, -1]",False,-1,-1,-1,-1
132,"09/12/19, 15:57",roll_z_0_1pitch_y_0_7roll_x_0_7pris_y_0_1pris_y_0_7roll_x_0_7,"[False, False, False, False]","[-1, -1, -1, -1]",False,-1,-1,-1,-1
133,"09/12/19, 15:57",roll_z_0_1pitch_y_0_4pitch_x_0_1pitch_x_0_7pris_x_0_1roll_x_0_1,"[False, False, False, False]","[-1, -1, -1, -1]",False,-1,-1,-1,-1
134,"09/12/19, 15:58",roll_z_0_1pitch_y_0_1roll_x_0_7pris_z_0_7roll_y_0_1pris_y_0_1,"[False, False, False, False]","[-1, -1, -1, -1]",False,-1,-1,-1,-1
135,"09/12/19, 15:58",roll_z_0_1pitch_y_0_1pitch_y_0_1pitch_z_0_7pitch_x_0_7pitch_z_0_4,"[True, True, False, False]","[-1, -1, -1, -1]",False,-1,-1,-1,-1
136,"09/12/19, 15:58",roll_z_0_1pitch_y_0_1pitch_y_0_7pitch_y_0_1pitch_z_0_1roll_y_0_4,"[True, True, True, True]","[2.274, 2.356, 2.767, 2.052]",True,2.36,0.168,0.25,0.093
137,"09/12/19, 15:58",roll_z_0_1pris_z_0_4pitch_y_0_4pris_y_0_1pitch_y_0_4pitch_x_0_4,"[False, False, False, False]","[-1, -1, -1, -1]",False,-1,-1,-1,-1
138,"09/12/19, 15:59",roll_z_0_1pris_z_0_7roll_y_0_1pitch_y_0_4pris_y_0_7pitch_x_0_1,"[False, False, False, False]","[-1, -1, -1, -1]",False,-1,-1,-1,-1
139,"09/12/19, 15:59",roll_z_0_1pitch_y_0_7pris_z_0_4pris_y_0_4pris_x_0_7pitch_x_0_7,"[False, False, False, False]","[-1, -1, -1, -1]",False,-1,-1,-1,-1
140,"09/12/19, 15:59",roll_z_0_1pitch_y_0_4pitch_x_0_7pris_x_0_7pris_y_0_7pitch_x_0_7,"[False, False, False, False]","[-1, -1, -1, -1]",False,-1,-1,-1,-1
141,"09/12/19, 15:59",roll_z_0_1roll_y_0_1roll_y_0_7pris_y_0_4pris_y_0_4roll_z_0_7,"[False, False, False, False]","[-1, -1, -1, -1]",False,-1,-1,-1,-1
142,"09/12/19, 15:59",roll_z_0_1pris_z_0_7pitch_y_0_4roll_z_0_7pris_z_0_1pris_y_0_1,"[False, False, False, False]","[-1, -1, -1, -1]",False,-1,-1,-1,-1
143,"09/12/19, 16:00",roll_z_0_1pitch_y_0_7pris_x_0_7roll_z_0_4pitch_y_0_7pris_x_0_7,"[False, False, False, False]","[-1, -1, -1, -1]",False,-1,-1,-1,-1
144,"09/12/19, 16:00",roll_z_0_1roll_y_0_7pitch_y_0_7pris_z_0_4pris_y_0_7pris_x_0_4,"[False, False, False, False]","[-1, -1, -1, -1]",False,-1,-1,-1,-1
145,"09/12/19, 16:00",roll_z_0_1roll_y_0_4pitch_y_0_7pitch_y_0_4pris_x_0_1pitch_y_0_7,"[False, False, False, False]","[-1, -1, -1, -1]",False,-1,-1,-1,-1
146,"09/12/19, 16:00",roll_z_0_1pris_z_0_4pris_y_0_1roll_x_0_4roll_y_0_4pris_y_0_1,"[False, False, False, False]","[-1, -1, -1, -1]",False,-1,-1,-1,-1
147,"09/12/19, 16:00",roll_z_0_1pitch_y_0_4pris_y_0_4pitch_z_0_7roll_z_0_7pris_z_0_1,"[False, False, False, False]","[-1, -1, -1, -1]",False,-1,-1,-1,-1
148,"09/12/19, 16:01",roll_z_0_1pitch_y_0_1pitch_z_0_7pris_z_0_1roll_y_0_4pris_z_0_7,"[False, False, False, False]","[-1, -1, -1, -1]",False,-1,-1,-1,-1
149,"09/12/19, 16:01",roll_z_0_1pitch_y_0_4pitch_z_0_7pitch_y_0_4pris_z_0_7roll_x_0_1,"[False, False, False, False]","[-1, -1, -1, -1]",False,-1,-1,-1,-1
150,"09/12/19, 16:01",roll_z_0_1pris_y_0_1pitch_y_0_4pitch_z_0_7roll_x_0_1pris_z_0_7,"[False, False, False, False]","[-1, -1, -1, -1]",False,-1,-1,-1,-1
151,"09/12/19, 16:01",roll_z_0_1pitch_y_0_4pitch_y_0_1pitch_y_0_4pris_y_0_1roll_x_0_4,"[False, False, False, False]","[-1, -1, -1, -1]",False,-1,-1,-1,-1
152,"09/12/19, 16:02",roll_z_0_1pris_y_0_7pitch_x_0_1roll_z_0_1roll_y_0_7pris_z_0_1,"[False, False, False, False]","[-1, -1, -1, -1]",False,-1,-1,-1,-1
153,"09/12/19, 16:02",roll_z_0_1pris_z_0_4pitch_y_0_4pris_x_0_1roll_y_0_4pris_y_0_4,"[False, False, False, False]","[-1, -1, -1, -1]",False,-1,-1,-1,-1
154,"09/12/19, 16:02",roll_z_0_1pitch_y_0_1pitch_x_0_4pitch_z_0_4pris_x_0_4pitch_x_0_4,"[False, False, False, False]","[-1, -1, -1, -1]",False,-1,-1,-1,-1
155,"09/12/19, 16:02",roll_z_0_1pris_y_0_7pitch_y_0_7pris_x_0_1pris_y_0_1pitch_x_0_7,"[False, False, False, False]","[-1, -1, -1, -1]",False,-1,-1,-1,-1
156,"09/12/19, 16:02",roll_z_0_1pitch_y_0_4pitch_z_0_4pitch_y_0_1pris_y_0_4pitch_x_0_4,"[False, False, False, False]","[-1, -1, -1, -1]",False,-1,-1,-1,-1
157,"09/12/19, 16:03",roll_z_0_1pris_y_0_7pitch_y_0_1pris_x_0_1pris_y_0_1roll_y_0_4,"[False, False, False, False]","[-1, -1, -1, -1]",False,-1,-1,-1,-1
158,"09/12/19, 16:03",roll_z_0_1roll_y_0_1pris_y_0_1pris_y_0_4pitch_z_0_7roll_y_0_4,"[False, False, False, False]","[-1, -1, -1, -1]",False,-1,-1,-1,-1
159,"09/12/19, 16:03",roll_z_0_1pris_y_0_4pitch_y_0_1pris_y_0_4pitch_y_0_4roll_z_0_1,"[False, False, False, False]","[-1, -1, -1, -1]",False,-1,-1,-1,-1
160,"09/12/19, 16:03",roll_z_0_1pris_y_0_1pitch_y_0_4pris_y_0_4pitch_z_0_4roll_z_0_7,"[False, False, False, False]","[-1, -1, -1, -1]",False,-1,-1,-1,-1
161,"09/12/19, 16:04",roll_z_0_1pitch_y_0_4pitch_z_0_4pris_x_0_7pitch_x_0_7roll_x_0_7,"[False, False, False, False]","[-1, -1, -1, -1]",False,-1,-1,-1,-1
162,"09/12/19, 16:04",roll_z_0_1pris_y_0_1roll_y_0_7pris_z_0_7pris_y_0_1pitch_y_0_7,"[False, False, False, False]","[-1, -1, -1, -1]",False,-1,-1,-1,-1
163,"09/12/19, 16:04",roll_z_0_1pitch_y_0_1pitch_y_0_4pitch_z_0_7pitch_x_0_4pris_x_0_4,"[False, False, False, False]","[-1, -1, -1, -1]",False,-1,-1,-1,-1
164,"09/12/19, 16:04",roll_z_0_1pitch_y_0_4pris_x_0_4pitch_x_0_7pris_y_0_1pitch_z_0_4,"[False, False, False, False]","[-1, -1, -1, -1]",False,-1,-1,-1,-1
165,"09/12/19, 16:04",roll_z_0_1pris_y_0_7pitch_y_0_4roll_y_0_4pitch_y_0_4pris_z_0_1,"[False, False, False, False]","[-1, -1, -1, -1]",False,-1,-1,-1,-1
166,"09/12/19, 16:05",roll_z_0_1pris_y_0_7pitch_y_0_1pris_x_0_7pitch_y_0_7roll_y_0_1,"[False, False, False, False]","[-1, -1, -1, -1]",False,-1,-1,-1,-1
167,"09/12/19, 16:05",roll_z_0_1pris_z_0_4pris_y_0_1roll_z_0_7roll_y_0_7pitch_y_0_4,"[False, False, False, False]","[-1, -1, -1, -1]",False,-1,-1,-1,-1
168,"09/12/19, 16:05",roll_z_0_1roll_y_0_4pitch_y_0_7pitch_z_0_1pris_y_0_1pitch_z_0_4,"[False, False, False, False]","[-1, -1, -1, -1]",False,-1,-1,-1,-1
169,"09/12/19, 16:05",roll_z_0_1roll_y_0_4pitch_y_0_7pitch_y_0_4pris_x_0_4pitch_z_0_4,"[False, False, False, False]","[-1, -1, -1, -1]",False,-1,-1,-1,-1
170,"09/12/19, 16:06",roll_z_0_1roll_y_0_7roll_y_0_1roll_y_0_7pitch_y_0_4roll_z_0_7,"[True, True, False, False]","[-1, -1, -1, -1]",False,-1,-1,-1,-1
171,"09/12/19, 16:06",roll_z_0_1roll_y_0_7pitch_y_0_4pitch_x_0_1pris_y_0_7roll_x_0_1,"[False, False, False, False]","[-1, -1, -1, -1]",False,-1,-1,-1,-1
172,"09/12/19, 16:06",roll_z_0_1pris_y_0_4pris_y_0_4pris_x_0_7pitch_z_0_7pitch_y_0_4,"[False, False, False, False]","[-1, -1, -1, -1]",False,-1,-1,-1,-1
173,"09/12/19, 16:06",roll_z_0_1pris_z_0_7pris_y_0_4pitch_z_0_4pitch_z_0_1roll_x_0_4,"[False, False, False, False]","[-1, -1, -1, -1]",False,-1,-1,-1,-1
174,"09/12/19, 16:07",roll_z_0_1pitch_y_0_7pitch_y_0_7pitch_x_0_7pris_x_0_4roll_z_0_4,"[False, False, False, False]","[-1, -1, -1, -1]",False,-1,-1,-1,-1
175,"09/12/19, 16:07",roll_z_0_1roll_y_0_7pris_y_0_1roll_x_0_1pris_y_0_4roll_z_0_7,"[False, False, False, False]","[-1, -1, -1, -1]",False,-1,-1,-1,-1
176,"09/12/19, 16:07",roll_z_0_1pris_y_0_1pitch_x_0_7pitch_x_0_7roll_x_0_4roll_y_0_1,"[True, True, True, True]","[1.674, 1.845, 2.67, 2.684]",True,2.22,0.192,0.08,0.105
177,"09/12/19, 16:07",roll_z_0_1pitch_y_0_7roll_z_0_7pitch_y_0_1pitch_z_0_1roll_y_0_1,"[True, True, True, True]","[1.662, 1.845, 2.472, 2.649]",True,2.16,0.155,0.258,0.078
178,"09/12/19, 16:08",roll_z_0_1pitch_y_0_7roll_z_0_7pris_y_0_1pitch_z_0_1pitch_x_0_4,"[False, False, False, False]","[-1, -1, -1, -1]",False,-1,-1,-1,-1
179,"09/12/19, 16:08",roll_z_0_1pris_y_0_7pris_x_0_1pitch_x_0_4pitch_x_0_4roll_y_0_1,"[False, False, False, False]","[-1, -1, -1, -1]",False,-1,-1,-1,-1
180,"09/12/19, 16:08",roll_z_0_1pris_y_0_1pitch_z_0_4pris_x_0_7pris_x_0_4roll_y_0_7,"[False, False, False, False]","[-1, -1, -1, -1]",False,-1,-1,-1,-1
181,"09/12/19, 16:08",roll_z_0_1pitch_y_0_1pitch_z_0_1pitch_z_0_7pris_z_0_7pitch_z_0_7,"[False, False, False, False]","[-1, -1, -1, -1]",False,-1,-1,-1,-1
182,"09/12/19, 16:08",roll_z_0_1roll_y_0_1pris_z_0_4pitch_y_0_4pris_y_0_4roll_y_0_4,"[False, False, False, False]","[-1, -1, -1, -1]",False,-1,-1,-1,-1
183,"09/12/19, 16:09",roll_z_0_1pitch_y_0_7pitch_z_0_7pris_y_0_4pris_x_0_4roll_z_0_4,"[False, False, False, False]","[-1, -1, -1, -1]",False,-1,-1,-1,-1
184,"09/12/19, 16:09",roll_z_0_1pris_y_0_7pitch_z_0_7pitch_y_0_4roll_y_0_7pitch_y_0_4,"[False, True, True, False]","[-1, -1, -1, -1]",False,-1,-1,-1,-1
185,"09/12/19, 16:09",roll_z_0_1roll_y_0_1pitch_y_0_1pris_y_0_1pitch_y_0_4pitch_y_0_7,"[False, False, False, False]","[-1, -1, -1, -1]",False,-1,-1,-1,-1
186,"09/12/19, 16:09",roll_z_0_1pitch_y_0_4pitch_x_0_7pris_x_0_1roll_x_0_1pris_z_0_4,"[False, False, False, False]","[-1, -1, -1, -1]",False,-1,-1,-1,-1
187,"09/12/19, 16:10",roll_z_0_1pitch_y_0_4pitch_z_0_4pitch_x_0_4pitch_y_0_7pitch_z_0_4,"[True, True, False, True]","[1.683, 1.725, 0.939, 3.302]",True,1.91,0.222,0.246,0.15
188,"09/12/19, 16:10",roll_z_0_1pitch_y_0_7pitch_x_0_7pris_x_0_4pris_y_0_1roll_y_0_1,"[False, False, False, False]","[-1, -1, -1, -1]",False,-1,-1,-1,-1
189,"09/12/19, 16:10",roll_z_0_1pris_z_0_7pitch_y_0_1roll_z_0_7pitch_y_0_4roll_z_0_4,"[False, False, False, False]","[-1, -1, -1, -1]",False,-1,-1,-1,-1
190,"09/12/19, 16:10",roll_z_0_1pitch_y_0_4pris_x_0_4roll_x_0_1roll_y_0_7pitch_y_0_7,"[False, False, False, False]","[-1, -1, -1, -1]",False,-1,-1,-1,-1
191,"09/12/19, 16:11",roll_z_0_1pris_z_0_7pitch_y_0_4pitch_y_0_4roll_y_0_4pris_z_0_4,"[False, False, False, False]","[-1, -1, -1, -1]",False,-1,-1,-1,-1
192,"09/12/19, 16:11",roll_z_0_1pris_z_0_1pitch_y_0_7roll_z_0_4pitch_y_0_7pitch_x_0_7,"[False, False, False, False]","[-1, -1, -1, -1]",False,-1,-1,-1,-1
193,"09/12/19, 16:11",roll_z_0_1pris_y_0_4pitch_z_0_4pitch_y_0_4pris_z_0_7roll_x_0_1,"[False, False, False, False]","[-1, -1, -1, -1]",False,-1,-1,-1,-1
194,"09/12/19, 16:12",roll_z_0_1pris_y_0_4pitch_z_0_4pitch_z_0_1pitch_z_0_1pris_x_0_1,"[False, False, False, False]","[-1, -1, -1, -1]",False,-1,-1,-1,-1
195,"09/12/19, 16:12",roll_z_0_1pris_z_0_4pris_y_0_4roll_x_0_4pitch_y_0_7roll_x_0_7,"[False, False, False, False]","[-1, -1, -1, -1]",False,-1,-1,-1,-1
196,"09/12/19, 16:12",roll_z_0_1pitch_y_0_7pitch_x_0_1roll_y_0_4pris_y_0_1pitch_x_0_7,"[False, False, False, False]","[-1, -1, -1, -1]",False,-1,-1,-1,-1
197,"09/12/19, 16:12",roll_z_0_1pitch_y_0_7pitch_z_0_1pitch_z_0_4pitch_y_0_1roll_x_0_1,"[True, True, True, False]","[-1, -1, -1, -1]",False,-1,-1,-1,-1
198,"09/12/19, 16:13",roll_z_0_1pitch_y_0_1roll_z_0_7pitch_y_0_4pris_z_0_4roll_z_0_7,"[False, False, False, False]","[-1, -1, -1, -1]",False,-1,-1,-1,-1
199,"09/12/19, 16:13",roll_z_0_1pitch_y_0_7pris_z_0_4pris_x_0_1roll_z_0_4pitch_y_0_1,"[False, False, False, False]","[-1, -1, -1, -1]",False,-1,-1,-1,-1
200,"09/12/19, 16:13",roll_z_0_1roll_y_0_1roll_y_0_4pris_y_0_4pitch_x_0_7roll_y_0_7,"[False, False, False, False]","[-1, -1, -1, -1]",False,-1,-1,-1,-1
201,"09/12/19, 16:13",roll_z_0_1roll_y_0_4pris_z_0_4roll_y_0_4pitch_y_0_7roll_z_0_1,"[False, False, False, False]","[-1, -1, -1, -1]",False,-1,-1,-1,-1
202,"09/12/19, 16:14",roll_z_0_1pris_z_0_7pris_y_0_4pitch_y_0_4pitch_y_0_1pitch_x_0_7,"[False, False, False, False]","[-1, -1, -1, -1]",False,-1,-1,-1,-1
203,"09/12/19, 16:14",roll_z_0_1pris_y_0_7pitch_y_0_7pitch_x_0_7pitch_x_0_1pris_z_0_1,"[False, False, False, False]","[-1, -1, -1, -1]",False,-1,-1,-1,-1
204,"09/12/19, 16:14",roll_z_0_1roll_y_0_7roll_y_0_7pitch_y_0_1pris_x_0_1roll_z_0_4,"[False, False, False, False]","[-1, -1, -1, -1]",False,-1,-1,-1,-1
205,"09/12/19, 16:14",roll_z_0_1pris_z_0_4pitch_y_0_4pitch_y_0_1pris_z_0_7pris_x_0_1,"[False, False, False, False]","[-1, -1, -1, -1]",False,-1,-1,-1,-1
206,"09/12/19, 16:15",roll_z_0_1pitch_y_0_4pris_y_0_1pitch_z_0_4pris_x_0_7roll_z_0_1,"[False, False, False, False]","[-1, -1, -1, -1]",False,-1,-1,-1,-1
207,"09/12/19, 16:15",roll_z_0_1pris_y_0_4pitch_y_0_4pitch_x_0_1pris_z_0_1pitch_y_0_1,"[False, False, False, False]","[-1, -1, -1, -1]",False,-1,-1,-1,-1
208,"09/12/19, 16:15",roll_z_0_1roll_y_0_7roll_y_0_7pitch_y_0_1pris_y_0_4pitch_y_0_7,"[False, False, False, False]","[-1, -1, -1, -1]",False,-1,-1,-1,-1
209,"09/12/19, 16:15",roll_z_0_1pris_z_0_1pris_y_0_4pitch_y_0_4pitch_z_0_7pitch_z_0_1,"[False, False, False, False]","[-1, -1, -1, -1]",False,-1,-1,-1,-1
210,"09/12/19, 16:15",roll_z_0_1pris_y_0_4roll_y_0_1pitch_y_0_7pris_x_0_7roll_y_0_1,"[False, False, False, False]","[-1, -1, -1, -1]",False,-1,-1,-1,-1
211,"09/12/19, 16:16",roll_z_0_1pitch_y_0_4roll_y_0_4pris_y_0_4roll_z_0_1pitch_y_0_7,"[False, False, False, False]","[-1, -1, -1, -1]",False,-1,-1,-1,-1
212,"09/12/19, 16:16",roll_z_0_1pitch_y_0_7pris_y_0_7pitch_x_0_7roll_z_0_1pitch_y_0_7,"[False, False, False, False]","[-1, -1, -1, -1]",False,-1,-1,-1,-1
213,"09/12/19, 16:16",roll_z_0_1pitch_y_0_1roll_z_0_4pitch_y_0_1pris_z_0_7pitch_z_0_1,"[False, False, False, False]","[-1, -1, -1, -1]",False,-1,-1,-1,-1
214,"09/12/19, 16:16",roll_z_0_1pris_y_0_1pitch_y_0_7pris_y_0_7pris_x_0_7pitch_x_0_4,"[False, False, False, False]","[-1, -1, -1, -1]",False,-1,-1,-1,-1
215,"09/12/19, 16:17",roll_z_0_1pris_z_0_1pitch_y_0_4pris_y_0_7roll_x_0_1pris_y_0_1,"[False, False, False, False]","[-1, -1, -1, -1]",False,-1,-1,-1,-1
216,"09/12/19, 16:17",roll_z_0_1pitch_y_0_7pitch_y_0_4roll_y_0_7pitch_y_0_7pitch_z_0_1,"[True, True, True, True]","[2.455, 2.246, 2.792, 2.617]",True,2.53,0.206,0.245,0.111
217,"09/12/19, 16:17",roll_z_0_1pitch_y_0_7roll_z_0_1pris_y_0_1roll_z_0_7pris_y_0_4,"[False, False, False, False]","[-1, -1, -1, -1]",False,-1,-1,-1,-1
218,"09/12/19, 16:17",roll_z_0_1pris_y_0_4roll_y_0_4pris_y_0_1pris_y_0_7pitch_y_0_1,"[False, False, False, False]","[-1, -1, -1, -1]",False,-1,-1,-1,-1
219,"09/12/19, 16:18",roll_z_0_1roll_y_0_4pris_y_0_4pitch_x_0_4roll_z_0_1roll_y_0_7,"[False, False, False, False]","[-1, -1, -1, -1]",False,-1,-1,-1,-1
220,"09/12/19, 16:18",roll_z_0_1pris_y_0_4roll_y_0_7pris_y_0_7pitch_y_0_1pitch_x_0_4,"[False, False, False, False]","[-1, -1, -1, -1]",False,-1,-1,-1,-1
221,"09/12/19, 16:18",roll_z_0_1roll_y_0_7pris_z_0_1pitch_y_0_4pitch_y_0_4pris_y_0_4,"[False, False, False, False]","[-1, -1, -1, -1]",False,-1,-1,-1,-1
222,"09/12/19, 16:18",roll_z_0_1pris_y_0_4pitch_z_0_1roll_y_0_1pris_y_0_4pitch_y_0_7,"[False, False, False, False]","[-1, -1, -1, -1]",False,-1,-1,-1,-1
223,"09/12/19, 16:19",roll_z_0_1pris_y_0_1pitch_y_0_7pris_y_0_4pitch_y_0_7roll_z_0_4,"[False, False, False, False]","[-1, -1, -1, -1]",False,-1,-1,-1,-1
224,"09/12/19, 16:19",roll_z_0_1pitch_y_0_1roll_z_0_1pitch_y_0_7pitch_x_0_7roll_x_0_1,"[True, True, True, True]","[2.622, 2.566, 3.468, 2.977]",True,2.91,0.177,0.248,0.101
225,"09/12/19, 16:19",roll_z_0_1pitch_y_0_7pris_z_0_1pris_x_0_4roll_z_0_7roll_y_0_4,"[False, False, False, False]","[-1, -1, -1, -1]",False,-1,-1,-1,-1
226,"09/12/19, 16:20",roll_z_0_1pitch_y_0_4pitch_x_0_1pris_x_0_4roll_z_0_1roll_y_0_4,"[False, False, False, False]","[-1, -1, -1, -1]",False,-1,-1,-1,-1
227,"09/12/19, 16:20",roll_z_0_1pitch_y_0_7pitch_y_0_1pitch_x_0_7pris_y_0_1pitch_y_0_4,"[False, False, False, False]","[-1, -1, -1, -1]",False,-1,-1,-1,-1
228,"09/12/19, 16:20",roll_z_0_1pris_y_0_4pris_y_0_1pitch_x_0_7pris_x_0_7roll_y_0_4,"[False, False, False, False]","[-1, -1, -1, -1]",False,-1,-1,-1,-1
229,"09/12/19, 16:20",roll_z_0_1pitch_y_0_4pitch_y_0_1pitch_z_0_1pitch_y_0_7pris_y_0_4,"[False, False, False, False]","[-1, -1, -1, -1]",False,-1,-1,-1,-1
230,"09/12/19, 16:21",roll_z_0_1pris_y_0_7pitch_x_0_4pitch_z_0_1pris_x_0_7roll_x_0_7,"[False, False, False, False]","[-1, -1, -1, -1]",False,-1,-1,-1,-1
231,"09/12/19, 16:21",roll_z_0_1pitch_y_0_1pris_y_0_4roll_y_0_1pitch_y_0_1pitch_y_0_4,"[False, False, False, False]","[-1, -1, -1, -1]",False,-1,-1,-1,-1
232,"09/12/19, 16:21",roll_z_0_1roll_y_0_1roll_y_0_4pitch_y_0_4pris_x_0_7roll_y_0_1,"[False, False, False, False]","[-1, -1, -1, -1]",False,-1,-1,-1,-1
233,"09/12/19, 16:21",roll_z_0_1pris_y_0_4roll_y_0_4pitch_y_0_4roll_z_0_1pris_y_0_1,"[False, False, False, False]","[-1, -1, -1, -1]",False,-1,-1,-1,-1
234,"09/12/19, 16:21",roll_z_0_1pitch_y_0_4pitch_z_0_4pitch_z_0_7roll_z_0_1pitch_y_0_1,"[True, True, True, True]","[2.328, 2.294, 2.147, 2.471]",True,2.31,0.166,0.248,0.091
235,"09/12/19, 16:22",roll_z_0_1pris_z_0_1roll_y_0_7roll_y_0_4pitch_y_0_4pris_z_0_7,"[False, False, False, False]","[-1, -1, -1, -1]",False,-1,-1,-1,-1
236,"09/12/19, 16:22",roll_z_0_1pris_y_0_4roll_x_0_1pitch_y_0_7pitch_y_0_4roll_x_0_4,"[False, False, False, False]","[-1, -1, -1, -1]",False,-1,-1,-1,-1
237,"09/12/19, 16:22",roll_z_0_1pris_y_0_7pris_y_0_7roll_x_0_4pitch_y_0_4pris_z_0_4,"[False, False, False, False]","[-1, -1, -1, -1]",False,-1,-1,-1,-1
238,"09/12/19, 16:22",roll_z_0_1roll_y_0_1pris_y_0_7pitch_z_0_1pitch_z_0_1pris_x_0_4,"[False, False, False, False]","[-1, -1, -1, -1]",False,-1,-1,-1,-1
239,"09/12/19, 16:23",roll_z_0_1pitch_y_0_1pitch_y_0_1pris_z_0_1pitch_x_0_1roll_z_0_7,"[False, False, False, False]","[-1, -1, -1, -1]",False,-1,-1,-1,-1
240,"09/12/19, 16:23",roll_z_0_1pitch_y_0_4pris_x_0_4pitch_z_0_1pris_z_0_4pitch_z_0_7,"[False, False, False, False]","[-1, -1, -1, -1]",False,-1,-1,-1,-1
241,"09/12/19, 16:23",roll_z_0_1pitch_y_0_1roll_x_0_1pitch_y_0_4pris_y_0_4pitch_x_0_7,"[False, False, False, False]","[-1, -1, -1, -1]",False,-1,-1,-1,-1
242,"09/12/19, 16:23",roll_z_0_1pitch_y_0_4pitch_z_0_7roll_y_0_1roll_y_0_1pris_y_0_7,"[False, False, True, False]","[-1, -1, -1, -1]",False,-1,-1,-1,-1
243,"09/12/19, 16:24",roll_z_0_1pris_z_0_7pitch_y_0_1pitch_y_0_1pris_y_0_4roll_x_0_7,"[False, False, False, False]","[-1, -1, -1, -1]",False,-1,-1,-1,-1
244,"09/12/19, 16:24",roll_z_0_1pitch_y_0_4pris_z_0_7pris_x_0_4roll_y_0_4pris_z_0_1,"[False, False, False, False]","[-1, -1, -1, -1]",False,-1,-1,-1,-1
245,"09/12/19, 16:24",roll_z_0_1pris_y_0_4pitch_y_0_4pitch_z_0_7pris_z_0_4roll_y_0_4,"[False, False, False, False]","[-1, -1, -1, -1]",False,-1,-1,-1,-1
246,"09/12/19, 16:24",roll_z_0_1pitch_y_0_1roll_x_0_7pitch_y_0_7pris_y_0_4pris_x_0_4,"[False, False, False, False]","[-1, -1, -1, -1]",False,-1,-1,-1,-1
247,"09/12/19, 16:25",roll_z_0_1pitch_y_0_7pitch_x_0_1pitch_y_0_4pris_x_0_7roll_z_0_1,"[False, False, False, False]","[-1, -1, -1, -1]",False,-1,-1,-1,-1
248,"09/12/19, 16:25",roll_z_0_1pris_y_0_7pitch_z_0_7pris_x_0_7pitch_x_0_7pitch_x_0_4,"[False, False, False, False]","[-1, -1, -1, -1]",False,-1,-1,-1,-1
249,"09/12/19, 16:25",roll_z_0_1pitch_y_0_4pris_y_0_4pitch_z_0_4pitch_z_0_7roll_z_0_4,"[False, False, False, False]","[-1, -1, -1, -1]",False,-1,-1,-1,-1
250,"09/12/19, 16:25",roll_z_0_1pitch_y_0_4pitch_y_0_1roll_x_0_4roll_y_0_4pitch_y_0_4,"[True, True, False, False]","[-1, -1, -1, -1]",False,-1,-1,-1,-1
251,"09/12/19, 16:26",roll_z_0_1pris_z_0_7pris_y_0_7pitch_y_0_1pitch_z_0_4pris_x_0_7,"[False, False, False, False]","[-1, -1, -1, -1]",False,-1,-1,-1,-1
252,"09/12/19, 16:26",roll_z_0_1pitch_y_0_1pris_y_0_4roll_z_0_1pitch_y_0_4roll_z_0_4,"[False, False, False, False]","[-1, -1, -1, -1]",False,-1,-1,-1,-1
253,"09/12/19, 16:26",roll_z_0_1pitch_y_0_4pitch_z_0_1pris_y_0_4roll_y_0_7pris_z_0_4,"[False, False, False, False]","[-1, -1, -1, -1]",False,-1,-1,-1,-1
254,"09/12/19, 16:26",roll_z_0_1pitch_y_0_4roll_x_0_4pitch_y_0_4roll_x_0_4pris_z_0_7,"[False, False, False, True]","[-1, -1, -1, -1]",False,-1,-1,-1,-1
255,"09/12/19, 16:27",roll_z_0_1pris_y_0_1pris_x_0_1pris_x_0_1roll_z_0_4roll_y_0_7,"[False, False, False, False]","[-1, -1, -1, -1]",False,-1,-1,-1,-1
256,"09/12/19, 16:27",roll_z_0_1pris_y_0_1pitch_x_0_1pitch_y_0_4pitch_z_0_7pitch_z_0_7,"[False, False, False, False]","[-1, -1, -1, -1]",False,-1,-1,-1,-1
257,"09/12/19, 16:27",roll_z_0_1pris_y_0_7pris_y_0_4pris_x_0_4pitch_z_0_7pitch_x_0_7,"[False, False, False, False]","[-1, -1, -1, -1]",False,-1,-1,-1,-1
258,"09/12/19, 16:27",roll_z_0_1pitch_y_0_4pitch_y_0_4pris_x_0_1pris_x_0_4roll_x_0_7,"[False, False, False, False]","[-1, -1, -1, -1]",False,-1,-1,-1,-1
259,"09/12/19, 16:27",roll_z_0_1roll_y_0_7pris_y_0_1roll_z_0_1pitch_y_0_1pris_y_0_4,"[False, False, False, False]","[-1, -1, -1, -1]",False,-1,-1,-1,-1
260,"09/12/19, 16:28",roll_z_0_1pitch_y_0_4roll_y_0_7pris_y_0_7pris_y_0_4pitch_z_0_4,"[False, False, False, False]","[-1, -1, -1, -1]",False,-1,-1,-1,-1
261,"09/12/19, 16:28",roll_z_0_1pitch_y_0_1pitch_z_0_1pitch_y_0_4pris_z_0_7pris_y_0_4,"[False, False, False, False]","[-1, -1, -1, -1]",False,-1,-1,-1,-1
262,"09/12/19, 16:28",roll_z_0_1pris_z_0_4pitch_y_0_4pitch_z_0_7roll_y_0_7pris_y_0_1,"[False, False, False, False]","[-1, -1, -1, -1]",False,-1,-1,-1,-1
263,"09/12/19, 16:28",roll_z_0_1pitch_y_0_1pris_x_0_4pris_x_0_7roll_y_0_1roll_y_0_7,"[False, False, False, False]","[-1, -1, -1, -1]",False,-1,-1,-1,-1
264,"09/12/19, 16:28",roll_z_0_1pitch_y_0_4pitch_z_0_4roll_z_0_7roll_y_0_4pris_z_0_4,"[False, False, False, True]","[-1, -1, -1, -1]",False,-1,-1,-1,-1
265,"09/12/19, 16:29",roll_z_0_1pris_z_0_4roll_y_0_4pitch_y_0_7pitch_y_0_4pris_y_0_1,"[False, False, False, False]","[-1, -1, -1, -1]",False,-1,-1,-1,-1
266,"09/12/19, 16:29",roll_z_0_1pitch_y_0_7pris_y_0_1pitch_x_0_1roll_x_0_1pris_y_0_4,"[False, False, False, False]","[-1, -1, -1, -1]",False,-1,-1,-1,-1
267,"09/12/19, 16:29",roll_z_0_1pitch_y_0_1pitch_x_0_7pitch_y_0_4pris_x_0_4roll_y_0_7,"[False, False, False, False]","[-1, -1, -1, -1]",False,-1,-1,-1,-1
268,"09/12/19, 16:29",roll_z_0_1pitch_y_0_7pris_y_0_1pitch_z_0_4pris_y_0_7pris_x_0_4,"[False, False, False, False]","[-1, -1, -1, -1]",False,-1,-1,-1,-1
269,"09/12/19, 16:29",roll_z_0_1pitch_y_0_4pitch_z_0_4roll_z_0_4pris_z_0_7roll_y_0_1,"[False, False, False, False]","[-1, -1, -1, -1]",False,-1,-1,-1,-1
270,"09/12/19, 16:30",roll_z_0_1pitch_y_0_7pris_z_0_1pris_y_0_4pitch_x_0_1roll_z_0_4,"[False, False, False, False]","[-1, -1, -1, -1]",False,-1,-1,-1,-1
271,"09/12/19, 16:30",roll_z_0_1roll_y_0_7pitch_y_0_7pitch_x_0_1pitch_x_0_1pitch_x_0_1,"[True, False, True, True]","[1.718, 1.335, 2.473, 2.263]",True,1.95,0.177,0.199,0.096
272,"09/12/19, 16:30",roll_z_0_1pitch_y_0_4pris_y_0_1pris_x_0_1pitch_y_0_1pitch_y_0_4,"[False, False, False, False]","[-1, -1, -1, -1]",False,-1,-1,-1,-1
273,"09/12/19, 16:30",roll_z_0_1roll_y_0_4pris_y_0_7pitch_x_0_1pitch_y_0_4roll_x_0_4,"[False, False, False, False]","[-1, -1, -1, -1]",False,-1,-1,-1,-1
274,"09/12/19, 16:30",roll_z_0_1pris_z_0_1pitch_y_0_4pris_z_0_1pitch_x_0_1roll_x_0_4,"[False, False, False, False]","[-1, -1, -1, -1]",False,-1,-1,-1,-1
275,"09/12/19, 16:31",roll_z_0_1pitch_y_0_1pitch_y_0_7pris_y_0_7pris_y_0_7pitch_y_0_7,"[False, False, False, False]","[-1, -1, -1, -1]",False,-1,-1,-1,-1
276,"09/12/19, 16:31",roll_z_0_1pitch_y_0_4roll_x_0_4pitch_y_0_4pris_z_0_7pitch_x_0_1,"[False, False, False, False]","[-1, -1, -1, -1]",False,-1,-1,-1,-1
277,"09/12/19, 16:31",roll_z_0_1pris_y_0_1pitch_y_0_4pris_z_0_1roll_x_0_1pitch_y_0_7,"[False, False, False, False]","[-1, -1, -1, -1]",False,-1,-1,-1,-1
278,"09/12/19, 16:31",roll_z_0_1pitch_y_0_7pris_z_0_7pitch_y_0_7pitch_z_0_7pitch_x_0_4,"[False, False, False, False]","[-1, -1, -1, -1]",False,-1,-1,-1,-1
279,"09/12/19, 16:31",roll_z_0_1roll_y_0_4pitch_y_0_7pitch_z_0_1pris_z_0_4roll_y_0_7,"[False, False, False, False]","[-1, -1, -1, -1]",False,-1,-1,-1,-1
280,"09/12/19, 16:32",roll_z_0_1pitch_y_0_1pris_x_0_1pitch_y_0_4pitch_z_0_1pitch_z_0_4,"[False, False, False, False]","[-1, -1, -1, -1]",False,-1,-1,-1,-1
281,"09/12/19, 16:32",roll_z_0_1pitch_y_0_4pris_z_0_4pris_y_0_4pitch_z_0_1roll_x_0_4,"[False, False, False, False]","[-1, -1, -1, -1]",False,-1,-1,-1,-1
282,"09/12/19, 16:32",roll_z_0_1pris_y_0_7pris_y_0_7pris_x_0_1roll_y_0_4pitch_y_0_4,"[False, False, False, False]","[-1, -1, -1, -1]",False,-1,-1,-1,-1
283,"09/12/19, 16:32",roll_z_0_1pitch_y_0_7pitch_y_0_7pitch_x_0_4pitch_x_0_1pris_y_0_7,"[False, False, True, True]","[-1, -1, -1, -1]",False,-1,-1,-1,-1
284,"09/12/19, 16:32",roll_z_0_1pitch_y_0_4pris_z_0_1pris_y_0_4roll_y_0_7pitch_y_0_4,"[False, False, False, False]","[-1, -1, -1, -1]",False,-1,-1,-1,-1
285,"09/12/19, 16:33",roll_z_0_1pitch_y_0_7roll_x_0_4pitch_y_0_4roll_x_0_1pris_z_0_4,"[False, False, False, False]","[-1, -1, -1, -1]",False,-1,-1,-1,-1
286,"09/12/19, 16:33",roll_z_0_1pris_z_0_7pris_y_0_4pitch_x_0_1pris_x_0_7roll_y_0_4,"[False, False, False, False]","[-1, -1, -1, -1]",False,-1,-1,-1,-1
287,"09/12/19, 16:33",roll_z_0_1pitch_y_0_7pris_y_0_7pitch_z_0_4pitch_z_0_7roll_x_0_4,"[False, False, False, False]","[-1, -1, -1, -1]",False,-1,-1,-1,-1
288,"09/12/19, 16:34",roll_z_0_1roll_y_0_4pris_z_0_7roll_y_0_1pris_z_0_1pitch_y_0_4,"[False, False, True, False]","[-1, -1, -1, -1]",False,-1,-1,-1,-1
289,"09/12/19, 16:34",roll_z_0_1pris_z_0_4pris_y_0_7pitch_x_0_7pitch_z_0_7roll_x_0_1,"[False, False, False, False]","[-1, -1, -1, -1]",False,-1,-1,-1,-1
290,"09/12/19, 16:34",roll_z_0_1pitch_y_0_7pris_y_0_1pris_x_0_4pitch_z_0_4pitch_z_0_7,"[False, False, False, False]","[-1, -1, -1, -1]",False,-1,-1,-1,-1
291,"09/12/19, 16:34",roll_z_0_1pitch_y_0_4pitch_z_0_7pitch_x_0_7roll_x_0_7pris_y_0_1,"[False, False, False, False]","[-1, -1, -1, -1]",False,-1,-1,-1,-1
292,"09/12/19, 16:35",roll_z_0_1pitch_y_0_4pitch_z_0_1pitch_z_0_7pitch_x_0_1roll_y_0_4,"[True, True, True, True]","[3.696, 3.321, 5.059, 3.028]",True,3.78,0.171,0.265,0.106
293,"09/12/19, 16:35",roll_z_0_1pris_y_0_1pris_x_0_4pitch_z_0_7pris_y_0_1pitch_y_0_1,"[False, False, False, False]","[-1, -1, -1, -1]",False,-1,-1,-1,-1
294,"09/12/19, 16:35",roll_z_0_1pris_z_0_7pitch_y_0_7pitch_y_0_4pitch_x_0_1pris_z_0_7,"[False, False, False, False]","[-1, -1, -1, -1]",False,-1,-1,-1,-1
295,"09/12/19, 16:35",roll_z_0_1pris_z_0_1pitch_y_0_1pris_y_0_4pris_x_0_1pitch_z_0_4,"[False, False, False, False]","[-1, -1, -1, -1]",False,-1,-1,-1,-1
296,"09/12/19, 16:35",roll_z_0_1pris_y_0_4roll_y_0_1pitch_y_0_7pris_z_0_1roll_x_0_1,"[False, False, False, False]","[-1, -1, -1, -1]",False,-1,-1,-1,-1
297,"09/12/19, 16:36",roll_z_0_1pris_y_0_4pris_y_0_7pitch_x_0_7pitch_z_0_4roll_x_0_1,"[False, False, False, False]","[-1, -1, -1, -1]",False,-1,-1,-1,-1
298,"09/12/19, 16:36",roll_z_0_1pris_y_0_4pitch_y_0_1pitch_x_0_1roll_z_0_7pris_z_0_1,"[False, False, False, False]","[-1, -1, -1, -1]",False,-1,-1,-1,-1
299,"09/12/19, 16:36",roll_z_0_1pris_y_0_1pitch_x_0_4pitch_x_0_7pitch_z_0_1roll_x_0_4,"[False, False, False, False]","[-1, -1, -1, -1]",False,-1,-1,-1,-1
300,"09/12/19, 16:36",roll_z_0_1pris_y_0_4roll_x_0_7pitch_y_0_7pris_z_0_1pris_y_0_7,"[False, False, False, False]","[-1, -1, -1, -1]",False,-1,-1,-1,-1
301,"09/12/19, 16:36",roll_z_0_1pris_z_0_4roll_y_0_1pitch_y_0_4pris_y_0_4roll_y_0_1,"[False, False, False, False]","[-1, -1, -1, -1]",False,-1,-1,-1,-1
302,"09/12/19, 16:37",roll_z_0_1pitch_y_0_7pitch_y_0_4pris_z_0_4pitch_z_0_1pitch_y_0_1,"[False, False, False, False]","[-1, -1, -1, -1]",False,-1,-1,-1,-1
303,"09/12/19, 16:37",roll_z_0_1roll_y_0_1pitch_y_0_7pris_y_0_4roll_x_0_1pris_y_0_1,"[False, False, False, False]","[-1, -1, -1, -1]",False,-1,-1,-1,-1
304,"09/12/19, 16:37",roll_z_0_1pitch_y_0_1pitch_y_0_4pris_x_0_7roll_x_0_4pris_y_0_7,"[False, False, False, False]","[-1, -1, -1, -1]",False,-1,-1,-1,-1
305,"09/12/19, 16:37",roll_z_0_1pitch_y_0_7roll_z_0_1pitch_y_0_7roll_z_0_1pris_z_0_7,"[False, False, False, False]","[-1, -1, -1, -1]",False,-1,-1,-1,-1
306,"09/12/19, 16:38",roll_z_0_1pris_z_0_4pris_y_0_4roll_x_0_7pris_y_0_7pitch_y_0_7,"[False, False, False, False]","[-1, -1, -1, -1]",False,-1,-1,-1,-1
307,"09/12/19, 16:38",roll_z_0_1roll_y_0_4pitch_y_0_1pitch_y_0_1pitch_y_0_1pitch_z_0_7,"[True, False, False, False]","[-1, -1, -1, -1]",False,-1,-1,-1,-1
308,"09/12/19, 16:38",roll_z_0_1roll_y_0_7pris_y_0_7pitch_z_0_4roll_x_0_1roll_y_0_4,"[False, False, False, False]","[-1, -1, -1, -1]",False,-1,-1,-1,-1
309,"09/12/19, 16:39",roll_z_0_1pris_z_0_1pris_y_0_1pitch_x_0_1roll_x_0_7roll_y_0_1,"[False, False, False, False]","[-1, -1, -1, -1]",False,-1,-1,-1,-1
310,"09/12/19, 16:39",roll_z_0_1pris_z_0_7pris_y_0_7roll_x_0_4pris_y_0_7roll_x_0_1,"[False, False, False, False]","[-1, -1, -1, -1]",False,-1,-1,-1,-1
311,"09/12/19, 16:39",roll_z_0_1pitch_y_0_4pitch_y_0_4roll_x_0_4pris_z_0_7pris_y_0_7,"[False, False, False, False]","[-1, -1, -1, -1]",False,-1,-1,-1,-1
312,"09/12/19, 16:39",roll_z_0_1pris_y_0_7pitch_z_0_4roll_x_0_4pris_y_0_1pitch_y_0_7,"[False, False, False, False]","[-1, -1, -1, -1]",False,-1,-1,-1,-1
313,"09/12/19, 16:40",roll_z_0_1pitch_y_0_7pitch_x_0_4pitch_z_0_4roll_x_0_4pris_y_0_1,"[False, False, False, False]","[-1, -1, -1, -1]",False,-1,-1,-1,-1
314,"09/12/19, 16:40",roll_z_0_1pris_y_0_7roll_y_0_4roll_y_0_7pris_z_0_4pris_y_0_7,"[False, False, False, False]","[-1, -1, -1, -1]",False,-1,-1,-1,-1
315,"09/12/19, 16:40",roll_z_0_1pitch_y_0_1roll_z_0_1roll_y_0_7pris_y_0_4pris_y_0_1,"[False, False, False, False]","[-1, -1, -1, -1]",False,-1,-1,-1,-1
316,"09/12/19, 16:40",roll_z_0_1pitch_y_0_1roll_z_0_7pris_y_0_7pitch_y_0_4pitch_y_0_7,"[False, False, False, False]","[-1, -1, -1, -1]",False,-1,-1,-1,-1
317,"09/12/19, 16:40",roll_z_0_1pris_z_0_7pitch_y_0_1pitch_x_0_1pris_y_0_7roll_y_0_4,"[False, False, False, False]","[-1, -1, -1, -1]",False,-1,-1,-1,-1
318,"09/12/19, 16:41",roll_z_0_1pitch_y_0_4pitch_y_0_4pris_z_0_4pris_y_0_1pris_x_0_7,"[False, False, False, False]","[-1, -1, -1, -1]",False,-1,-1,-1,-1
319,"09/12/19, 16:41",roll_z_0_1pitch_y_0_7pris_x_0_4pitch_z_0_4pris_y_0_7pris_x_0_7,"[False, False, False, False]","[-1, -1, -1, -1]",False,-1,-1,-1,-1
320,"09/12/19, 16:41",roll_z_0_1roll_y_0_7roll_y_0_1pitch_y_0_4pitch_y_0_4pitch_z_0_1,"[True, True, True, True]","[2.437, 2.472, 2.208, 3.005]",True,2.53,0.186,0.246,0.101
321,"09/12/19, 16:41",roll_z_0_1roll_y_0_1pitch_y_0_1pris_x_0_1roll_z_0_7pitch_y_0_1,"[False, False, False, False]","[-1, -1, -1, -1]",False,-1,-1,-1,-1
322,"09/12/19, 16:42",roll_z_0_1pris_z_0_4roll_y_0_4pitch_y_0_7pitch_y_0_1pris_y_0_7,"[False, False, False, False]","[-1, -1, -1, -1]",False,-1,-1,-1,-1
323,"09/12/19, 16:42",roll_z_0_1pris_y_0_4pitch_y_0_4pris_y_0_1pitch_x_0_7pitch_z_0_4,"[False, False, False, False]","[-1, -1, -1, -1]",False,-1,-1,-1,-1
324,"09/12/19, 16:42",roll_z_0_1pitch_y_0_7pitch_z_0_4pris_y_0_1pris_x_0_1roll_y_0_7,"[False, False, False, False]","[-1, -1, -1, -1]",False,-1,-1,-1,-1
325,"09/12/19, 16:42",roll_z_0_1pris_y_0_4pris_y_0_1pitch_x_0_1pris_z_0_1roll_z_0_7,"[False, False, False, False]","[-1, -1, -1, -1]",False,-1,-1,-1,-1
326,"09/12/19, 16:43",roll_z_0_1pitch_y_0_7pitch_z_0_1roll_y_0_7pris_y_0_7roll_x_0_4,"[False, False, False, False]","[-1, -1, -1, -1]",False,-1,-1,-1,-1
327,"09/12/19, 16:43",roll_z_0_1pris_y_0_4roll_y_0_4pitch_y_0_4pitch_z_0_1pris_x_0_7,"[False, False, False, False]","[-1, -1, -1, -1]",False,-1,-1,-1,-1
328,"09/12/19, 16:43",roll_z_0_1pitch_y_0_4roll_y_0_4pitch_y_0_1pris_y_0_1pitch_z_0_7,"[False, False, False, False]","[-1, -1, -1, -1]",False,-1,-1,-1,-1
329,"09/12/19, 16:43",roll_z_0_1pris_z_0_1pris_y_0_1pitch_x_0_1pris_z_0_7roll_y_0_4,"[False, False, False, False]","[-1, -1, -1, -1]",False,-1,-1,-1,-1
330,"09/12/19, 16:43",roll_z_0_1roll_y_0_4pris_y_0_4pitch_z_0_4roll_y_0_1pris_y_0_7,"[False, False, False, False]","[-1, -1, -1, -1]",False,-1,-1,-1,-1
331,"09/12/19, 16:44",roll_z_0_1pris_z_0_7pris_y_0_4pitch_x_0_4pitch_z_0_7pitch_z_0_1,"[False, False, False, False]","[-1, -1, -1, -1]",False,-1,-1,-1,-1
332,"09/12/19, 16:44",roll_z_0_1pitch_y_0_1roll_x_0_7pris_z_0_1pitch_y_0_4pris_y_0_4,"[False, False, False, False]","[-1, -1, -1, -1]",False,-1,-1,-1,-1
333,"09/12/19, 16:44",roll_z_0_1roll_y_0_7pris_y_0_4pitch_x_0_7pitch_x_0_7roll_y_0_7,"[False, False, False, False]","[-1, -1, -1, -1]",False,-1,-1,-1,-1
334,"09/12/19, 16:45",roll_z_0_1pitch_y_0_1roll_y_0_7pris_y_0_1pitch_z_0_1pitch_x_0_1,"[False, False, False, False]","[-1, -1, -1, -1]",False,-1,-1,-1,-1
335,"09/12/19, 16:45",roll_z_0_1pris_y_0_4pitch_x_0_1pris_y_0_4pris_x_0_7pitch_z_0_4,"[False, False, False, False]","[-1, -1, -1, -1]",False,-1,-1,-1,-1
336,"09/12/19, 16:45",roll_z_0_1pitch_y_0_1pitch_y_0_7pitch_x_0_4pitch_z_0_7pris_z_0_7,"[False, False, False, False]","[-1, -1, -1, -1]",False,-1,-1,-1,-1
337,"09/12/19, 16:45",roll_z_0_1pris_y_0_1pitch_y_0_7pitch_x_0_4pris_y_0_1roll_y_0_7,"[False, False, False, False]","[-1, -1, -1, -1]",False,-1,-1,-1,-1
338,"09/12/19, 16:45",roll_z_0_1pitch_y_0_7roll_z_0_4pitch_y_0_4pitch_y_0_1pris_x_0_4,"[False, False, False, False]","[-1, -1, -1, -1]",False,-1,-1,-1,-1
339,"09/12/19, 16:46",roll_z_0_1pris_y_0_4pris_y_0_4pitch_z_0_7pris_z_0_7pitch_x_0_4,"[False, False, False, False]","[-1, -1, -1, -1]",False,-1,-1,-1,-1
340,"09/12/19, 16:46",roll_z_0_1pitch_y_0_4pris_x_0_1pitch_y_0_4pitch_x_0_4pitch_y_0_7,"[False, False, False, False]","[-1, -1, -1, -1]",False,-1,-1,-1,-1
341,"09/12/19, 16:46",roll_z_0_1pris_y_0_1pitch_x_0_4pris_z_0_1pitch_y_0_7roll_x_0_1,"[False, False, False, False]","[-1, -1, -1, -1]",False,-1,-1,-1,-1
342,"09/12/19, 16:46",roll_z_0_1pitch_y_0_1pris_x_0_7pitch_y_0_7pris_x_0_1roll_x_0_1,"[False, False, False, False]","[-1, -1, -1, -1]",False,-1,-1,-1,-1
343,"09/12/19, 16:47",roll_z_0_1pris_z_0_4pris_y_0_7pitch_y_0_4pris_y_0_7roll_y_0_1,"[False, False, False, False]","[-1, -1, -1, -1]",False,-1,-1,-1,-1
344,"09/12/19, 16:47",roll_z_0_1pris_z_0_7pitch_y_0_4pris_y_0_7pitch_y_0_4pitch_z_0_1,"[False, False, False, False]","[-1, -1, -1, -1]",False,-1,-1,-1,-1
345,"09/12/19, 16:47",roll_z_0_1pris_z_0_4pitch_y_0_7pitch_z_0_1pitch_z_0_1pris_x_0_1,"[False, False, False, False]","[-1, -1, -1, -1]",False,-1,-1,-1,-1
346,"09/12/19, 16:48",roll_z_0_1pris_y_0_4pitch_z_0_1pris_y_0_7roll_y_0_4roll_y_0_4,"[False, False, False, False]","[-1, -1, -1, -1]",False,-1,-1,-1,-1
347,"09/12/19, 16:48",roll_z_0_1pris_z_0_7pitch_y_0_1pitch_y_0_1roll_y_0_1pris_z_0_7,"[False, False, False, False]","[-1, -1, -1, -1]",False,-1,-1,-1,-1
348,"09/12/19, 16:48",roll_z_0_1roll_y_0_1pitch_y_0_1roll_z_0_4pris_z_0_1pris_y_0_4,"[False, False, False, False]","[-1, -1, -1, -1]",False,-1,-1,-1,-1
349,"09/12/19, 16:48",roll_z_0_1pitch_y_0_4roll_y_0_1pitch_y_0_7pris_x_0_1pitch_y_0_7,"[False, False, False, False]","[-1, -1, -1, -1]",False,-1,-1,-1,-1
350,"09/12/19, 16:49",roll_z_0_1pris_z_0_1pris_y_0_7pitch_y_0_1pris_y_0_4pitch_y_0_4,"[False, False, False, False]","[-1, -1, -1, -1]",False,-1,-1,-1,-1
351,"09/12/19, 16:49",roll_z_0_1roll_y_0_1pris_y_0_4pitch_y_0_4pris_y_0_7pitch_x_0_7,"[False, False, False, False]","[-1, -1, -1, -1]",False,-1,-1,-1,-1
352,"09/12/19, 16:49",roll_z_0_1pitch_y_0_4pitch_y_0_4pitch_x_0_4pris_x_0_4pitch_y_0_4,"[False, False, False, False]","[-1, -1, -1, -1]",False,-1,-1,-1,-1
353,"09/12/19, 16:49",roll_z_0_1roll_y_0_7roll_y_0_7pris_y_0_4pris_x_0_7roll_x_0_4,"[False, False, False, False]","[-1, -1, -1, -1]",False,-1,-1,-1,-1
354,"09/12/19, 16:50",roll_z_0_1pitch_y_0_7pitch_z_0_1pris_x_0_4pitch_z_0_1pris_z_0_7,"[False, False, False, False]","[-1, -1, -1, -1]",False,-1,-1,-1,-1
355,"09/12/19, 16:50",roll_z_0_1pris_y_0_1pris_x_0_7roll_x_0_4pris_z_0_7roll_y_0_1,"[False, False, False, False]","[-1, -1, -1, -1]",False,-1,-1,-1,-1
356,"09/12/19, 16:50",roll_z_0_1pris_y_0_7roll_x_0_1pitch_y_0_4roll_z_0_7roll_y_0_4,"[False, False, True, True]","[-1, -1, -1, -1]",False,-1,-1,-1,-1
357,"09/12/19, 16:51",roll_z_0_1pris_y_0_1pitch_y_0_4pitch_z_0_7pitch_x_0_7roll_z_0_7,"[False, False, False, False]","[-1, -1, -1, -1]",False,-1,-1,-1,-1
358,"09/12/19, 16:51",roll_z_0_1pitch_y_0_7pitch_x_0_7pris_y_0_4roll_y_0_1pitch_y_0_7,"[False, False, False, False]","[-1, -1, -1, -1]",False,-1,-1,-1,-1
359,"09/12/19, 16:51",roll_z_0_1pris_y_0_7pris_y_0_7pitch_y_0_7roll_x_0_7roll_y_0_7,"[False, False, False, False]","[-1, -1, -1, -1]",False,-1,-1,-1,-1
360,"09/12/19, 16:51",roll_z_0_1pitch_y_0_1pris_y_0_1pris_x_0_4pitch_z_0_1pris_y_0_4,"[False, False, False, False]","[-1, -1, -1, -1]",False,-1,-1,-1,-1
361,"09/12/19, 16:52",roll_z_0_1roll_y_0_4pris_y_0_4roll_y_0_1pris_y_0_7pitch_z_0_4,"[False, False, False, False]","[-1, -1, -1, -1]",False,-1,-1,-1,-1
362,"09/12/19, 16:52",roll_z_0_1roll_y_0_4pris_y_0_1roll_z_0_4pitch_y_0_1pitch_y_0_4,"[False, False, False, False]","[-1, -1, -1, -1]",False,-1,-1,-1,-1
363,"09/12/19, 16:52",roll_z_0_1pitch_y_0_7roll_y_0_4roll_y_0_7pitch_y_0_4roll_z_0_4,"[True, True, True, True]","[2.317, 2.253, 2.495, 2.477]",True,2.39,0.205,0.281,0.109
364,"09/12/19, 16:53",roll_z_0_1pris_y_0_7pris_y_0_4pitch_z_0_4pitch_y_0_7roll_y_0_4,"[False, False, False, False]","[-1, -1, -1, -1]",False,-1,-1,-1,-1
365,"09/12/19, 16:53",roll_z_0_1pitch_y_0_7pris_y_0_7pitch_z_0_1pitch_x_0_7roll_y_0_7,"[False, False, False, False]","[-1, -1, -1, -1]",False,-1,-1,-1,-1
366,"09/12/19, 16:53",roll_z_0_1pris_y_0_7pitch_z_0_4roll_z_0_1pris_z_0_7pris_y_0_1,"[False, False, False, False]","[-1, -1, -1, -1]",False,-1,-1,-1,-1
367,"09/12/19, 16:53",roll_z_0_1pris_z_0_4roll_y_0_1pris_y_0_4roll_x_0_7roll_y_0_7,"[False, False, False, False]","[-1, -1, -1, -1]",False,-1,-1,-1,-1
368,"09/12/19, 16:54",roll_z_0_1pris_y_0_4pris_y_0_1pitch_y_0_1roll_z_0_7pris_z_0_1,"[False, False, False, False]","[-1, -1, -1, -1]",False,-1,-1,-1,-1
369,"09/12/19, 16:54",roll_z_0_1pitch_y_0_7pitch_z_0_4pitch_z_0_4pitch_z_0_1pitch_z_0_7,"[True, True, True, True]","[2.432, 2.42, 2.632, 2.913]",True,2.6,0.166,0.252,0.096
370,"09/12/19, 16:54",roll_z_0_1roll_y_0_7roll_y_0_4pris_y_0_1pitch_x_0_4pitch_z_0_1,"[False, False, False, False]","[-1, -1, -1, -1]",False,-1,-1,-1,-1
371,"09/12/19, 16:54",roll_z_0_1pris_y_0_4roll_z_0_1pitch_y_0_4pitch_y_0_1pris_y_0_7,"[False, False, False, False]","[-1, -1, -1, -1]",False,-1,-1,-1,-1
372,"09/12/19, 16:54",roll_z_0_1pitch_y_0_7roll_x_0_4pitch_y_0_7pris_y_0_4roll_z_0_1,"[False, False, False, False]","[-1, -1, -1, -1]",False,-1,-1,-1,-1
373,"09/12/19, 16:55",roll_z_0_1pris_y_0_4roll_x_0_4pris_y_0_1pitch_x_0_4roll_z_0_1,"[False, False, False, False]","[-1, -1, -1, -1]",False,-1,-1,-1,-1
374,"09/12/19, 16:55",roll_z_0_1pitch_y_0_7pris_z_0_1pitch_y_0_7pris_z_0_4pitch_z_0_4,"[False, False, False, False]","[-1, -1, -1, -1]",False,-1,-1,-1,-1
375,"09/12/19, 16:55",roll_z_0_1pitch_y_0_4roll_z_0_1pris_y_0_4pitch_z_0_1pitch_z_0_4,"[False, False, False, False]","[-1, -1, -1, -1]",False,-1,-1,-1,-1
