"06/11/19, 08:00",roll_z_0_1pitch_y_0_1pris_y_0_4pitch_y_0_7,"[False, False, False, False]","[-1, -1, -1, -1]",False,-1,-1,-1,-1,-1
"06/11/19, 08:01",roll_z_0_1pitch_y_0_1pris_y_0_4pitch_x_1_0,"[False, True, False, False]","[-1, -1, -1, -1]",False,-1,-1,-1,-1,-1
"06/11/19, 08:01",roll_z_0_1pitch_y_0_1pris_y_0_4pitch_x_0_7,"[False, True, False, False]","[-1, -1, -1, -1]",False,-1,-1,-1,-1,-1
"06/11/19, 08:01",roll_z_0_1pitch_y_0_1pris_y_0_1roll_z_1_0,"[False, False, False, False]","[-1, -1, -1, -1]",False,-1,-1,-1,-1,-1
"06/11/19, 08:02",roll_z_0_1pitch_y_0_1pris_y_0_1roll_y_1_0,"[False, False, False, False]","[-1, -1, -1, -1]",False,-1,-1,-1,-1,-1
"06/11/19, 08:02",roll_z_0_1pitch_y_0_1pris_y_0_1roll_x_1_0,"[False, False, False, False]","[-1, -1, -1, -1]",False,-1,-1,-1,-1,-1
"06/11/19, 08:02",roll_z_0_1pitch_y_0_1pris_y_0_1pris_y_1_0,"[False, False, False, False]","[-1, -1, -1, -1]",False,-1,-1,-1,-1,-1
"06/11/19, 08:03",roll_z_0_1pitch_y_0_1pris_y_0_1pris_x_1_0,"[False, False, False, False]","[-1, -1, -1, -1]",False,-1,-1,-1,-1,-1
"06/11/19, 08:03",roll_z_0_1pitch_y_0_1pris_y_0_1pitch_z_1_0,"[False, False, False, False]","[-1, -1, -1, -1]",False,-1,-1,-1,-1,-1
"06/11/19, 08:03",roll_z_0_1pitch_y_0_1pris_y_0_1pitch_y_1_0,"[False, False, False, False]","[-1, -1, -1, -1]",False,-1,-1,-1,-1,-1
"06/11/19, 08:04",roll_z_0_1pitch_y_0_1pris_y_0_1pitch_x_1_0,"[False, False, False, False]","[-1, -1, -1, -1]",False,-1,-1,-1,-1,-1
"06/11/19, 08:04",roll_z_0_1pitch_y_0_1pris_x_1_0roll_z_1_0,"[False, False, False, False]","[-1, -1, -1, -1]",False,-1,-1,-1,-1,-1
"06/11/19, 08:04",roll_z_0_1pitch_y_0_1pris_x_1_0roll_z_0_7,"[False, False, False, False]","[-1, -1, -1, -1]",False,-1,-1,-1,-1,-1
"06/11/19, 08:05",roll_z_0_1pitch_y_0_1pris_x_1_0roll_z_0_4,"[False, True, False, False]","[-1, -1, -1, -1]",False,-1,-1,-1,-1,-1
"06/11/19, 08:05",roll_z_0_1pitch_y_0_1pris_x_1_0roll_z_0_1,"[False, True, False, False]","[-1, -1, -1, -1]",False,-1,-1,-1,-1,-1
"06/11/19, 08:05",roll_z_0_1pitch_y_0_1pris_x_1_0roll_y_1_0,"[False, False, False, False]","[-1, -1, -1, -1]",False,-1,-1,-1,-1,-1
"06/11/19, 08:06",roll_z_0_1pitch_y_0_1pris_x_1_0roll_y_0_7,"[False, True, True, False]","[-1, -1, -1, -1]",False,-1,-1,-1,-1,-1
"06/11/19, 08:06",roll_z_0_1pitch_y_0_1pris_x_1_0roll_y_0_4,"[False, True, False, False]","[-1, -1, -1, -1]",False,-1,-1,-1,-1,-1
"06/11/19, 08:07",roll_z_0_1pitch_y_0_1pris_x_1_0roll_y_0_1,"[False, True, False, False]","[-1, -1, -1, -1]",False,-1,-1,-1,-1,-1
"06/11/19, 08:07",roll_z_0_1pitch_y_0_1pris_x_1_0roll_x_1_0,"[False, False, False, False]","[-1, -1, -1, -1]",False,-1,-1,-1,-1,-1
"06/11/19, 08:08",roll_z_0_1pitch_y_0_1pris_x_1_0roll_x_0_7,"[False, True, False, False]","[-1, -1, -1, -1]",False,-1,-1,-1,-1,-1
"06/11/19, 08:08",roll_z_0_1pitch_y_0_1pris_x_1_0roll_x_0_4,"[False, False, False, False]","[-1, -1, -1, -1]",False,-1,-1,-1,-1,-1
"06/11/19, 08:08",roll_z_0_1pitch_y_0_1pris_x_1_0roll_x_0_1,"[False, True, True, False]","[-1, -1, -1, -1]",False,-1,-1,-1,-1,-1
"06/11/19, 08:09",roll_z_0_1pitch_y_0_1pris_x_1_0pris_y_1_0,"[False, False, False, False]","[-1, -1, -1, -1]",False,-1,-1,-1,-1,-1
"06/11/19, 08:09",roll_z_0_1pitch_y_0_1pris_x_1_0pris_y_0_7,"[False, False, False, False]","[-1, -1, -1, -1]",False,-1,-1,-1,-1,-1
"06/11/19, 08:10",roll_z_0_1pitch_y_0_1pris_x_1_0pris_y_0_4,"[False, False, False, False]","[-1, -1, -1, -1]",False,-1,-1,-1,-1,-1
"06/11/19, 08:10",roll_z_0_1pitch_y_0_1pris_x_1_0pris_y_0_1,"[False, False, False, False]","[-1, -1, -1, -1]",False,-1,-1,-1,-1,-1
"06/11/19, 08:10",roll_z_0_1pitch_y_0_1pris_x_1_0pris_x_1_0,"[False, False, False, False]","[-1, -1, -1, -1]",False,-1,-1,-1,-1,-1
"06/11/19, 08:11",roll_z_0_1pitch_y_0_1pris_x_1_0pris_x_0_7,"[False, False, False, False]","[-1, -1, -1, -1]",False,-1,-1,-1,-1,-1
"06/11/19, 08:11",roll_z_0_1pitch_y_0_1pris_x_1_0pris_x_0_4,"[False, False, False, False]","[-1, -1, -1, -1]",False,-1,-1,-1,-1,-1
"06/11/19, 08:11",roll_z_0_1pitch_y_0_1pris_x_1_0pris_x_0_1,"[False, False, False, False]","[-1, -1, -1, -1]",False,-1,-1,-1,-1,-1
"06/11/19, 08:12",roll_z_0_1pitch_y_0_1pris_x_1_0pitch_z_1_0,"[False, False, False, False]","[-1, -1, -1, -1]",False,-1,-1,-1,-1,-1
"06/11/19, 08:12",roll_z_0_1pitch_y_0_1pris_x_1_0pitch_z_0_7,"[False, True, False, False]","[-1, -1, -1, -1]",False,-1,-1,-1,-1,-1
"06/11/19, 08:12",roll_z_0_1pitch_y_0_1pris_x_1_0pitch_z_0_4,"[False, False, False, False]","[-1, -1, -1, -1]",False,-1,-1,-1,-1,-1
"06/11/19, 08:13",roll_z_0_1pitch_y_0_1pris_x_1_0pitch_z_0_1,"[False, True, True, False]","[-1, -1, -1, -1]",False,-1,-1,-1,-1,-1
"06/11/19, 08:13",roll_z_0_1pitch_y_0_1pris_x_1_0pitch_y_1_0,"[False, True, False, False]","[-1, -1, -1, -1]",False,-1,-1,-1,-1,-1
"06/11/19, 08:14",roll_z_0_1pitch_y_0_1pris_x_1_0pitch_y_0_7,"[False, False, False, False]","[-1, -1, -1, -1]",False,-1,-1,-1,-1,-1
"06/11/19, 08:14",roll_z_0_1pitch_y_0_1pris_x_1_0pitch_y_0_4,"[False, False, True, False]","[-1, -1, -1, -1]",False,-1,-1,-1,-1,-1
"06/11/19, 08:14",roll_z_0_1pitch_y_0_1pris_x_1_0pitch_y_0_1,"[False, True, False, False]","[-1, -1, -1, -1]",False,-1,-1,-1,-1,-1
"06/11/19, 08:15",roll_z_0_1pitch_y_0_1pris_x_1_0pitch_x_1_0,"[False, False, False, False]","[-1, -1, -1, -1]",False,-1,-1,-1,-1,-1
"06/11/19, 08:15",roll_z_0_1pitch_y_0_1pris_x_1_0pitch_x_0_7,"[False, True, False, False]","[-1, -1, -1, -1]",False,-1,-1,-1,-1,-1
"06/11/19, 08:16",roll_z_0_1pitch_y_0_1pris_x_1_0pitch_x_0_4,"[False, True, False, False]","[-1, -1, -1, -1]",False,-1,-1,-1,-1,-1
"06/11/19, 08:16",roll_z_0_1pitch_y_0_1pris_x_1_0pitch_x_0_1,"[False, True, True, False]","[-1, -1, -1, -1]",False,-1,-1,-1,-1,-1
"06/11/19, 08:16",roll_z_0_1pitch_y_0_1pris_x_0_7roll_z_1_0,"[False, False, False, False]","[-1, -1, -1, -1]",False,-1,-1,-1,-1,-1
"06/11/19, 08:17",roll_z_0_1pitch_y_0_1pris_x_0_7roll_z_0_7,"[False, True, False, False]","[-1, -1, -1, -1]",False,-1,-1,-1,-1,-1
"06/11/19, 08:17",roll_z_0_1pitch_y_0_1pris_x_0_7roll_z_0_4,"[False, True, False, False]","[-1, -1, -1, -1]",False,-1,-1,-1,-1,-1
"06/11/19, 08:17",roll_z_0_1pitch_y_0_1pris_x_0_7roll_y_1_0,"[False, False, False, False]","[-1, -1, -1, -1]",False,-1,-1,-1,-1,-1
"06/11/19, 08:18",roll_z_0_1pitch_y_0_1pris_x_0_7roll_y_0_7,"[False, False, False, False]","[-1, -1, -1, -1]",False,-1,-1,-1,-1,-1
"06/11/19, 08:18",roll_z_0_1pitch_y_0_1pris_x_0_7roll_y_0_4,"[False, True, False, False]","[-1, -1, -1, -1]",False,-1,-1,-1,-1,-1
"06/11/19, 08:19",roll_z_0_1pitch_y_0_1pris_x_0_7roll_x_1_0,"[False, True, False, False]","[-1, -1, -1, -1]",False,-1,-1,-1,-1,-1
"06/11/19, 08:19",roll_z_0_1pitch_y_0_1pris_x_0_7roll_x_0_7,"[False, False, False, False]","[-1, -1, -1, -1]",False,-1,-1,-1,-1,-1
"06/11/19, 08:19",roll_z_0_1pitch_y_0_1pris_x_0_7roll_x_0_4,"[False, False, False, False]","[-1, -1, -1, -1]",False,-1,-1,-1,-1,-1
"06/11/19, 08:20",roll_z_0_1pitch_y_0_1pris_x_0_7pris_y_1_0,"[False, False, False, False]","[-1, -1, -1, -1]",False,-1,-1,-1,-1,-1
"06/11/19, 08:20",roll_z_0_1pitch_y_0_1pris_x_0_7pris_y_0_7,"[False, True, False, False]","[-1, -1, -1, -1]",False,-1,-1,-1,-1,-1
"06/11/19, 08:21",roll_z_0_1pitch_y_0_1pris_x_0_7pris_y_0_4,"[False, False, False, False]","[-1, -1, -1, -1]",False,-1,-1,-1,-1,-1
"06/11/19, 08:21",roll_z_0_1pitch_y_0_1pris_x_0_7pris_x_1_0,"[False, False, False, False]","[-1, -1, -1, -1]",False,-1,-1,-1,-1,-1
"06/11/19, 08:21",roll_z_0_1pitch_y_0_1pris_x_0_7pris_x_0_7,"[False, True, False, False]","[-1, -1, -1, -1]",False,-1,-1,-1,-1,-1
"06/11/19, 08:22",roll_z_0_1pitch_y_0_1pris_x_0_7pris_x_0_4,"[False, False, False, False]","[-1, -1, -1, -1]",False,-1,-1,-1,-1,-1
"06/11/19, 08:22",roll_z_0_1pitch_y_0_1pris_x_0_7pitch_z_1_0,"[False, False, False, False]","[-1, -1, -1, -1]",False,-1,-1,-1,-1,-1
"06/11/19, 08:22",roll_z_0_1pitch_y_0_1pris_x_0_7pitch_z_0_7,"[False, True, False, False]","[-1, -1, -1, -1]",False,-1,-1,-1,-1,-1
"06/11/19, 08:23",roll_z_0_1pitch_y_0_1pris_x_0_7pitch_z_0_4,"[False, False, False, False]","[-1, -1, -1, -1]",False,-1,-1,-1,-1,-1
"06/11/19, 08:23",roll_z_0_1pitch_y_0_1pris_x_0_7pitch_y_1_0,"[False, False, False, False]","[-1, -1, -1, -1]",False,-1,-1,-1,-1,-1
"06/11/19, 08:24",roll_z_0_1pitch_y_0_1pris_x_0_7pitch_y_0_7,"[False, False, False, False]","[-1, -1, -1, -1]",False,-1,-1,-1,-1,-1
"06/11/19, 08:24",roll_z_0_1pitch_y_0_1pris_x_0_7pitch_y_0_4,"[False, False, False, False]","[-1, -1, -1, -1]",False,-1,-1,-1,-1,-1
"06/11/19, 08:24",roll_z_0_1pitch_y_0_1pris_x_0_7pitch_x_1_0,"[False, False, False, False]","[-1, -1, -1, -1]",False,-1,-1,-1,-1,-1
"06/11/19, 08:25",roll_z_0_1pitch_y_0_1pris_x_0_7pitch_x_0_7,"[False, False, False, False]","[-1, -1, -1, -1]",False,-1,-1,-1,-1,-1
"06/11/19, 08:25",roll_z_0_1pitch_y_0_1pris_x_0_7pitch_x_0_4,"[False, False, False, False]","[-1, -1, -1, -1]",False,-1,-1,-1,-1,-1
"06/11/19, 08:25",roll_z_0_1pitch_y_0_1pris_x_0_4roll_z_1_0,"[False, False, False, False]","[-1, -1, -1, -1]",False,-1,-1,-1,-1,-1
"06/11/19, 08:26",roll_z_0_1pitch_y_0_1pris_x_0_4roll_z_0_7,"[False, False, False, False]","[-1, -1, -1, -1]",False,-1,-1,-1,-1,-1
"06/11/19, 08:26",roll_z_0_1pitch_y_0_1pris_x_0_4roll_y_1_0,"[False, False, False, False]","[-1, -1, -1, -1]",False,-1,-1,-1,-1,-1
"06/11/19, 08:26",roll_z_0_1pitch_y_0_1pris_x_0_4roll_y_0_7,"[False, False, False, False]","[-1, -1, -1, -1]",False,-1,-1,-1,-1,-1
"06/11/19, 08:27",roll_z_0_1pitch_y_0_1pris_x_0_4roll_x_1_0,"[False, True, False, False]","[-1, -1, -1, -1]",False,-1,-1,-1,-1,-1
"06/11/19, 08:27",roll_z_0_1pitch_y_0_1pris_x_0_4roll_x_0_7,"[False, False, False, False]","[-1, -1, -1, -1]",False,-1,-1,-1,-1,-1
"06/11/19, 08:28",roll_z_0_1pitch_y_0_1pris_x_0_4pris_y_1_0,"[False, True, False, False]","[-1, -1, -1, -1]",False,-1,-1,-1,-1,-1
"06/11/19, 08:28",roll_z_0_1pitch_y_0_1pris_x_0_4pris_y_0_7,"[False, False, False, False]","[-1, -1, -1, -1]",False,-1,-1,-1,-1,-1
"06/11/19, 08:28",roll_z_0_1pitch_y_0_1pris_x_0_4pris_x_1_0,"[False, True, False, False]","[-1, -1, -1, -1]",False,-1,-1,-1,-1,-1
"06/11/19, 08:29",roll_z_0_1pitch_y_0_1pris_x_0_4pris_x_0_7,"[False, False, False, False]","[-1, -1, -1, -1]",False,-1,-1,-1,-1,-1
"06/11/19, 08:29",roll_z_0_1pitch_y_0_1pris_x_0_4pitch_z_1_0,"[False, True, False, False]","[-1, -1, -1, -1]",False,-1,-1,-1,-1,-1
"06/11/19, 08:29",roll_z_0_1pitch_y_0_1pris_x_0_4pitch_z_0_7,"[False, True, False, False]","[-1, -1, -1, -1]",False,-1,-1,-1,-1,-1
"06/11/19, 08:30",roll_z_0_1pitch_y_0_1pris_x_0_4pitch_y_1_0,"[False, True, False, False]","[-1, -1, -1, -1]",False,-1,-1,-1,-1,-1
"06/11/19, 08:30",roll_z_0_1pitch_y_0_1pris_x_0_4pitch_y_0_7,"[False, True, False, False]","[-1, -1, -1, -1]",False,-1,-1,-1,-1,-1
"06/11/19, 08:31",roll_z_0_1pitch_y_0_1pris_x_0_4pitch_x_1_0,"[False, True, False, False]","[-1, -1, -1, -1]",False,-1,-1,-1,-1,-1
"06/11/19, 08:31",roll_z_0_1pitch_y_0_1pris_x_0_4pitch_x_0_7,"[False, False, False, False]","[-1, -1, -1, -1]",False,-1,-1,-1,-1,-1
"06/11/19, 08:31",roll_z_0_1pitch_y_0_1pris_x_0_1roll_z_1_0,"[False, False, False, False]","[-1, -1, -1, -1]",False,-1,-1,-1,-1,-1
"06/11/19, 08:32",roll_z_0_1pitch_y_0_1pris_x_0_1roll_y_1_0,"[False, False, False, False]","[-1, -1, -1, -1]",False,-1,-1,-1,-1,-1
"06/11/19, 08:32",roll_z_0_1pitch_y_0_1pris_x_0_1roll_x_1_0,"[False, False, False, False]","[-1, -1, -1, -1]",False,-1,-1,-1,-1,-1
"06/11/19, 08:32",roll_z_0_1pitch_y_0_1pris_x_0_1pris_y_1_0,"[False, False, False, False]","[-1, -1, -1, -1]",False,-1,-1,-1,-1,-1
"06/11/19, 08:33",roll_z_0_1pitch_y_0_1pris_x_0_1pris_x_1_0,"[False, False, False, False]","[-1, -1, -1, -1]",False,-1,-1,-1,-1,-1
"06/11/19, 08:33",roll_z_0_1pitch_y_0_1pris_x_0_1pitch_z_1_0,"[False, False, False, False]","[-1, -1, -1, -1]",False,-1,-1,-1,-1,-1
"06/11/19, 08:33",roll_z_0_1pitch_y_0_1pris_x_0_1pitch_y_1_0,"[False, False, False, False]","[-1, -1, -1, -1]",False,-1,-1,-1,-1,-1
"06/11/19, 08:34",roll_z_0_1pitch_y_0_1pris_x_0_1pitch_x_1_0,"[False, False, False, False]","[-1, -1, -1, -1]",False,-1,-1,-1,-1,-1
"06/11/19, 08:34",roll_z_0_1pitch_y_0_1pitch_z_1_0roll_z_1_0,"[False, True, True, True]","[10.07, 2.9, 4.34, 8.17]",True,6.37,0.069,0.164,0.051,50
"06/11/19, 08:35",roll_z_0_1pitch_y_0_1pitch_z_1_0roll_z_0_7,"[False, True, True, True]","[10.03, 2.27, 3.51, 5.59]",True,5.35,0.071,0.223,0.05,50
"06/11/19, 08:35",roll_z_0_1pitch_y_0_1pitch_z_1_0roll_z_0_4,"[False, True, True, True]","[10.07, 2.46, 3.52, 5.57]",True,5.4,0.068,0.244,0.051,50
"06/11/19, 08:36",roll_z_0_1pitch_y_0_1pitch_z_1_0roll_z_0_1,"[False, True, True, True]","[10.07, 2.53, 2.9, 4.86]",True,5.09,0.074,0.242,0.046,50
"06/11/19, 08:36",roll_z_0_1pitch_y_0_1pitch_z_1_0roll_y_1_0,"[False, True, True, False]","[-1, -1, -1, -1]",False,-1,-1,-1,-1,-1
"06/11/19, 08:37",roll_z_0_1pitch_y_0_1pitch_z_1_0roll_y_0_7,"[False, True, True, True]","[10.06, 2.33, 3.58, 5.08]",True,5.26,0.074,0.217,0.046,50
"06/11/19, 08:37",roll_z_0_1pitch_y_0_1pitch_z_1_0roll_y_0_4,"[False, True, True, True]","[10.07, 2.64, 3.72, 10.57]",True,6.75,0.067,0.229,0.05,50
"06/11/19, 08:38",roll_z_0_1pitch_y_0_1pitch_z_1_0roll_y_0_1,"[False, True, True, True]","[10.05, 1.76, 3.09, 8.93]",True,5.96,0.067,0.228,0.05,50
"06/11/19, 08:38",roll_z_0_1pitch_y_0_1pitch_z_1_0roll_x_1_0,"[False, True, True, True]","[10.05, 3.09, 3.96, 5.62]",True,5.68,0.056,0.141,0.046,50
"06/11/19, 08:39",roll_z_0_1pitch_y_0_1pitch_z_1_0roll_x_0_7,"[False, True, True, False]","[-1, -1, -1, -1]",False,-1,-1,-1,-1,-1
"06/11/19, 08:39",roll_z_0_1pitch_y_0_1pitch_z_1_0roll_x_0_4,"[False, True, True, True]","[10.03, 2.25, 3.47, 5.69]",True,5.36,0.069,0.217,0.049,50
"06/11/19, 08:40",roll_z_0_1pitch_y_0_1pitch_z_1_0roll_x_0_1,"[False, True, True, False]","[-1, -1, -1, -1]",False,-1,-1,-1,-1,-1
"06/11/19, 08:40",roll_z_0_1pitch_y_0_1pitch_z_1_0pris_z_1_0,"[False, False, True, False]","[-1, -1, -1, -1]",False,-1,-1,-1,-1,-1
"06/11/19, 08:40",roll_z_0_1pitch_y_0_1pitch_z_1_0pris_z_0_7,"[False, True, True, False]","[-1, -1, -1, -1]",False,-1,-1,-1,-1,-1
"06/11/19, 08:41",roll_z_0_1pitch_y_0_1pitch_z_1_0pris_z_0_4,"[False, False, True, False]","[-1, -1, -1, -1]",False,-1,-1,-1,-1,-1
"06/11/19, 08:41",roll_z_0_1pitch_y_0_1pitch_z_1_0pris_z_0_1,"[False, False, False, False]","[-1, -1, -1, -1]",False,-1,-1,-1,-1,-1
"06/11/19, 08:42",roll_z_0_1pitch_y_0_1pitch_z_1_0pris_y_1_0,"[False, False, False, False]","[-1, -1, -1, -1]",False,-1,-1,-1,-1,-1
"06/11/19, 08:42",roll_z_0_1pitch_y_0_1pitch_z_1_0pris_y_0_7,"[False, True, True, False]","[-1, -1, -1, -1]",False,-1,-1,-1,-1,-1
"06/11/19, 08:43",roll_z_0_1pitch_y_0_1pitch_z_1_0pris_y_0_4,"[False, False, False, False]","[-1, -1, -1, -1]",False,-1,-1,-1,-1,-1
"06/11/19, 08:43",roll_z_0_1pitch_y_0_1pitch_z_1_0pris_y_0_1,"[False, False, False, False]","[-1, -1, -1, -1]",False,-1,-1,-1,-1,-1
"06/11/19, 08:43",roll_z_0_1pitch_y_0_1pitch_z_1_0pris_x_1_0,"[False, False, False, False]","[-1, -1, -1, -1]",False,-1,-1,-1,-1,-1
"06/11/19, 08:44",roll_z_0_1pitch_y_0_1pitch_z_1_0pris_x_0_7,"[False, False, True, False]","[-1, -1, -1, -1]",False,-1,-1,-1,-1,-1
"06/11/19, 08:44",roll_z_0_1pitch_y_0_1pitch_z_1_0pris_x_0_4,"[False, False, True, False]","[-1, -1, -1, -1]",False,-1,-1,-1,-1,-1
"06/11/19, 08:45",roll_z_0_1pitch_y_0_1pitch_z_1_0pris_x_0_1,"[False, False, False, False]","[-1, -1, -1, -1]",False,-1,-1,-1,-1,-1
"06/11/19, 08:45",roll_z_0_1pitch_y_0_1pitch_z_1_0pitch_z_1_0,"[False, True, False, False]","[-1, -1, -1, -1]",False,-1,-1,-1,-1,-1
"06/11/19, 08:45",roll_z_0_1pitch_y_0_1pitch_z_1_0pitch_z_0_7,"[False, True, True, False]","[-1, -1, -1, -1]",False,-1,-1,-1,-1,-1
"06/11/19, 08:46",roll_z_0_1pitch_y_0_1pitch_z_1_0pitch_z_0_4,"[False, True, True, True]","[10.05, 2.3, 3.51, 5.75]",True,5.4,0.068,0.21,0.048,50
"06/11/19, 08:46",roll_z_0_1pitch_y_0_1pitch_z_1_0pitch_z_0_1,"[False, True, True, True]","[10.05, 1.68, 4.4, 3.73]",True,4.97,0.062,0.207,0.047,50
"06/11/19, 08:47",roll_z_0_1pitch_y_0_1pitch_z_1_0pitch_y_1_0,"[False, True, True, True]","[10.03, 2.31, 4.38, 3.79]",True,5.13,0.054,0.213,0.046,50
"06/11/19, 08:47",roll_z_0_1pitch_y_0_1pitch_z_1_0pitch_y_0_7,"[False, True, True, True]","[10.05, 2.33, 3.65, 4.99]",True,5.26,0.073,0.22,0.045,50
"06/11/19, 08:48",roll_z_0_1pitch_y_0_1pitch_z_1_0pitch_y_0_4,"[False, True, True, False]","[-1, -1, -1, -1]",False,-1,-1,-1,-1,-1
"06/11/19, 08:48",roll_z_0_1pitch_y_0_1pitch_z_1_0pitch_y_0_1,"[False, True, True, True]","[10.05, 1.73, 2.93, 5.13]",True,4.96,0.072,0.209,0.045,50
"06/11/19, 08:49",roll_z_0_1pitch_y_0_1pitch_z_1_0pitch_x_1_0,"[False, True, True, True]","[10.05, 2.35, 3.72, 5.26]",True,5.35,0.074,0.217,0.046,50
"06/11/19, 08:49",roll_z_0_1pitch_y_0_1pitch_z_1_0pitch_x_0_7,"[False, True, True, True]","[10.07, 2.4, 4.64, 4.11]",True,5.3,0.067,0.204,0.045,50
"06/11/19, 08:50",roll_z_0_1pitch_y_0_1pitch_z_1_0pitch_x_0_4,"[False, True, True, False]","[-1, -1, -1, -1]",False,-1,-1,-1,-1,-1
"06/11/19, 08:50",roll_z_0_1pitch_y_0_1pitch_z_1_0pitch_x_0_1,"[False, True, True, True]","[10.04, 1.85, 2.87, 4.89]",True,4.91,0.073,0.226,0.045,50
"06/11/19, 08:51",roll_z_0_1pitch_y_0_1pitch_z_0_7roll_z_1_0,"[False, True, True, True]","[10.05, 2.25, 3.47, 5.49]",True,5.32,0.069,0.216,0.05,50
"06/11/19, 08:51",roll_z_0_1pitch_y_0_1pitch_z_0_7roll_z_0_7,"[False, True, True, True]","[10.05, 2.25, 4.29, 4.31]",True,5.22,0.067,0.203,0.048,50
"06/11/19, 08:51",roll_z_0_1pitch_y_0_1pitch_z_0_7roll_z_0_4,"[False, True, True, False]","[-1, -1, -1, -1]",False,-1,-1,-1,-1,-1
"06/11/19, 08:52",roll_z_0_1pitch_y_0_1pitch_z_0_7roll_y_1_0,"[False, True, True, True]","[10.07, 2.26, 3.67, 4.9]",True,5.22,0.075,0.209,0.046,50
"06/11/19, 08:52",roll_z_0_1pitch_y_0_1pitch_z_0_7roll_y_0_7,"[False, True, True, True]","[10.06, 2.05, 4.29, 6.34]",True,5.68,0.05,0.193,0.044,50
"06/11/19, 08:53",roll_z_0_1pitch_y_0_1pitch_z_0_7roll_y_0_4,"[False, True, True, True]","[10.03, 1.63, 2.88, 5.71]",True,5.06,0.069,0.201,0.047,50
"06/11/19, 08:53",roll_z_0_1pitch_y_0_1pitch_z_0_7roll_x_1_0,"[False, True, True, False]","[-1, -1, -1, -1]",False,-1,-1,-1,-1,-1
"06/11/19, 08:54",roll_z_0_1pitch_y_0_1pitch_z_0_7roll_x_0_7,"[False, True, True, True]","[10.06, 2.45, 2.87, 7.37]",True,5.69,0.071,0.245,0.051,50
"06/11/19, 08:54",roll_z_0_1pitch_y_0_1pitch_z_0_7roll_x_0_4,"[False, True, True, False]","[-1, -1, -1, -1]",False,-1,-1,-1,-1,-1
"06/11/19, 08:55",roll_z_0_1pitch_y_0_1pitch_z_0_7pris_z_1_0,"[False, True, True, False]","[-1, -1, -1, -1]",False,-1,-1,-1,-1,-1
"06/11/19, 08:55",roll_z_0_1pitch_y_0_1pitch_z_0_7pris_z_0_7,"[False, True, True, False]","[-1, -1, -1, -1]",False,-1,-1,-1,-1,-1
"06/11/19, 08:56",roll_z_0_1pitch_y_0_1pitch_z_0_7pris_z_0_4,"[False, False, True, False]","[-1, -1, -1, -1]",False,-1,-1,-1,-1,-1
"06/11/19, 08:56",roll_z_0_1pitch_y_0_1pitch_z_0_7pris_y_1_0,"[False, True, True, False]","[-1, -1, -1, -1]",False,-1,-1,-1,-1,-1
"06/11/19, 08:57",roll_z_0_1pitch_y_0_1pitch_z_0_7pris_y_0_7,"[False, True, True, False]","[-1, -1, -1, -1]",False,-1,-1,-1,-1,-1
"06/11/19, 08:57",roll_z_0_1pitch_y_0_1pitch_z_0_7pris_y_0_4,"[False, False, False, False]","[-1, -1, -1, -1]",False,-1,-1,-1,-1,-1
"06/11/19, 08:57",roll_z_0_1pitch_y_0_1pitch_z_0_7pris_x_1_0,"[False, True, False, False]","[-1, -1, -1, -1]",False,-1,-1,-1,-1,-1
"06/11/19, 08:58",roll_z_0_1pitch_y_0_1pitch_z_0_7pris_x_0_7,"[False, False, False, False]","[-1, -1, -1, -1]",False,-1,-1,-1,-1,-1
"06/11/19, 08:58",roll_z_0_1pitch_y_0_1pitch_z_0_7pris_x_0_4,"[False, False, True, False]","[-1, -1, -1, -1]",False,-1,-1,-1,-1,-1
"06/11/19, 08:59",roll_z_0_1pitch_y_0_1pitch_z_0_7pitch_z_1_0,"[False, True, True, True]","[10.03, 2.62, 3.54, 5.07]",True,5.32,0.071,0.249,0.044,50
"06/11/19, 08:59",roll_z_0_1pitch_y_0_1pitch_z_0_7pitch_z_0_7,"[False, True, True, True]","[10.05, 2.32, 3.65, 5.78]",True,5.45,0.069,0.202,0.047,50
"06/11/19, 09:00",roll_z_0_1pitch_y_0_1pitch_z_0_7pitch_z_0_4,"[False, True, True, True]","[10.07, 1.88, 3.14, 6.04]",True,5.28,0.069,0.235,0.05,50
"06/11/19, 09:00",roll_z_0_1pitch_y_0_1pitch_z_0_7pitch_y_1_0,"[False, True, True, True]","[10.04, 2.57, 3.92, 5.14]",True,5.42,0.074,0.231,0.046,50
"06/11/19, 09:01",roll_z_0_1pitch_y_0_1pitch_z_0_7pitch_y_0_7,"[False, True, True, True]","[10.05, 2.35, 3.91, 5.31]",True,5.4,0.076,0.234,0.046,50
"06/11/19, 09:01",roll_z_0_1pitch_y_0_1pitch_z_0_7pitch_y_0_4,"[False, True, True, True]","[10.04, 2.46, 3.29, 4.89]",True,5.17,0.075,0.249,0.046,50
"06/11/19, 09:02",roll_z_0_1pitch_y_0_1pitch_z_0_7pitch_x_1_0,"[False, True, True, True]","[10.05, 2.68, 4.29, 7.26]",True,6.07,0.067,0.148,0.049,50
"06/11/19, 09:02",roll_z_0_1pitch_y_0_1pitch_z_0_7pitch_x_0_7,"[False, True, True, False]","[-1, -1, -1, -1]",False,-1,-1,-1,-1,-1
"06/11/19, 09:03",roll_z_0_1pitch_y_0_1pitch_z_0_7pitch_x_0_4,"[False, True, True, False]","[-1, -1, -1, -1]",False,-1,-1,-1,-1,-1
"06/11/19, 09:03",roll_z_0_1pitch_y_0_1pitch_z_0_4roll_z_1_0,"[False, True, True, False]","[-1, -1, -1, -1]",False,-1,-1,-1,-1,-1
"06/11/19, 09:03",roll_z_0_1pitch_y_0_1pitch_z_0_4roll_z_0_7,"[False, True, True, False]","[-1, -1, -1, -1]",False,-1,-1,-1,-1,-1
"06/11/19, 09:04",roll_z_0_1pitch_y_0_1pitch_z_0_4roll_y_1_0,"[False, True, True, False]","[-1, -1, -1, -1]",False,-1,-1,-1,-1,-1
"06/11/19, 09:04",roll_z_0_1pitch_y_0_1pitch_z_0_4roll_y_0_7,"[False, True, True, True]","[10.05, 1.85, 2.78, 4.87]",True,4.89,0.073,0.227,0.045,50
"06/11/19, 09:05",roll_z_0_1pitch_y_0_1pitch_z_0_4roll_x_1_0,"[False, True, True, True]","[10.05, 2.48, 2.87, 5.09]",True,5.12,0.068,0.234,0.05,50
"06/11/19, 09:05",roll_z_0_1pitch_y_0_1pitch_z_0_4roll_x_0_7,"[False, True, True, False]","[-1, -1, -1, -1]",False,-1,-1,-1,-1,-1
"06/11/19, 09:06",roll_z_0_1pitch_y_0_1pitch_z_0_4pris_z_1_0,"[False, True, False, False]","[-1, -1, -1, -1]",False,-1,-1,-1,-1,-1
"06/11/19, 09:06",roll_z_0_1pitch_y_0_1pitch_z_0_4pris_z_0_7,"[False, True, True, False]","[-1, -1, -1, -1]",False,-1,-1,-1,-1,-1
"06/11/19, 09:07",roll_z_0_1pitch_y_0_1pitch_z_0_4pris_y_1_0,"[False, True, True, False]","[-1, -1, -1, -1]",False,-1,-1,-1,-1,-1
"06/11/19, 09:07",roll_z_0_1pitch_y_0_1pitch_z_0_4pris_y_0_7,"[False, True, True, False]","[-1, -1, -1, -1]",False,-1,-1,-1,-1,-1
"06/11/19, 09:07",roll_z_0_1pitch_y_0_1pitch_z_0_4pris_x_1_0,"[False, True, False, False]","[-1, -1, -1, -1]",False,-1,-1,-1,-1,-1
"06/11/19, 09:08",roll_z_0_1pitch_y_0_1pitch_z_0_4pris_x_0_7,"[False, True, False, False]","[-1, -1, -1, -1]",False,-1,-1,-1,-1,-1
"06/11/19, 09:08",roll_z_0_1pitch_y_0_1pitch_z_0_4pitch_z_1_0,"[False, True, True, True]","[10.05, 1.99, 4.33, 6.55]",True,5.73,0.053,0.199,0.045,50
"06/11/19, 09:09",roll_z_0_1pitch_y_0_1pitch_z_0_4pitch_z_0_7,"[False, True, True, False]","[-1, -1, -1, -1]",False,-1,-1,-1,-1,-1
"06/11/19, 09:09",roll_z_0_1pitch_y_0_1pitch_z_0_4pitch_y_1_0,"[False, True, True, True]","[10.05, 2.46, 3.54, 4.93]",True,5.24,0.074,0.245,0.045,50
"06/11/19, 09:10",roll_z_0_1pitch_y_0_1pitch_z_0_4pitch_y_0_7,"[False, True, True, True]","[10.03, 1.66, 2.94, 7.03]",True,5.42,0.071,0.22,0.05,50
"06/11/19, 09:10",roll_z_0_1pitch_y_0_1pitch_z_0_4pitch_x_1_0,"[False, True, True, True]","[10.06, 1.69, 2.98, 7.78]",True,5.63,0.071,0.213,0.049,50
"06/11/19, 09:11",roll_z_0_1pitch_y_0_1pitch_z_0_4pitch_x_0_7,"[False, True, True, False]","[-1, -1, -1, -1]",False,-1,-1,-1,-1,-1
"06/11/19, 09:11",roll_z_0_1pitch_y_0_1pitch_z_0_1roll_z_1_0,"[False, True, True, True]","[10.05, 1.77, 3.83, 3.26]",True,4.73,0.062,0.203,0.047,50
"06/11/19, 09:12",roll_z_0_1pitch_y_0_1pitch_z_0_1roll_y_1_0,"[False, True, True, True]","[10.06, 1.79, 4.1, 5.09]",True,5.26,0.075,0.218,0.046,50
"06/11/19, 09:12",roll_z_0_1pitch_y_0_1pitch_z_0_1roll_x_1_0,"[False, True, True, True]","[10.07, 1.68, 4.26, 6.23]",True,5.56,0.062,0.206,0.046,50
"06/11/19, 09:35",roll_z_0_1pitch_y_0_1pitch_z_0_1pris_z_1_0,"[False, True, True, False]","[-1, -1, -1, -1]",False,-1,-1,-1,-1,-1
"06/11/19, 09:36",roll_z_0_1pitch_y_0_1pitch_z_0_1pris_y_1_0,"[False, True, False, False]","[-1, -1, -1, -1]",False,-1,-1,-1,-1,-1
"06/11/19, 09:36",roll_z_0_1pitch_y_0_1pitch_z_0_1pris_x_1_0,"[False, True, False, False]","[-1, -1, -1, -1]",False,-1,-1,-1,-1,-1
"06/11/19, 09:37",roll_z_0_1pitch_y_0_1pitch_z_0_1pitch_z_1_0,"[False, True, True, True]","[10.04, 2.06, 4.29, 3.7]",True,5.02,0.066,0.205,0.045,50
"06/11/19, 09:37",roll_z_0_1pitch_y_0_1pitch_z_0_1pitch_y_1_0,"[False, True, True, False]","[-1, -1, -1, -1]",False,-1,-1,-1,-1,-1
"06/11/19, 09:38",roll_z_0_1pitch_y_0_1pitch_z_0_1pitch_x_1_0,"[False, True, True, True]","[10.04, 2.27, 3.07, 4.28]",True,4.92,0.074,0.198,0.046,50
"06/11/19, 09:38",roll_z_0_1pitch_y_0_1pitch_y_1_0roll_z_1_0,"[False, False, True, True]","[-1, -1, -1, -1]",False,-1,-1,-1,-1,-1
"06/11/19, 09:38",roll_z_0_1pitch_y_0_1pitch_y_1_0roll_z_0_7,"[False, True, True, True]","[10.06, 2.26, 2.86, 4.89]",True,5.02,0.099,0.283,0.049,50
"06/11/19, 09:39",roll_z_0_1pitch_y_0_1pitch_y_1_0roll_z_0_4,"[False, True, True, True]","[10.05, 2.25, 2.87, 4.91]",True,5.02,0.075,0.209,0.046,50
"06/11/19, 09:39",roll_z_0_1pitch_y_0_1pitch_y_1_0roll_z_0_1,"[False, True, True, True]","[10.06, 2.47, 2.85, 7.74]",True,5.78,0.071,0.237,0.051,50
"06/11/19, 09:40",roll_z_0_1pitch_y_0_1pitch_y_1_0roll_y_1_0,"[False, True, True, True]","[10.04, 2.26, 4.29, 3.5]",True,5.02,0.048,0.28,0.05,50
"06/11/19, 09:40",roll_z_0_1pitch_y_0_1pitch_y_1_0roll_y_0_7,"[False, True, True, True]","[10.07, 2.49, 3.88, 5.33]",True,5.44,0.056,0.229,0.05,50
"06/11/19, 09:41",roll_z_0_1pitch_y_0_1pitch_y_1_0roll_y_0_4,"[False, True, True, True]","[10.08, 2.46, 2.86, 8.93]",True,6.08,0.069,0.229,0.05,50
"06/11/19, 09:41",roll_z_0_1pitch_y_0_1pitch_y_1_0roll_y_0_1,"[False, True, True, True]","[10.05, 2.26, 2.89, 7.73]",True,5.73,0.069,0.213,0.048,50
"06/11/19, 09:42",roll_z_0_1pitch_y_0_1pitch_y_1_0roll_x_1_0,"[False, True, True, True]","[10.06, 2.06, 3.7, 7.95]",True,5.94,0.071,0.186,0.044,50
"06/11/19, 09:42",roll_z_0_1pitch_y_0_1pitch_y_1_0roll_x_0_7,"[False, True, True, True]","[10.05, 2.72, 4.69, 4.95]",True,5.6,0.096,0.287,0.051,50
"06/11/19, 09:43",roll_z_0_1pitch_y_0_1pitch_y_1_0roll_x_0_4,"[False, True, True, True]","[10.05, 2.88, 3.68, 5.11]",True,5.43,0.098,0.294,0.047,50
"06/11/19, 09:43",roll_z_0_1pitch_y_0_1pitch_y_1_0roll_x_0_1,"[False, True, True, True]","[10.04, 2.3, 2.89, 4.92]",True,5.04,0.075,0.207,0.046,50
"06/11/19, 09:44",roll_z_0_1pitch_y_0_1pitch_y_1_0pris_z_1_0,"[False, True, True, False]","[-1, -1, -1, -1]",False,-1,-1,-1,-1,-1
"06/11/19, 09:44",roll_z_0_1pitch_y_0_1pitch_y_1_0pris_z_0_7,"[False, True, False, False]","[-1, -1, -1, -1]",False,-1,-1,-1,-1,-1
"06/11/19, 09:45",roll_z_0_1pitch_y_0_1pitch_y_1_0pris_z_0_4,"[False, False, True, False]","[-1, -1, -1, -1]",False,-1,-1,-1,-1,-1
"06/11/19, 09:45",roll_z_0_1pitch_y_0_1pitch_y_1_0pris_z_0_1,"[False, False, False, False]","[-1, -1, -1, -1]",False,-1,-1,-1,-1,-1
"06/11/19, 09:45",roll_z_0_1pitch_y_0_1pitch_y_1_0pris_y_1_0,"[False, True, True, False]","[-1, -1, -1, -1]",False,-1,-1,-1,-1,-1
"06/11/19, 09:46",roll_z_0_1pitch_y_0_1pitch_y_1_0pris_y_0_7,"[False, True, True, True]","[10.05, 2.45, 2.9, 5.31]",True,5.18,0.105,0.282,0.051,50
"06/11/19, 09:46",roll_z_0_1pitch_y_0_1pitch_y_1_0pris_y_0_4,"[False, False, True, False]","[-1, -1, -1, -1]",False,-1,-1,-1,-1,-1
"06/11/19, 09:47",roll_z_0_1pitch_y_0_1pitch_y_1_0pris_y_0_1,"[False, True, True, False]","[-1, -1, -1, -1]",False,-1,-1,-1,-1,-1
"06/11/19, 09:47",roll_z_0_1pitch_y_0_1pitch_y_1_0pris_x_1_0,"[False, True, True, False]","[-1, -1, -1, -1]",False,-1,-1,-1,-1,-1
"06/11/19, 09:48",roll_z_0_1pitch_y_0_1pitch_y_1_0pris_x_0_7,"[False, True, True, False]","[-1, -1, -1, -1]",False,-1,-1,-1,-1,-1
"06/11/19, 09:48",roll_z_0_1pitch_y_0_1pitch_y_1_0pris_x_0_4,"[False, False, True, False]","[-1, -1, -1, -1]",False,-1,-1,-1,-1,-1
"06/11/19, 09:48",roll_z_0_1pitch_y_0_1pitch_y_1_0pris_x_0_1,"[False, False, False, False]","[-1, -1, -1, -1]",False,-1,-1,-1,-1,-1
"06/11/19, 09:49",roll_z_0_1pitch_y_0_1pitch_y_1_0pitch_z_1_0,"[False, False, True, True]","[-1, -1, -1, -1]",False,-1,-1,-1,-1,-1
"06/11/19, 09:49",roll_z_0_1pitch_y_0_1pitch_y_1_0pitch_z_0_7,"[False, True, True, True]","[10.05, 2.06, 3.67, 3.47]",True,4.81,0.053,0.284,0.045,50
"06/11/19, 09:50",roll_z_0_1pitch_y_0_1pitch_y_1_0pitch_z_0_4,"[False, True, True, True]","[10.08, 2.26, 2.87, 4.9]",True,5.03,0.071,0.225,0.045,50
"06/11/19, 09:50",roll_z_0_1pitch_y_0_1pitch_y_1_0pitch_z_0_1,"[False, True, True, True]","[10.06, 2.28, 2.88, 4.87]",True,5.02,0.108,0.274,0.05,50
"06/11/19, 09:51",roll_z_0_1pitch_y_0_1pitch_y_1_0pitch_y_1_0,"[False, True, True, True]","[10.03, 2.06, 3.69, 4.9]",True,5.17,0.076,0.198,0.045,50
"06/11/19, 09:51",roll_z_0_1pitch_y_0_1pitch_y_1_0pitch_y_0_7,"[False, True, True, True]","[10.06, 2.27, 3.49, 4.9]",True,5.18,0.077,0.224,0.047,50
"06/11/19, 09:52",roll_z_0_1pitch_y_0_1pitch_y_1_0pitch_y_0_4,"[False, True, True, True]","[10.04, 2.47, 2.86, 4.9]",True,5.07,0.108,0.278,0.054,50
"06/11/19, 09:52",roll_z_0_1pitch_y_0_1pitch_y_1_0pitch_y_0_1,"[False, True, True, True]","[10.05, 2.48, 2.69, 7.95]",True,5.79,0.068,0.247,0.05,50
"06/11/19, 09:53",roll_z_0_1pitch_y_0_1pitch_y_1_0pitch_x_1_0,"[False, True, True, True]","[10.04, 2.69, 4.48, 4.91]",True,5.53,0.075,0.149,0.046,50
"06/11/19, 09:53",roll_z_0_1pitch_y_0_1pitch_y_1_0pitch_x_0_7,"[False, True, True, True]","[10.03, 2.69, 3.13, 3.52]",True,4.84,0.055,0.288,0.047,50
"06/11/19, 09:54",roll_z_0_1pitch_y_0_1pitch_y_1_0pitch_x_0_4,"[False, True, True, True]","[10.04, 2.48, 2.89, 7.98]",True,5.85,0.07,0.227,0.051,50
"06/11/19, 09:54",roll_z_0_1pitch_y_0_1pitch_y_1_0pitch_x_0_1,"[False, True, True, True]","[10.05, 2.07, 3.09, 8.17]",True,5.85,0.071,0.191,0.046,50
"06/11/19, 09:55",roll_z_0_1pitch_y_0_1pitch_y_0_7roll_z_1_0,"[False, True, True, True]","[10.06, 2.47, 2.88, 4.72]",True,5.03,0.074,0.24,0.046,50
"06/11/19, 09:55",roll_z_0_1pitch_y_0_1pitch_y_0_7roll_z_0_7,"[False, True, True, True]","[10.04, 2.28, 2.88, 4.96]",True,5.04,0.072,0.221,0.045,50
"06/11/19, 09:55",roll_z_0_1pitch_y_0_1pitch_y_0_7roll_z_0_4,"[False, True, True, True]","[10.03, 2.51, 2.92, 5.02]",True,5.12,0.101,0.284,0.052,50
"06/11/19, 09:56",roll_z_0_1pitch_y_0_1pitch_y_0_7roll_y_1_0,"[False, True, True, True]","[10.05, 2.53, 2.91, 5.01]",True,5.12,0.109,0.276,0.052,50
"06/11/19, 09:56",roll_z_0_1pitch_y_0_1pitch_y_0_7roll_y_0_7,"[False, True, True, True]","[10.05, 2.28, 2.87, 5.71]",True,5.23,0.072,0.213,0.048,50
"06/11/19, 09:57",roll_z_0_1pitch_y_0_1pitch_y_0_7roll_y_0_4,"[False, True, True, True]","[10.05, 2.42, 2.9, 5.42]",True,5.2,0.1,0.278,0.049,50
"06/11/19, 09:57",roll_z_0_1pitch_y_0_1pitch_y_0_7roll_x_1_0,"[False, True, True, True]","[10.06, 2.52, 3.83, 5.12]",True,5.38,0.108,0.289,0.051,50
"06/11/19, 09:58",roll_z_0_1pitch_y_0_1pitch_y_0_7roll_x_0_7,"[False, True, True, True]","[10.05, 2.92, 2.77, 3.82]",True,4.89,0.048,0.282,0.048,50
"06/11/19, 09:58",roll_z_0_1pitch_y_0_1pitch_y_0_7roll_x_0_4,"[False, True, True, False]","[-1, -1, -1, -1]",False,-1,-1,-1,-1,-1
"06/11/19, 09:59",roll_z_0_1pitch_y_0_1pitch_y_0_7pris_z_1_0,"[False, True, True, False]","[-1, -1, -1, -1]",False,-1,-1,-1,-1,-1
"06/11/19, 09:59",roll_z_0_1pitch_y_0_1pitch_y_0_7pris_z_0_7,"[False, True, True, False]","[-1, -1, -1, -1]",False,-1,-1,-1,-1,-1
"06/11/19, 10:00",roll_z_0_1pitch_y_0_1pitch_y_0_7pris_z_0_4,"[False, False, True, False]","[-1, -1, -1, -1]",False,-1,-1,-1,-1,-1
"06/11/19, 10:00",roll_z_0_1pitch_y_0_1pitch_y_0_7pris_y_1_0,"[False, True, True, True]","[10.09, 2.47, 2.86, 4.9]",True,5.08,0.106,0.274,0.052,50
"06/11/19, 10:00",roll_z_0_1pitch_y_0_1pitch_y_0_7pris_y_0_7,"[False, True, False, False]","[-1, -1, -1, -1]",False,-1,-1,-1,-1,-1
"06/11/19, 10:01",roll_z_0_1pitch_y_0_1pitch_y_0_7pris_y_0_4,"[False, False, True, False]","[-1, -1, -1, -1]",False,-1,-1,-1,-1,-1
"06/11/19, 10:01",roll_z_0_1pitch_y_0_1pitch_y_0_7pris_x_1_0,"[False, True, False, False]","[-1, -1, -1, -1]",False,-1,-1,-1,-1,-1
"06/11/19, 10:02",roll_z_0_1pitch_y_0_1pitch_y_0_7pris_x_0_7,"[False, True, True, False]","[-1, -1, -1, -1]",False,-1,-1,-1,-1,-1
"06/11/19, 10:02",roll_z_0_1pitch_y_0_1pitch_y_0_7pris_x_0_4,"[False, False, False, False]","[-1, -1, -1, -1]",False,-1,-1,-1,-1,-1
"06/11/19, 10:03",roll_z_0_1pitch_y_0_1pitch_y_0_7pitch_z_1_0,"[False, True, True, True]","[10.02, 2.26, 3.49, 5.5]",True,5.32,0.068,0.231,0.05,50
"06/11/19, 10:03",roll_z_0_1pitch_y_0_1pitch_y_0_7pitch_z_0_7,"[False, True, True, True]","[10.06, 2.26, 3.49, 7.79]",True,5.9,0.07,0.213,0.049,50
"06/11/19, 10:04",roll_z_0_1pitch_y_0_1pitch_y_0_7pitch_z_0_4,"[False, True, True, True]","[10.05, 2.26, 2.86, 5.77]",True,5.24,0.068,0.214,0.047,50
"06/11/19, 10:04",roll_z_0_1pitch_y_0_1pitch_y_0_7pitch_y_1_0,"[False, True, True, True]","[10.05, 2.29, 3.55, 7.77]",True,5.92,0.069,0.224,0.05,50
"06/11/19, 10:05",roll_z_0_1pitch_y_0_1pitch_y_0_7pitch_y_0_7,"[False, True, True, True]","[10.06, 2.26, 2.88, 4.96]",True,5.04,0.073,0.219,0.045,50
"06/11/19, 10:05",roll_z_0_1pitch_y_0_1pitch_y_0_7pitch_y_0_4,"[False, True, True, True]","[10.06, 2.08, 2.88, 4.93]",True,4.99,0.11,0.28,0.048,50
"06/11/19, 10:05",roll_z_0_1pitch_y_0_1pitch_y_0_7pitch_x_1_0,"[False, True, False, False]","[-1, -1, -1, -1]",False,-1,-1,-1,-1,-1
"06/11/19, 10:06",roll_z_0_1pitch_y_0_1pitch_y_0_7pitch_x_0_7,"[False, True, False, False]","[-1, -1, -1, -1]",False,-1,-1,-1,-1,-1
"06/11/19, 10:06",roll_z_0_1pitch_y_0_1pitch_y_0_7pitch_x_0_4,"[False, True, True, True]","[10.05, 2.7, 3.14, 3.53]",True,4.86,0.062,0.282,0.051,50
"06/11/19, 10:07",roll_z_0_1pitch_y_0_1pitch_y_0_4roll_z_1_0,"[False, True, True, True]","[10.05, 2.33, 3.74, 3.75]",True,4.97,0.059,0.208,0.045,50
"06/11/19, 10:07",roll_z_0_1pitch_y_0_1pitch_y_0_4roll_z_0_7,"[False, True, True, True]","[10.05, 2.52, 2.91, 8.07]",True,5.89,0.07,0.222,0.051,50
"06/11/19, 10:08",roll_z_0_1pitch_y_0_1pitch_y_0_4roll_y_1_0,"[False, True, True, True]","[10.06, 2.39, 3.02, 5.17]",True,5.16,0.096,0.294,0.05,50
"06/11/19, 10:08",roll_z_0_1pitch_y_0_1pitch_y_0_4roll_y_0_7,"[False, True, True, True]","[10.05, 2.56, 4.08, 4.87]",True,5.39,0.054,0.236,0.05,50
"06/11/19, 10:09",roll_z_0_1pitch_y_0_1pitch_y_0_4roll_x_1_0,"[False, True, True, True]","[10.05, 3.3, 3.43, 6.06]",True,5.71,0.061,0.093,0.046,50
"06/11/19, 10:09",roll_z_0_1pitch_y_0_1pitch_y_0_4roll_x_0_7,"[False, True, True, True]","[10.06, 2.34, 4.03, 5.21]",True,5.41,0.052,0.204,0.047,50
"06/11/19, 10:10",roll_z_0_1pitch_y_0_1pitch_y_0_4pris_z_1_0,"[False, True, True, False]","[-1, -1, -1, -1]",False,-1,-1,-1,-1,-1
"06/11/19, 10:10",roll_z_0_1pitch_y_0_1pitch_y_0_4pris_z_0_7,"[False, True, True, False]","[-1, -1, -1, -1]",False,-1,-1,-1,-1,-1
"06/11/19, 10:11",roll_z_0_1pitch_y_0_1pitch_y_0_4pris_y_1_0,"[False, True, True, False]","[-1, -1, -1, -1]",False,-1,-1,-1,-1,-1
"06/11/19, 10:11",roll_z_0_1pitch_y_0_1pitch_y_0_4pris_y_0_7,"[False, True, True, False]","[-1, -1, -1, -1]",False,-1,-1,-1,-1,-1
"06/11/19, 10:12",roll_z_0_1pitch_y_0_1pitch_y_0_4pris_x_1_0,"[False, True, True, False]","[-1, -1, -1, -1]",False,-1,-1,-1,-1,-1
"06/11/19, 10:12",roll_z_0_1pitch_y_0_1pitch_y_0_4pris_x_0_7,"[False, False, False, False]","[-1, -1, -1, -1]",False,-1,-1,-1,-1,-1
"06/11/19, 10:12",roll_z_0_1pitch_y_0_1pitch_y_0_4pitch_z_1_0,"[False, True, True, True]","[10.03, 2.16, 3.49, 4.89]",True,5.14,0.1,0.281,0.051,50
"06/11/19, 10:13",roll_z_0_1pitch_y_0_1pitch_y_0_4pitch_z_0_7,"[False, True, True, True]","[10.05, 2.46, 3.88, 4.68]",True,5.27,0.048,0.236,0.05,50
"06/11/19, 10:13",roll_z_0_1pitch_y_0_1pitch_y_0_4pitch_y_1_0,"[False, True, False, True]","[-1, -1, -1, -1]",False,-1,-1,-1,-1,-1
"06/11/19, 10:14",roll_z_0_1pitch_y_0_1pitch_y_0_4pitch_y_0_7,"[False, True, True, True]","[10.05, 2.46, 2.85, 4.9]",True,5.07,0.077,0.251,0.047,50
"06/11/19, 10:14",roll_z_0_1pitch_y_0_1pitch_y_0_4pitch_x_1_0,"[False, True, False, False]","[-1, -1, -1, -1]",False,-1,-1,-1,-1,-1
"06/11/19, 10:15",roll_z_0_1pitch_y_0_1pitch_y_0_4pitch_x_0_7,"[False, True, False, False]","[-1, -1, -1, -1]",False,-1,-1,-1,-1,-1
"06/11/19, 10:15",roll_z_0_1pitch_y_0_1pitch_y_0_1roll_z_1_0,"[False, True, True, True]","[10.07, 1.67, 2.89, 8.16]",True,5.7,0.07,0.212,0.047,50
"06/11/19, 10:16",roll_z_0_1pitch_y_0_1pitch_y_0_1roll_y_1_0,"[False, True, True, True]","[10.06, 1.64, 2.87, 4.3]",True,4.72,0.076,0.208,0.047,50
"06/11/19, 10:16",roll_z_0_1pitch_y_0_1pitch_y_0_1roll_x_1_0,"[False, True, True, True]","[10.06, 2.26, 2.68, 2.88]",True,4.47,0.066,0.292,0.046,50
"06/11/19, 10:16",roll_z_0_1pitch_y_0_1pitch_y_0_1pris_z_1_0,"[False, True, True, False]","[-1, -1, -1, -1]",False,-1,-1,-1,-1,-1
"06/11/19, 10:17",roll_z_0_1pitch_y_0_1pitch_y_0_1pris_y_1_0,"[False, True, True, False]","[-1, -1, -1, -1]",False,-1,-1,-1,-1,-1
"06/11/19, 10:17",roll_z_0_1pitch_y_0_1pitch_y_0_1pris_x_1_0,"[False, True, True, False]","[-1, -1, -1, -1]",False,-1,-1,-1,-1,-1
"06/11/19, 10:18",roll_z_0_1pitch_y_0_1pitch_y_0_1pitch_z_1_0,"[False, True, True, False]","[-1, -1, -1, -1]",False,-1,-1,-1,-1,-1
"06/11/19, 10:18",roll_z_0_1pitch_y_0_1pitch_y_0_1pitch_y_1_0,"[False, True, True, True]","[10.07, 2.29, 3.88, 5.01]",True,5.31,0.105,0.286,0.046,50
"06/11/19, 10:18",roll_z_0_1pitch_y_0_1pitch_y_0_1pitch_x_1_0,"[False, False, False, False]","[-1, -1, -1, -1]",False,-1,-1,-1,-1,-1
"06/11/19, 10:19",roll_z_0_1pitch_y_0_1pitch_x_1_0roll_z_1_0,"[False, True, True, True]","[10.07, 2.57, 4.56, 3.88]",True,5.27,0.066,0.226,0.045,50
"06/11/19, 10:19",roll_z_0_1pitch_y_0_1pitch_x_1_0roll_z_0_7,"[False, True, True, True]","[10.08, 2.93, 3.49, 3.4]",True,4.97,0.041,0.29,0.045,50
"06/11/19, 10:20",roll_z_0_1pitch_y_0_1pitch_x_1_0roll_z_0_4,"[False, True, True, True]","[10.08, 3.06, 4.73, 5.14]",True,5.75,0.104,0.278,0.046,50
"06/11/19, 10:20",roll_z_0_1pitch_y_0_1pitch_x_1_0roll_z_0_1,"[False, True, True, True]","[10.05, 3.11, 3.68, 3.55]",True,5.1,0.053,0.297,0.044,50
"06/11/19, 10:21",roll_z_0_1pitch_y_0_1pitch_x_1_0roll_y_1_0,"[False, True, True, True]","[10.06, 2.29, 3.47, 4.9]",True,5.18,0.075,0.208,0.046,50
"06/11/19, 10:21",roll_z_0_1pitch_y_0_1pitch_x_1_0roll_y_0_7,"[False, True, True, True]","[10.07, 2.87, 3.29, 3.71]",True,4.99,0.065,0.09,0.046,50
"06/11/19, 10:22",roll_z_0_1pitch_y_0_1pitch_x_1_0roll_y_0_4,"[False, True, True, True]","[10.07, 2.26, 3.39, 4.89]",True,5.15,0.07,0.217,0.05,50
"06/11/19, 10:22",roll_z_0_1pitch_y_0_1pitch_x_1_0roll_y_0_1,"[False, True, True, False]","[-1, -1, -1, -1]",False,-1,-1,-1,-1,-1
"06/11/19, 10:23",roll_z_0_1pitch_y_0_1pitch_x_1_0roll_x_1_0,"[False, True, True, True]","[10.04, 2.05, 4.29, 3.47]",True,4.96,0.054,0.29,0.044,50
"06/11/19, 10:23",roll_z_0_1pitch_y_0_1pitch_x_1_0roll_x_0_7,"[False, True, True, True]","[10.06, 2.88, 3.29, 4.09]",True,5.08,0.044,0.052,0.046,50
"06/11/19, 10:24",roll_z_0_1pitch_y_0_1pitch_x_1_0roll_x_0_4,"[False, True, True, True]","[10.06, 2.66, 4.29, 4.9]",True,5.48,0.077,0.154,0.047,50
"06/11/19, 10:24",roll_z_0_1pitch_y_0_1pitch_x_1_0roll_x_0_1,"[False, True, True, True]","[10.05, 2.26, 3.69, 4.29]",True,5.07,0.072,0.203,0.045,50
"06/11/19, 10:25",roll_z_0_1pitch_y_0_1pitch_x_1_0pris_z_1_0,"[False, True, True, False]","[-1, -1, -1, -1]",False,-1,-1,-1,-1,-1
"06/11/19, 10:25",roll_z_0_1pitch_y_0_1pitch_x_1_0pris_z_0_7,"[False, False, False, False]","[-1, -1, -1, -1]",False,-1,-1,-1,-1,-1
"06/11/19, 10:25",roll_z_0_1pitch_y_0_1pitch_x_1_0pris_z_0_4,"[False, False, True, False]","[-1, -1, -1, -1]",False,-1,-1,-1,-1,-1
"06/11/19, 10:26",roll_z_0_1pitch_y_0_1pitch_x_1_0pris_z_0_1,"[False, False, False, False]","[-1, -1, -1, -1]",False,-1,-1,-1,-1,-1
"06/11/19, 10:26",roll_z_0_1pitch_y_0_1pitch_x_1_0pris_y_1_0,"[False, True, False, True]","[-1, -1, -1, -1]",False,-1,-1,-1,-1,-1
"06/11/19, 10:26",roll_z_0_1pitch_y_0_1pitch_x_1_0pris_y_0_7,"[False, True, True, False]","[-1, -1, -1, -1]",False,-1,-1,-1,-1,-1
"06/11/19, 10:27",roll_z_0_1pitch_y_0_1pitch_x_1_0pris_y_0_4,"[False, False, True, False]","[-1, -1, -1, -1]",False,-1,-1,-1,-1,-1
"06/11/19, 10:27",roll_z_0_1pitch_y_0_1pitch_x_1_0pris_y_0_1,"[False, False, False, False]","[-1, -1, -1, -1]",False,-1,-1,-1,-1,-1
"06/11/19, 10:28",roll_z_0_1pitch_y_0_1pitch_x_1_0pris_x_1_0,"[False, False, False, True]","[-1, -1, -1, -1]",False,-1,-1,-1,-1,-1
"06/11/19, 10:28",roll_z_0_1pitch_y_0_1pitch_x_1_0pris_x_0_7,"[False, True, True, False]","[-1, -1, -1, -1]",False,-1,-1,-1,-1,-1
"06/11/19, 10:28",roll_z_0_1pitch_y_0_1pitch_x_1_0pris_x_0_4,"[False, False, True, False]","[-1, -1, -1, -1]",False,-1,-1,-1,-1,-1
"06/11/19, 10:29",roll_z_0_1pitch_y_0_1pitch_x_1_0pris_x_0_1,"[False, False, False, False]","[-1, -1, -1, -1]",False,-1,-1,-1,-1,-1
"06/11/19, 10:29",roll_z_0_1pitch_y_0_1pitch_x_1_0pitch_z_1_0,"[False, True, True, True]","[10.07, 2.52, 3.54, 4.96]",True,5.27,0.1,0.282,0.052,50
"06/11/19, 10:30",roll_z_0_1pitch_y_0_1pitch_x_1_0pitch_z_0_7,"[False, True, True, True]","[10.04, 2.09, 3.84, 5.09]",True,5.26,0.099,0.272,0.045,50
"06/11/19, 10:30",roll_z_0_1pitch_y_0_1pitch_x_1_0pitch_z_0_4,"[False, True, True, True]","[10.04, 2.3, 4.54, 5.89]",True,5.69,0.047,0.208,0.047,50
"06/11/19, 10:31",roll_z_0_1pitch_y_0_1pitch_x_1_0pitch_z_0_1,"[False, True, True, True]","[10.08, 1.92, 4.05, 3.23]",True,4.82,0.063,0.227,0.047,50
"06/11/19, 10:31",roll_z_0_1pitch_y_0_1pitch_x_1_0pitch_y_1_0,"[False, True, True, True]","[10.06, 3.28, 3.58, 4.25]",True,5.29,0.056,0.082,0.045,50
"06/11/19, 10:32",roll_z_0_1pitch_y_0_1pitch_x_1_0pitch_y_0_7,"[False, True, True, True]","[10.06, 2.65, 3.27, 5.3]",True,5.32,0.062,0.095,0.045,50
"06/11/19, 10:32",roll_z_0_1pitch_y_0_1pitch_x_1_0pitch_y_0_4,"[False, True, True, True]","[10.05, 2.25, 4.29, 3.71]",True,5.08,0.057,0.21,0.047,50
"06/11/19, 10:33",roll_z_0_1pitch_y_0_1pitch_x_1_0pitch_y_0_1,"[False, True, True, True]","[10.06, 2.05, 3.49, 3.08]",True,4.67,0.054,0.169,0.046,50
"06/11/19, 10:33",roll_z_0_1pitch_y_0_1pitch_x_1_0pitch_x_1_0,"[False, True, False, False]","[-1, -1, -1, -1]",False,-1,-1,-1,-1,-1
"06/11/19, 10:34",roll_z_0_1pitch_y_0_1pitch_x_1_0pitch_x_0_7,"[False, True, True, True]","[10.07, 2.46, 3.49, 4.9]",True,5.23,0.076,0.241,0.046,50
"06/11/19, 10:34",roll_z_0_1pitch_y_0_1pitch_x_1_0pitch_x_0_4,"[False, True, True, False]","[-1, -1, -1, -1]",False,-1,-1,-1,-1,-1
"06/11/19, 10:34",roll_z_0_1pitch_y_0_1pitch_x_1_0pitch_x_0_1,"[False, True, True, False]","[-1, -1, -1, -1]",False,-1,-1,-1,-1,-1
"06/11/19, 10:35",roll_z_0_1pitch_y_0_1pitch_x_0_7roll_z_1_0,"[False, True, True, True]","[10.06, 2.26, 3.49, 4.91]",True,5.18,0.104,0.271,0.05,50
"06/11/19, 10:35",roll_z_0_1pitch_y_0_1pitch_x_0_7roll_z_0_7,"[False, True, True, False]","[-1, -1, -1, -1]",False,-1,-1,-1,-1,-1
"06/11/19, 10:36",roll_z_0_1pitch_y_0_1pitch_x_0_7roll_z_0_4,"[False, True, True, True]","[10.06, 2.67, 3.09, 5.68]",True,5.38,0.064,0.141,0.048,50
"06/11/19, 10:36",roll_z_0_1pitch_y_0_1pitch_x_0_7roll_y_1_0,"[False, True, True, True]","[10.06, 2.06, 3.7, 5.72]",True,5.38,0.069,0.199,0.046,50
"06/11/19, 10:37",roll_z_0_1pitch_y_0_1pitch_x_0_7roll_y_0_7,"[False, True, True, True]","[10.06, 2.27, 3.45, 4.91]",True,5.17,0.072,0.225,0.045,50
"06/11/19, 10:37",roll_z_0_1pitch_y_0_1pitch_x_0_7roll_y_0_4,"[False, True, True, True]","[10.06, 2.04, 3.08, 5.33]",True,5.13,0.057,0.156,0.051,50
"06/11/19, 10:38",roll_z_0_1pitch_y_0_1pitch_x_0_7roll_x_1_0,"[False, True, True, False]","[-1, -1, -1, -1]",False,-1,-1,-1,-1,-1
"06/11/19, 10:38",roll_z_0_1pitch_y_0_1pitch_x_0_7roll_x_0_7,"[False, False, False, False]","[-1, -1, -1, -1]",False,-1,-1,-1,-1,-1
"06/11/19, 10:38",roll_z_0_1pitch_y_0_1pitch_x_0_7roll_x_0_4,"[False, True, True, False]","[-1, -1, -1, -1]",False,-1,-1,-1,-1,-1
"06/11/19, 10:39",roll_z_0_1pitch_y_0_1pitch_x_0_7pris_z_1_0,"[False, False, True, False]","[-1, -1, -1, -1]",False,-1,-1,-1,-1,-1
"06/11/19, 10:39",roll_z_0_1pitch_y_0_1pitch_x_0_7pris_z_0_7,"[False, False, False, False]","[-1, -1, -1, -1]",False,-1,-1,-1,-1,-1
"06/11/19, 10:40",roll_z_0_1pitch_y_0_1pitch_x_0_7pris_z_0_4,"[False, False, True, False]","[-1, -1, -1, -1]",False,-1,-1,-1,-1,-1
"06/11/19, 10:40",roll_z_0_1pitch_y_0_1pitch_x_0_7pris_y_1_0,"[False, True, True, False]","[-1, -1, -1, -1]",False,-1,-1,-1,-1,-1
"06/11/19, 10:40",roll_z_0_1pitch_y_0_1pitch_x_0_7pris_y_0_7,"[False, False, False, False]","[-1, -1, -1, -1]",False,-1,-1,-1,-1,-1
"06/11/19, 10:41",roll_z_0_1pitch_y_0_1pitch_x_0_7pris_y_0_4,"[False, False, True, False]","[-1, -1, -1, -1]",False,-1,-1,-1,-1,-1
"06/11/19, 10:41",roll_z_0_1pitch_y_0_1pitch_x_0_7pris_x_1_0,"[False, True, False, False]","[-1, -1, -1, -1]",False,-1,-1,-1,-1,-1
"06/11/19, 10:42",roll_z_0_1pitch_y_0_1pitch_x_0_7pris_x_0_7,"[False, True, True, False]","[-1, -1, -1, -1]",False,-1,-1,-1,-1,-1
"06/11/19, 10:42",roll_z_0_1pitch_y_0_1pitch_x_0_7pris_x_0_4,"[False, True, False, False]","[-1, -1, -1, -1]",False,-1,-1,-1,-1,-1
"06/11/19, 10:43",roll_z_0_1pitch_y_0_1pitch_x_0_7pitch_z_1_0,"[False, True, True, True]","[10.09, 2.28, 3.49, 4.9]",True,5.19,0.074,0.213,0.046,50
"06/11/19, 10:43",roll_z_0_1pitch_y_0_1pitch_x_0_7pitch_z_0_7,"[False, True, True, True]","[10.06, 2.06, 3.67, 5.31]",True,5.28,0.057,0.206,0.047,50
"06/11/19, 10:44",roll_z_0_1pitch_y_0_1pitch_x_0_7pitch_z_0_4,"[False, True, True, False]","[-1, -1, -1, -1]",False,-1,-1,-1,-1,-1
"06/11/19, 10:44",roll_z_0_1pitch_y_0_1pitch_x_0_7pitch_y_1_0,"[False, True, True, True]","[10.04, 2.26, 3.49, 4.9]",True,5.17,0.073,0.207,0.045,50
"06/11/19, 10:45",roll_z_0_1pitch_y_0_1pitch_x_0_7pitch_y_0_7,"[False, True, True, True]","[10.03, 2.65, 3.08, 6.51]",True,5.57,0.055,0.141,0.049,50
"06/11/19, 10:45",roll_z_0_1pitch_y_0_1pitch_x_0_7pitch_y_0_4,"[False, True, True, True]","[10.06, 2.26, 3.47, 4.08]",True,4.97,0.074,0.22,0.046,50
"06/11/19, 10:45",roll_z_0_1pitch_y_0_1pitch_x_0_7pitch_x_1_0,"[False, True, False, False]","[-1, -1, -1, -1]",False,-1,-1,-1,-1,-1
"06/11/19, 10:46",roll_z_0_1pitch_y_0_1pitch_x_0_7pitch_x_0_7,"[False, True, True, True]","[10.04, 2.25, 3.49, 4.29]",True,5.02,0.074,0.226,0.046,50
"06/11/19, 10:46",roll_z_0_1pitch_y_0_1pitch_x_0_7pitch_x_0_4,"[False, True, True, True]","[10.06, 2.06, 3.87, 4.28]",True,5.07,0.103,0.28,0.05,50
"06/11/19, 10:47",roll_z_0_1pitch_y_0_1pitch_x_0_4roll_z_1_0,"[False, True, True, False]","[-1, -1, -1, -1]",False,-1,-1,-1,-1,-1
"06/11/19, 10:47",roll_z_0_1pitch_y_0_1pitch_x_0_4roll_z_0_7,"[False, True, True, True]","[10.07, 1.84, 2.87, 4.9]",True,4.92,0.071,0.228,0.051,50
"06/11/19, 10:48",roll_z_0_1pitch_y_0_1pitch_x_0_4roll_y_1_0,"[False, True, True, True]","[10.05, 2.69, 2.68, 3.08]",True,4.62,0.062,0.098,0.047,50
"06/11/19, 10:48",roll_z_0_1pitch_y_0_1pitch_x_0_4roll_y_0_7,"[False, True, True, True]","[10.03, 2.3, 2.7, 2.88]",True,4.48,0.052,0.297,0.044,50
"06/11/19, 10:48",roll_z_0_1pitch_y_0_1pitch_x_0_4roll_x_1_0,"[False, True, True, True]","[10.07, 2.1, 4.71, 4.9]",True,5.44,0.076,0.163,0.046,50
"06/11/19, 10:49",roll_z_0_1pitch_y_0_1pitch_x_0_4roll_x_0_7,"[False, True, True, False]","[-1, -1, -1, -1]",False,-1,-1,-1,-1,-1
"06/11/19, 10:49",roll_z_0_1pitch_y_0_1pitch_x_0_4pris_z_1_0,"[False, True, False, True]","[-1, -1, -1, -1]",False,-1,-1,-1,-1,-1
"06/11/19, 10:50",roll_z_0_1pitch_y_0_1pitch_x_0_4pris_z_0_7,"[False, True, True, False]","[-1, -1, -1, -1]",False,-1,-1,-1,-1,-1
"06/11/19, 10:50",roll_z_0_1pitch_y_0_1pitch_x_0_4pris_y_1_0,"[False, False, True, False]","[-1, -1, -1, -1]",False,-1,-1,-1,-1,-1
"06/11/19, 10:51",roll_z_0_1pitch_y_0_1pitch_x_0_4pris_y_0_7,"[False, True, True, True]","[10.05, 2.28, 3.11, 4.3]",True,4.93,0.102,0.281,0.047,50
"06/11/19, 10:51",roll_z_0_1pitch_y_0_1pitch_x_0_4pris_x_1_0,"[False, True, False, False]","[-1, -1, -1, -1]",False,-1,-1,-1,-1,-1
"06/11/19, 10:51",roll_z_0_1pitch_y_0_1pitch_x_0_4pris_x_0_7,"[False, False, False, False]","[-1, -1, -1, -1]",False,-1,-1,-1,-1,-1
"06/11/19, 10:52",roll_z_0_1pitch_y_0_1pitch_x_0_4pitch_z_1_0,"[False, True, True, False]","[-1, -1, -1, -1]",False,-1,-1,-1,-1,-1
"06/11/19, 10:52",roll_z_0_1pitch_y_0_1pitch_x_0_4pitch_z_0_7,"[False, True, True, True]","[10.05, 2.33, 2.82, 3.3]",True,4.62,0.042,0.046,0.044,50
"06/11/19, 10:53",roll_z_0_1pitch_y_0_1pitch_x_0_4pitch_y_1_0,"[False, True, True, True]","[10.06, 2.27, 3.67, 4.37]",True,5.09,0.07,0.222,0.044,50
"06/11/19, 10:53",roll_z_0_1pitch_y_0_1pitch_x_0_4pitch_y_0_7,"[False, True, True, True]","[10.06, 2.63, 3.18, 5.67]",True,5.38,0.068,0.239,0.05,50
"06/11/19, 11:01",roll_z_0_1pitch_y_0_1pitch_x_0_4pitch_x_1_0,"[False, True, False, False]","[-1, -1, -1, -1]",False,-1,-1,-1,-1,-1
"06/11/19, 11:02",roll_z_0_1pitch_y_0_1pitch_x_0_4pitch_x_0_7,"[False, True, True, True]","[10.04, 1.85, 2.89, 5.1]",True,4.97,0.072,0.239,0.051,50
"06/11/19, 11:02",roll_z_0_1pitch_y_0_1pitch_x_0_1roll_z_1_0,"[False, True, True, True]","[10.07, 2.06, 4.08, 4.28]",True,5.12,0.104,0.28,0.052,50
"06/11/19, 11:03",roll_z_0_1pitch_y_0_1pitch_x_0_1roll_y_1_0,"[False, True, True, True]","[10.05, 2.46, 2.86, 6.12]",True,5.37,0.066,0.237,0.05,50
"06/11/19, 11:03",roll_z_0_1pitch_y_0_1pitch_x_0_1roll_x_1_0,"[False, True, True, True]","[10.05, 2.05, 3.67, 4.28]",True,5.01,0.099,0.277,0.047,50
"06/11/19, 11:03",roll_z_0_1pitch_y_0_1pitch_x_0_1pris_z_1_0,"[False, True, False, False]","[-1, -1, -1, -1]",False,-1,-1,-1,-1,-1
"06/11/19, 11:04",roll_z_0_1pitch_y_0_1pitch_x_0_1pris_y_1_0,"[False, True, True, False]","[-1, -1, -1, -1]",False,-1,-1,-1,-1,-1
"06/11/19, 11:04",roll_z_0_1pitch_y_0_1pitch_x_0_1pris_x_1_0,"[False, False, True, True]","[-1, -1, -1, -1]",False,-1,-1,-1,-1,-1
"06/11/19, 11:05",roll_z_0_1pitch_y_0_1pitch_x_0_1pitch_z_1_0,"[False, True, True, True]","[10.03, 2.27, 3.68, 3.49]",True,4.87,0.06,0.293,0.046,50
"06/11/19, 11:05",roll_z_0_1pitch_y_0_1pitch_x_0_1pitch_y_1_0,"[False, True, True, True]","[10.08, 2.25, 3.27, 5.91]",True,5.38,0.062,0.097,0.047,50
"06/11/19, 11:06",roll_z_0_1pitch_y_0_1pitch_x_0_1pitch_x_1_0,"[False, True, False, False]","[-1, -1, -1, -1]",False,-1,-1,-1,-1,-1
"06/11/19, 11:06",conf_9,"[False, False, False, False]","[-1, -1, -1, -1]",False,-1,-1,-1,-1,-1
"06/11/19, 11:06",conf_8,"[False, False, False, False]","[-1, -1, -1, -1]",False,-1,-1,-1,-1,-1
"06/11/19, 11:06",conf_7,"[False, False, False, False]","[-1, -1, -1, -1]",False,-1,-1,-1,-1,-1
"06/11/19, 11:06",conf_6,"[False, False, False, False]","[-1, -1, -1, -1]",False,-1,-1,-1,-1,-1
"06/11/19, 11:06",conf_5,"[False, False, False, False]","[-1, -1, -1, -1]",False,-1,-1,-1,-1,-1
"06/11/19, 11:06",conf_4,"[False, False, False, False]","[-1, -1, -1, -1]",False,-1,-1,-1,-1,-1
"06/11/19, 11:06",conf_3,"[False, False, False, False]","[-1, -1, -1, -1]",False,-1,-1,-1,-1,-1
"06/11/19, 11:07",conf_2,"[False, False, False, False]","[-1, -1, -1, -1]",False,-1,-1,-1,-1,-1
"06/11/19, 11:07",conf_15,"[False, False, False, False]","[-1, -1, -1, -1]",False,-1,-1,-1,-1,-1
"06/11/19, 11:07",conf_14,"[False, False, False, False]","[-1, -1, -1, -1]",False,-1,-1,-1,-1,-1
"06/11/19, 11:07",conf_13,"[False, False, False, False]","[-1, -1, -1, -1]",False,-1,-1,-1,-1,-1
"06/11/19, 11:07",conf_12,"[False, False, False, False]","[-1, -1, -1, -1]",False,-1,-1,-1,-1,-1
"06/11/19, 11:07",conf_11,"[False, False, False, False]","[-1, -1, -1, -1]",False,-1,-1,-1,-1,-1
"06/11/19, 11:07",conf_10,"[False, False, False, False]","[-1, -1, -1, -1]",False,-1,-1,-1,-1,-1
"06/11/19, 11:08",conf_1,"[False, True, True, True]","[10.07, 1.65, 2.87, 4.28]",True,4.72,0.108,0.286,0.046,50
"06/11/19, 11:08",conf_0,"[False, True, True, True]","[10.07, 2.86, 2.88, 4.68]",True,5.12,0.048,0.166,0.05,50
